;FLAVOR:Marlin
;TIME:1142
;Filament used: 0.752991m
;Layer height: 0.15
;MINX:84.193
;MINY:94.8
;MINZ:0.3
;MAXX:130.8
;MAXY:125.2
;MAXZ:12.75
;Generated with Cura_SteamEngine master
M140 S100
M105
M190 S100
M104 S250
M105
M109 S250
M82 ;absolute extrusion mode
G90
M82
M106 S0
M140 S110
M190 S110
M109 S100; FAZ AQUECIMENTO DO BICO
G28; HOME GERAL
M400
G29 V4 T ; AUTO NIVELAMENTO
M400
M104 S245; FAZ PRE AQUECIMENTO DO BICO
G1 X1 Y1 Z0.8 F1000; VAI PRA PONTO DE PURGA
M109 S245; FAZ AQUECIMENTO DO BICO
G92 E0; RESETA EXTRUSOR
G1 X1.0 E9.0 F1000.0 ; PURGA
G1 X100.0 E12.5 F1000.0 ; PURGA
M117 IMPRIMINDO...
M400
G92 E0
G92 E0
G1 F3900 E-3.5
;LAYER_COUNT:84
;LAYER:0
M107
G1 F600 Z0.5
G0 F12000 X89.163 Y96.122 Z0.5
;TYPE:SKIRT
G1 F600 Z0.3
G1 F3900 E0
G1 F3000 X89.325 Y95.985 E0.01376
G1 X89.986 Y95.525 E0.06599
G1 X90.473 Y95.279 E0.10138
G1 X90.68 Y95.19 E0.11599
G1 X91.214 Y95.001 E0.15273
G1 X91.246 Y94.992 E0.15489
G1 X92.103 Y94.842 E0.21131
G1 X92.656 Y94.809 E0.24724
G1 X93.283 Y94.801 E0.28791
G1 X103.957 Y94.801 E0.9802
G1 X104.595 Y94.811 E1.02158
G1 X107.366 Y94.899 E1.20139
G1 X110.052 Y94.908 E1.3756
G1 X112.955 Y94.834 E1.56394
G1 X113.587 Y94.81 E1.60496
G1 X114.283 Y94.801 E1.65011
G1 X124.947 Y94.8 E2.34174
G1 X125.469 Y94.807 E2.3756
G1 X126.228 Y94.859 E2.42494
G1 X126.444 Y94.889 E2.43909
G1 X127.017 Y95.009 E2.47706
G1 X127.579 Y95.21 E2.51577
G1 X127.782 Y95.299 E2.53014
G1 X128.301 Y95.57 E2.56812
G1 X128.712 Y95.856 E2.60059
G1 X128.894 Y95.999 E2.6156
G1 X129.329 Y96.392 E2.65363
G1 X129.665 Y96.784 E2.68711
G1 X129.793 Y96.953 E2.70086
G1 X130.114 Y97.443 E2.73885
G1 X130.38 Y98.01 E2.77947
G1 X130.485 Y98.284 E2.7985
G1 X130.657 Y98.845 E2.83656
G1 X130.759 Y99.511 E2.88026
G1 X130.791 Y100.052 E2.91541
G1 X130.799 Y100.682 E2.95627
G1 X130.8 Y119.351 E4.16709
G1 X130.792 Y119.885 E4.20173
G1 X130.745 Y120.622 E4.24963
G1 X130.728 Y120.75 E4.258
G1 X130.611 Y121.325 E4.29606
G1 X130.447 Y121.821 E4.32994
G1 X130.215 Y122.359 E4.36794
G1 X129.932 Y122.841 E4.40419
G1 X129.59 Y123.317 E4.44221
G1 X129.215 Y123.714 E4.47762
G1 X129.062 Y123.857 E4.49121
G1 X128.526 Y124.284 E4.53565
G1 X128.471 Y124.321 E4.53995
G1 X127.769 Y124.704 E4.59182
G1 X127.058 Y124.979 E4.64126
G1 X126.466 Y125.114 E4.68064
G1 X125.765 Y125.18 E4.72631
G1 X125.505 Y125.192 E4.74319
G1 X124.916 Y125.199 E4.78139
G1 X114.247 Y125.2 E5.47335
G1 X113.632 Y125.19 E5.51325
G1 X110.881 Y125.102 E5.69176
G1 X108.195 Y125.091 E5.86597
G1 X105.256 Y125.166 E6.05665
G1 X104.613 Y125.191 E6.09838
G1 X103.916 Y125.199 E6.14359
G1 X93.251 Y125.2 E6.83529
G1 X92.746 Y125.193 E6.86805
G1 X92.328 Y125.175 E6.89518
G1 X91.703 Y125.099 E6.93602
G1 X91.454 Y125.05 E6.95248
G1 X90.888 Y124.898 E6.99049
G1 X90.235 Y124.612 E7.03672
G1 X90.032 Y124.502 E7.0517
G1 X89.537 Y124.188 E7.08972
G1 X89.095 Y123.815 E7.12723
G1 X88.605 Y123.313 E7.17272
G1 X86.876 Y121.278 E7.34591
G1 X85.916 Y120.214 E7.43886
G1 X85.274 Y119.484 E7.50191
G1 X84.918 Y119.018 E7.53994
G1 X84.628 Y118.509 E7.57794
G1 X84.411 Y117.964 E7.61598
G1 X84.269 Y117.395 E7.65402
G1 X84.203 Y116.706 E7.69891
G1 X84.193 Y116.014 E7.7438
G1 X84.193 Y114.044 E7.87157
G1 X84.203 Y113.337 E7.91742
G1 X84.236 Y112.534 E7.96955
G1 X84.311 Y109.842 E8.14421
G1 X84.311 Y107.114 E8.32114
G1 X84.275 Y105.519 E8.42462
G1 X84.26 Y105.009 E8.45771
G1 X84.25 Y104.092 E8.51719
G1 X84.252 Y103.356 E8.56492
G1 X84.294 Y102.772 E8.6029
G1 X84.414 Y102.198 E8.64093
G1 X84.612 Y101.646 E8.67896
G1 X84.883 Y101.126 E8.71699
G1 X85.29 Y100.566 E8.76189
G1 X85.648 Y100.151 E8.79744
G1 X86.79 Y98.859 E8.90928
G1 X87.732 Y97.721 E9.00509
G1 X88.658 Y96.627 E9.09805
G1 X89.163 Y96.122 E9.14437
G0 F12000 X89.499 Y96.519
G1 F3000 X89.661 Y96.382 E9.15813
G1 X90.242 Y95.977 E9.20406
G1 X90.885 Y95.667 E9.25036
G1 X91.387 Y95.492 E9.28484
G1 X92.14 Y95.361 E9.33441
G1 X92.664 Y95.329 E9.36846
G1 X93.283 Y95.321 E9.40861
G1 X103.949 Y95.32 E10.10038
G1 X104.578 Y95.331 E10.14118
G1 X107.347 Y95.419 E10.32086
G1 X110.064 Y95.428 E10.49708
G1 X112.989 Y95.353 E10.68685
G1 X113.594 Y95.33 E10.72611
G1 X114.283 Y95.321 E10.77081
G1 X124.94 Y95.32 E11.46199
G1 X125.462 Y95.327 E11.49585
G1 X126.156 Y95.374 E11.54096
G1 X126.372 Y95.404 E11.55511
G1 X126.909 Y95.519 E11.59072
G1 X127.573 Y95.775 E11.63688
G1 X128.059 Y96.032 E11.67253
G1 X128.572 Y96.408 E11.71379
G1 X128.979 Y96.778 E11.74946
G1 X129.378 Y97.267 E11.79039
G1 X129.677 Y97.728 E11.82603
G1 X129.895 Y98.196 E11.85952
G1 X130 Y98.47 E11.87855
G1 X130.159 Y98.996 E11.91419
G1 X130.24 Y99.549 E11.95044
G1 X130.271 Y100.059 E11.98357
G1 X130.279 Y100.682 E12.02398
G1 X130.28 Y119.344 E13.23435
G1 X130.269 Y119.982 E13.27573
G1 X130.229 Y120.554 E13.31292
G1 X130.212 Y120.682 E13.3213
G1 X130.03 Y121.441 E13.37192
G1 X129.957 Y121.648 E13.38616
G1 X129.603 Y122.385 E13.43918
G1 X129.49 Y122.567 E13.45308
G1 X129.167 Y123.011 E13.48869
G1 X128.707 Y123.478 E13.5312
G1 X128.236 Y123.852 E13.57021
G1 X128.181 Y123.889 E13.57451
G1 X127.563 Y124.226 E13.62016
G1 X126.908 Y124.481 E13.66575
G1 X126.888 Y124.487 E13.6671
G1 X126.08 Y124.636 E13.72039
G1 X125.499 Y124.672 E13.75815
G1 X124.916 Y124.679 E13.79596
G1 X114.255 Y124.68 E14.4874
G1 X113.649 Y124.67 E14.52671
G1 X110.9 Y124.582 E14.7051
G1 X108.184 Y124.571 E14.88125
G1 X105.267 Y124.645 E15.0705
G1 X104.607 Y124.671 E15.11334
G1 X103.916 Y124.679 E15.15816
G1 X93.259 Y124.68 E15.84934
G1 X92.754 Y124.673 E15.8821
G1 X92.353 Y124.656 E15.90813
G1 X91.803 Y124.589 E15.94407
G1 X91.554 Y124.54 E15.96052
G1 X91.024 Y124.395 E15.99616
G1 X90.483 Y124.154 E16.03457
G1 X90.28 Y124.044 E16.04955
G1 X89.817 Y123.748 E16.08519
G1 X89.257 Y123.249 E16.13384
G1 X89.001 Y122.976 E16.15811
G1 X87.259 Y120.925 E16.33264
G1 X86.307 Y119.87 E16.4248
G1 X85.665 Y119.14 E16.48785
G1 X85.333 Y118.702 E16.5235
G1 X85.068 Y118.221 E16.55912
G1 X84.875 Y117.706 E16.59479
G1 X84.76 Y117.169 E16.6304
G1 X84.723 Y116.699 E16.66098
G1 X84.713 Y116.007 E16.70587
G1 X84.713 Y114.052 E16.83266
G1 X84.726 Y113.237 E16.88553
G1 X84.755 Y112.556 E16.92974
G1 X84.831 Y109.82 E17.10725
G1 X84.831 Y107.102 E17.28354
G1 X84.795 Y105.507 E17.38701
G1 X84.78 Y105.003 E17.41971
G1 X84.77 Y104.094 E17.47867
G1 X84.772 Y103.358 E17.52641
G1 X84.813 Y102.81 E17.56205
G1 X84.934 Y102.274 E17.59769
G1 X85.131 Y101.761 E17.63333
G1 X85.4 Y101.281 E17.66901
G1 X86.002 Y100.536 E17.73114
G1 X87.198 Y99.182 E17.8483
G1 X88.129 Y98.057 E17.94301
G1 X89.055 Y96.963 E18.03597
G1 X89.499 Y96.519 E18.0767
G0 F12000 X89.835 Y96.916
G1 F3000 X89.997 Y96.779 E18.09046
G1 X90.498 Y96.43 E18.13006
G1 X91.09 Y96.145 E18.17267
G1 X91.527 Y95.993 E18.20268
G1 X92.177 Y95.879 E18.24548
G1 X92.671 Y95.849 E18.27758
G1 X93.283 Y95.841 E18.31727
G1 X103.941 Y95.84 E19.00852
G1 X104.562 Y95.851 E19.04881
G1 X107.33 Y95.939 E19.22842
G1 X110.075 Y95.948 E19.40646
G1 X113.012 Y95.873 E19.597
G1 X113.602 Y95.85 E19.6353
G1 X114.283 Y95.841 E19.67947
G1 X124.933 Y95.84 E20.3702
G1 X125.455 Y95.847 E20.40406
G1 X126.084 Y95.889 E20.44494
G1 X126.3 Y95.919 E20.45909
G1 X126.799 Y96.029 E20.49223
G1 X127.364 Y96.251 E20.5316
G1 X127.814 Y96.492 E20.56471
G1 X128.251 Y96.817 E20.60003
G1 X128.626 Y97.162 E20.63308
G1 X128.964 Y97.581 E20.66799
G1 X129.239 Y98.01 E20.70104
G1 X129.514 Y98.656 E20.74658
G1 X129.659 Y99.146 E20.77972
G1 X129.742 Y99.876 E20.82737
G1 X129.751 Y100.066 E20.83971
G1 X129.759 Y100.682 E20.87966
G1 X129.76 Y119.336 E22.08951
G1 X129.749 Y119.96 E22.12999
G1 X129.714 Y120.485 E22.16411
G1 X129.697 Y120.613 E22.17249
G1 X129.539 Y121.268 E22.21619
G1 X129.466 Y121.475 E22.23043
G1 X129.162 Y122.111 E22.27614
G1 X129.049 Y122.293 E22.29004
G1 X128.746 Y122.704 E22.32316
G1 X128.352 Y123.098 E22.35929
G1 X127.946 Y123.421 E22.39294
G1 X127.891 Y123.458 E22.39724
G1 X127.358 Y123.748 E22.4366
G1 X126.759 Y123.983 E22.47833
G1 X126.739 Y123.989 E22.47968
G1 X126.041 Y124.117 E22.52571
G1 X125.492 Y124.152 E22.56139
G1 X124.916 Y124.159 E22.59875
G1 X114.263 Y124.16 E23.28967
G1 X113.665 Y124.15 E23.32846
G1 X110.918 Y124.062 E23.50672
G1 X108.173 Y124.051 E23.68475
G1 X105.233 Y124.126 E23.87549
G1 X104.6 Y124.151 E23.91658
G1 X103.916 Y124.159 E23.96095
G1 X93.266 Y124.16 E24.65168
G1 X92.761 Y124.153 E24.68443
G1 X91.904 Y124.079 E24.74022
G1 X91.655 Y124.03 E24.75668
G1 X91.163 Y123.892 E24.78982
G1 X90.528 Y123.587 E24.83551
G1 X90.1 Y123.31 E24.86858
G1 X89.618 Y122.875 E24.91069
G1 X89.397 Y122.64 E24.93161
G1 X87.627 Y120.557 E25.10889
G1 X86.697 Y119.527 E25.1989
G1 X86.055 Y118.797 E25.26195
G1 X85.749 Y118.389 E25.29502
G1 X85.511 Y117.937 E25.32816
G1 X85.345 Y117.455 E25.36122
G1 X85.258 Y116.952 E25.39433
G1 X85.243 Y116.691 E25.41128
G1 X85.233 Y115.999 E25.45617
G1 X85.233 Y114.059 E25.58199
G1 X85.243 Y113.352 E25.62785
G1 X85.273 Y112.623 E25.67517
G1 X85.351 Y109.835 E25.85606
G1 X85.351 Y107.091 E26.03403
G1 X85.315 Y105.521 E26.13588
G1 X85.3 Y104.997 E26.16988
G1 X85.29 Y104.095 E26.22839
G1 X85.292 Y103.359 E26.27612
G1 X85.333 Y102.851 E26.30918
G1 X85.454 Y102.355 E26.34229
G1 X85.65 Y101.883 E26.37544
G1 X85.917 Y101.449 E26.40849
G1 X86.396 Y100.875 E26.45697
G1 X87.592 Y99.522 E26.5741
G1 X88.526 Y98.393 E26.66913
G1 X89.452 Y97.299 E26.76209
G1 X89.835 Y96.916 E26.79722
G1 F3900 E23.29722
G1 F600 Z0.5
G0 F12000 X89.33 Y104.134 Z0.5
G1 F600 Z0.3
G1 F3900 E26.79722
G1 F3000 X89.44 Y104.132 E26.80435
G1 X89.44 Y105.675 E26.90443
G1 X89.347 Y105.582 E26.91296
G1 X89.33 Y104.134 E27.00688
G0 F12000 X89.792 Y103.607
G1 F3000 X89.96 Y103.607 E27.01777
G1 X89.96 Y107.056 E27.24147
G1 X89.999 Y107.193 E27.2507
G1 X90.099 Y107.284 E27.25947
G1 X90.099 Y112.673 E27.60899
G1 X90.012 Y112.74 E27.61611
G1 X89.961 Y112.895 E27.62669
G1 X89.961 Y116.408 E27.85454
G1 X88.753 Y116.391 E27.93289
G1 X88.753 Y113.672 E28.10924
G1 X89.052 Y113.636 E28.12877
G1 X89.387 Y113.416 E28.15477
G1 X89.732 Y113.018 E28.18893
G1 X89.801 Y112.841 E28.20125
G1 X89.8 Y106.879 E28.58793
G1 X89.724 Y106.695 E28.60084
G1 X88.83 Y105.801 E28.68284
G1 X88.804 Y103.622 E28.82417
G1 X89.792 Y103.607 E28.88826
G1 F3900 E25.38826
G1 F600 Z0.5
G0 F12000 X89.441 Y114.003 Z0.5
G1 F600 Z0.3
G1 F3900 E28.88826
G1 F3000 X89.441 Y115.881 E29.01006
G1 X89.273 Y115.878 E29.02096
G1 X89.273 Y114.1 E29.13627
G1 X89.441 Y114.003 E29.14886
G1 F3900 E25.64886
G1 F600 Z0.5
G0 F12000 X90.421 Y113.451 Z0.5
;TYPE:SUPPORT-INTERFACE
G1 F600 Z0.3
G1 F3900 E29.14886
G1 F3000 X90.509 Y113.556 E29.15774
G1 X90.61 Y113.574 E29.1644
G1 X90.705 Y113.742 E29.17691
G1 X90.705 Y116.479 E29.35443
G1 X90.421 Y116.475 E29.37285
G1 X90.421 Y113.451 E29.56898
G1 F3900 E26.06898
G1 F600 Z0.5
G0 F12000 X90.42 Y106.356 Z0.5
G1 F600 Z0.3
G1 F3900 E29.56898
G1 F3000 X90.42 Y103.547 E29.75116
G1 X90.705 Y103.547 E29.76965
G1 X90.705 Y106.197 E29.94152
G1 X90.649 Y106.231 E29.94577
G1 X90.449 Y106.313 E29.95979
G1 X90.42 Y106.356 E29.96315
G1 F3900 E26.46315
G1 F600 Z0.5
;MESH:filament_filter_idig3d.stl
G0 F12000 X98.805 Y113.8 Z0.5
;TYPE:WALL-INNER
G1 F600 Z0.3
G1 F3900 E29.96315
G1 F3000 X99.619 Y113.668 E30.01663
G1 X100.383 Y113.363 E30.06999
G1 X101.066 Y112.9 E30.1235
G1 X101.629 Y112.303 E30.17672
G1 X102.055 Y111.599 E30.23009
G1 X102.318 Y110.817 E30.2836
G1 X102.406 Y110 E30.3369
G1 X102.318 Y109.183 E30.39019
G1 X102.055 Y108.401 E30.4437
G1 X101.629 Y107.697 E30.49707
G1 X101.066 Y107.1 E30.55029
G1 X100.383 Y106.637 E30.60381
G1 X99.619 Y106.332 E30.65716
G1 X98.805 Y106.2 E30.71065
G1 X97.984 Y106.244 E30.76397
G1 X97.191 Y106.464 E30.81734
G1 X96.465 Y106.85 E30.87067
G1 X95.836 Y107.382 E30.9241
G1 X95.339 Y108.037 E30.97743
G1 X94.992 Y108.785 E31.03091
G1 X94.816 Y109.59 E31.08435
G1 X94.816 Y110.41 E31.13753
G1 X94.992 Y111.215 E31.19098
G1 X95.339 Y111.963 E31.24446
G1 X95.836 Y112.618 E31.29778
G1 X96.465 Y113.15 E31.35121
G1 X97.191 Y113.536 E31.40454
G1 X97.984 Y113.756 E31.45792
G1 X98.805 Y113.8 E31.51124
G0 F12000 X98.777 Y113.278
G1 F3000 X99.479 Y113.164 E31.55737
G1 X100.138 Y112.901 E31.60339
G1 X100.727 Y112.502 E31.64953
G1 X101.213 Y111.987 E31.69545
G1 X101.58 Y111.379 E31.74151
G1 X101.807 Y110.705 E31.78764
G1 X101.883 Y110 E31.83363
G1 X101.807 Y109.295 E31.87962
G1 X101.58 Y108.621 E31.92574
G1 X101.213 Y108.013 E31.9718
G1 X100.727 Y107.498 E32.01773
G1 X100.138 Y107.099 E32.06387
G1 X99.479 Y106.836 E32.10989
G1 X98.777 Y106.722 E32.15602
G1 X98.069 Y106.76 E32.202
G1 X97.385 Y106.95 E32.24804
G1 X96.758 Y107.283 E32.29409
G1 X96.216 Y107.742 E32.34015
G1 X95.787 Y108.307 E32.38616
G1 X95.488 Y108.952 E32.43227
G1 X95.336 Y109.646 E32.47835
G1 X95.336 Y110.354 E32.52427
G1 X95.488 Y111.048 E32.57035
G1 X95.787 Y111.693 E32.61646
G1 X96.216 Y112.258 E32.66247
G1 X96.758 Y112.717 E32.70853
G1 X97.385 Y113.05 E32.75458
G1 X98.069 Y113.24 E32.80062
G1 X98.777 Y113.278 E32.8466
G0 F12000 X98.749 Y112.756
;TYPE:WALL-OUTER
G1 F3000 X99.339 Y112.66 E32.88537
G1 X99.893 Y112.439 E32.92406
G1 X100.388 Y112.103 E32.96286
G1 X100.797 Y111.671 E33.00144
G1 X101.105 Y111.159 E33.04019
G1 X101.296 Y110.593 E33.07894
G1 X101.36 Y110 E33.11762
G1 X101.296 Y109.407 E33.15631
G1 X101.105 Y108.841 E33.19505
G1 X100.797 Y108.329 E33.2338
G1 X100.388 Y107.897 E33.27238
G1 X99.893 Y107.561 E33.31119
G1 X99.339 Y107.34 E33.34987
G1 X98.749 Y107.244 E33.38864
G1 X98.154 Y107.276 E33.42729
G1 X97.579 Y107.436 E33.466
G1 X97.051 Y107.716 E33.50476
G1 X96.596 Y108.102 E33.54346
G1 X96.235 Y108.577 E33.58215
G1 X95.984 Y109.119 E33.62089
G1 X95.856 Y109.702 E33.6596
G1 X95.856 Y110.298 E33.69826
G1 X95.984 Y110.881 E33.73697
G1 X96.235 Y111.423 E33.77571
G1 X96.596 Y111.898 E33.8144
G1 X97.051 Y112.284 E33.8531
G1 X97.579 Y112.564 E33.89186
G1 X98.154 Y112.724 E33.93057
G1 X98.749 Y112.756 E33.96922
G0 F12000 X98.779 Y113.327
G1 F3900 E30.46922
G0 F12000 X98.782 Y113.377
G0 X104.2 Y119.599
;TYPE:WALL-INNER
G1 F3900 E33.96922
G1 F3000 X93.001 Y119.6 E34.69556
G1 X93 Y100.401 E35.94075
G1 X104.199 Y100.4 E36.66709
G1 X104.2 Y119.599 E37.91228
G0 F12000 X104.546 Y120.119
G1 F3000 X92.657 Y120.12 E38.68337
G1 X92.512 Y120.056 E38.69365
G1 X92.481 Y119.959 E38.70025
G1 X92.48 Y100.056 E39.99111
G1 X92.524 Y99.924 E40.00013
G1 X92.654 Y99.881 E40.00901
G1 X104.543 Y99.88 E40.7801
G1 X104.676 Y99.924 E40.78919
G1 X104.719 Y100.054 E40.79807
G1 X104.72 Y119.946 E42.08821
G1 X104.673 Y120.079 E42.09736
G1 X104.546 Y120.119 E42.10599
G0 F12000 X104.586 Y120.639
;TYPE:WALL-OUTER
G1 F3000 X92.601 Y120.64 E42.88331
G1 X92.334 Y120.58 E42.90106
G1 X92.09 Y120.385 E42.92131
G1 X91.977 Y120.137 E42.93899
G1 X91.961 Y119.986 E42.94884
G1 X91.96 Y100 E44.24507
G1 X92.02 Y99.734 E44.26276
G1 X92.164 Y99.534 E44.27874
G1 X92.394 Y99.395 E44.29617
G1 X92.614 Y99.361 E44.31061
G1 X104.599 Y99.36 E45.08793
G1 X104.866 Y99.42 E45.10567
G1 X105.067 Y99.564 E45.12171
G1 X105.205 Y99.794 E45.13911
G1 X105.239 Y100.014 E45.15355
G1 X105.24 Y120 E46.44978
G1 X105.187 Y120.253 E46.46655
G1 X105.035 Y120.468 E46.48362
G1 X104.806 Y120.605 E46.50093
G1 X104.586 Y120.639 E46.51537
G0 F12000 X104.543 Y120.069
G1 F3900 E43.01537
G0 F12000 X104.528 Y120.02
G0 X103.69 Y119.089
;TYPE:SKIN
G1 F3900 E46.51537
G1 F3000 X93.511 Y119.09 E47.17555
G1 X93.51 Y100.911 E48.35459
G1 X103.689 Y100.91 E49.01477
G1 X103.69 Y119.089 E50.19381
G1 F3900 E46.69381
G0 F12000 X100.624 Y113.816
G1 F3900 E50.19381
G1 F3000 X101.399 Y113.29 E50.25456
G1 X102.037 Y112.613 E50.3149
G1 X102.52 Y111.815 E50.37539
G1 X102.819 Y110.927 E50.43617
G1 X102.919 Y110 E50.49664
G1 X102.819 Y109.073 E50.55711
G1 X102.52 Y108.185 E50.61788
G1 X102.037 Y107.387 E50.67838
G1 X101.399 Y106.71 E50.73871
G1 X100.624 Y106.184 E50.79946
G1 X99.756 Y105.838 E50.86006
G1 X98.832 Y105.688 E50.92078
G1 X97.901 Y105.738 E50.98124
G1 X97.001 Y105.987 E51.04181
G1 X96.177 Y106.426 E51.10236
G1 X95.464 Y107.029 E51.16293
G1 X94.9 Y107.772 E51.22343
G1 X94.506 Y108.622 E51.28419
G1 X94.306 Y109.535 E51.34481
G1 X94.306 Y110.465 E51.40512
G1 X94.506 Y111.378 E51.46574
G1 X94.9 Y112.228 E51.52651
G1 X95.464 Y112.971 E51.58701
G1 X96.177 Y113.574 E51.64757
G1 X97.001 Y114.013 E51.70812
G1 X97.901 Y114.262 E51.76869
G1 X98.832 Y114.312 E51.82916
G1 X99.756 Y114.162 E51.88987
G1 X100.624 Y113.816 E51.95047
G1 F3900 E48.45047
G0 F12000 X94.014 Y118.585
G1 F3900 E51.95047
G1 F3000 X94.316 Y118.584 E51.97006
G1 X94.014 Y118.282 E51.99776
G0 F12000 X94.316 Y118.584
G1 F3000 X95.052 Y118.584 E52.0455
G1 X94.014 Y117.547 E52.14066
G1 X94.014 Y116.811 E52.18839
G1 X95.787 Y118.584 E52.35102
G1 X96.522 Y118.584 E52.39869
G1 X94.014 Y116.076 E52.62872
G1 X94.014 Y115.341 E52.67639
G1 X97.258 Y118.584 E52.9739
G1 X97.993 Y118.584 E53.02157
G1 X94.014 Y114.605 E53.38653
G1 X94.014 Y113.87 E53.4342
G1 X98.728 Y118.583 E53.86653
G1 X99.463 Y118.583 E53.9142
G1 X94.014 Y113.134 E54.41399
G1 X94.014 Y112.399 E54.46166
G1 X100.199 Y118.583 E55.02892
G1 X100.934 Y118.583 E55.07659
G1 X96.842 Y114.491 E55.45191
G1 X97.819 Y114.761 E55.51765
G1 X97.849 Y114.763 E55.5196
G1 X101.669 Y118.583 E55.86998
G1 X102.405 Y118.583 E55.91772
G1 X98.626 Y114.805 E56.26429
G1 X98.859 Y114.817 E56.27942
G1 X99.302 Y114.745 E56.30853
G1 X103.14 Y118.583 E56.66056
G1 X103.185 Y118.583 E56.66348
G1 X103.185 Y117.893 E56.70823
G1 X99.928 Y114.636 E57.00697
G1 X100.454 Y114.426 E57.0437
G1 X103.185 Y117.158 E57.29424
G1 X103.185 Y116.423 E57.34191
G1 X100.96 Y114.197 E57.54604
G1 X101.398 Y113.9 E57.58036
G1 X103.185 Y115.687 E57.74427
G1 X103.185 Y114.952 E57.79194
G1 X101.815 Y113.581 E57.91764
G1 X102.171 Y113.202 E57.95137
G1 X103.185 Y114.216 E58.04437
G1 X103.185 Y113.481 E58.09204
G1 X102.508 Y112.804 E58.15414
G1 X102.785 Y112.345 E58.18891
G1 X103.185 Y112.746 E58.22564
G1 X103.185 Y112.01 E58.27338
G1 X103.036 Y111.86 E58.28709
G1 X103.185 Y111.416 E58.31747
G1 F3900 E54.81747
G0 F12000 X103.184 Y108.581
G1 F3900 E58.31747
G1 F3000 X103.184 Y108.332 E58.33362
G1 X103.058 Y108.206 E58.34517
G1 X102.98 Y107.97 E58.36129
G1 X102.439 Y107.08 E58.42884
G1 X101.727 Y106.322 E58.49629
G1 X100.861 Y105.735 E58.56415
G0 F12000 X100.405 Y105.553
G1 F3000 X96.266 Y101.414 E58.94378
G1 X95.531 Y101.414 E58.99145
G1 X99.382 Y105.265 E59.34467
G1 X98.858 Y105.181 E59.37909
G1 X98.577 Y105.196 E59.39734
G1 X94.796 Y101.414 E59.74419
G1 X94.06 Y101.414 E59.79193
G1 X97.879 Y105.233 E60.14221
G1 X97.818 Y105.237 E60.14618
G1 X97.292 Y105.382 E60.18157
G1 X94.014 Y102.103 E60.48228
G1 X94.014 Y102.838 E60.52995
G1 X96.732 Y105.557 E60.77929
G1 X96.253 Y105.813 E60.81452
G1 X94.014 Y103.574 E61.01988
G1 X94.014 Y104.309 E61.06755
G1 X95.793 Y106.089 E61.23077
G1 X95.395 Y106.425 E61.26455
G1 X94.014 Y105.044 E61.39122
G1 X94.014 Y105.78 E61.43896
G1 X95.017 Y106.783 E61.53095
G1 X94.699 Y107.201 E61.56502
G1 X94.014 Y106.515 E61.62789
G1 X94.014 Y107.251 E61.67563
G1 X94.405 Y107.642 E61.71149
G1 X94.172 Y108.144 E61.74739
G1 X94.014 Y107.986 E61.76188
G1 X94.172 Y108.144
G1 X94.025 Y108.46 E61.78448
G1 X94.014 Y108.508 E61.78768
G1 F3900 E58.28768
G0 F12000 X94.024 Y111.538
G1 F3900 E61.78768
G1 F3000 X94.014 Y111.49 E61.79086
G1 X94.014 Y111.664 E61.80214
G1 X94.142 Y111.792 E61.81388
G1 X94.465 Y112.488 E61.86365
G1 X95.095 Y113.319 E61.93128
G1 X95.892 Y113.992 E61.99894
G1 X96.812 Y114.483 E62.06657
G1 F3900 E58.56657
G0 F12000 X100.156 Y112.936
G0 X101.244 Y112.011
G0 X103.184 Y108.332
G1 F3900 E62.06657
G1 F3000 X103.184 Y107.596 E62.11431
G1 X97.002 Y101.414 E62.68133
G1 X97.737 Y101.414 E62.729
G1 X103.184 Y106.861 E63.22861
G1 X103.184 Y106.126 E63.27628
G1 X98.473 Y101.414 E63.70843
G1 X99.208 Y101.414 E63.7561
G1 X103.184 Y105.39 E64.12079
G1 X103.184 Y104.655 E64.16846
G1 X99.943 Y101.414 E64.46573
G1 X100.679 Y101.414 E64.51346
G1 X103.184 Y103.919 E64.74323
G1 X103.184 Y103.184 E64.7909
G1 X101.414 Y101.414 E64.95324
G1 X102.15 Y101.414 E65.00098
G1 X103.184 Y102.449 E65.09587
G1 X103.184 Y101.713 E65.1436
G1 X102.885 Y101.414 E65.17103
G1 X103.184 Y101.413 E65.19042
G1 F3900 E61.69042
G1 F600 Z0.5
G0 F12000 X103.184 Y101.413 Z0.5
G0 X118.984 Y113.756
;TYPE:WALL-INNER
G1 F600 Z0.3
G1 F3900 E65.19042
G1 F3000 X119.805 Y113.8 E65.24374
G1 X120.619 Y113.668 E65.29723
G1 X121.383 Y113.363 E65.35058
G1 X122.066 Y112.9 E65.4041
G1 X122.629 Y112.303 E65.45732
G1 X123.055 Y111.599 E65.51069
G1 X123.318 Y110.817 E65.5642
G1 X123.406 Y110 E65.61749
G1 X123.318 Y109.183 E65.67078
G1 X123.055 Y108.401 E65.72429
G1 X122.629 Y107.697 E65.77766
G1 X122.066 Y107.1 E65.83088
G1 X121.383 Y106.637 E65.8844
G1 X120.619 Y106.332 E65.93775
G1 X119.805 Y106.2 E65.99124
G1 X118.984 Y106.244 E66.04456
G1 X118.191 Y106.464 E66.09794
G1 X117.465 Y106.85 E66.15126
G1 X116.836 Y107.382 E66.20469
G1 X116.339 Y108.037 E66.25802
G1 X115.992 Y108.785 E66.3115
G1 X115.816 Y109.59 E66.36494
G1 X115.816 Y110.41 E66.41813
G1 X115.992 Y111.215 E66.47157
G1 X116.339 Y111.963 E66.52505
G1 X116.836 Y112.618 E66.57838
G1 X117.465 Y113.15 E66.63181
G1 X118.191 Y113.536 E66.68513
G1 X118.984 Y113.756 E66.73851
G0 F12000 X119.069 Y113.24
G1 F3000 X119.777 Y113.278 E66.78449
G1 X120.479 Y113.164 E66.83062
G1 X121.138 Y112.901 E66.87664
G1 X121.727 Y112.502 E66.92278
G1 X122.213 Y111.987 E66.96871
G1 X122.58 Y111.379 E67.01477
G1 X122.807 Y110.705 E67.06089
G1 X122.883 Y110 E67.10688
G1 X122.807 Y109.295 E67.15287
G1 X122.58 Y108.621 E67.199
G1 X122.213 Y108.013 E67.24506
G1 X121.727 Y107.498 E67.29098
G1 X121.138 Y107.099 E67.33712
G1 X120.479 Y106.836 E67.38314
G1 X119.777 Y106.722 E67.42927
G1 X119.069 Y106.76 E67.47525
G1 X118.385 Y106.95 E67.5213
G1 X117.758 Y107.283 E67.56734
G1 X117.216 Y107.742 E67.61341
G1 X116.787 Y108.307 E67.65942
G1 X116.488 Y108.952 E67.70553
G1 X116.336 Y109.646 E67.7516
G1 X116.336 Y110.354 E67.79752
G1 X116.488 Y111.048 E67.8436
G1 X116.787 Y111.693 E67.88971
G1 X117.216 Y112.258 E67.93572
G1 X117.758 Y112.717 E67.98178
G1 X118.385 Y113.05 E68.02783
G1 X119.069 Y113.24 E68.07387
G0 F12000 X119.154 Y112.724
;TYPE:WALL-OUTER
G1 F3000 X119.749 Y112.756 E68.11252
G1 X120.339 Y112.66 E68.15129
G1 X120.893 Y112.439 E68.18997
G1 X121.388 Y112.103 E68.22877
G1 X121.797 Y111.671 E68.26736
G1 X122.105 Y111.159 E68.30611
G1 X122.296 Y110.593 E68.34485
G1 X122.36 Y110 E68.38354
G1 X122.296 Y109.407 E68.42222
G1 X122.105 Y108.841 E68.46096
G1 X121.797 Y108.329 E68.49971
G1 X121.388 Y107.897 E68.5383
G1 X120.893 Y107.561 E68.5771
G1 X120.339 Y107.34 E68.61578
G1 X119.749 Y107.244 E68.65455
G1 X119.154 Y107.276 E68.6932
G1 X118.579 Y107.436 E68.73191
G1 X118.051 Y107.716 E68.77067
G1 X117.596 Y108.102 E68.80937
G1 X117.235 Y108.577 E68.84806
G1 X116.984 Y109.119 E68.8868
G1 X116.856 Y109.702 E68.92552
G1 X116.856 Y110.298 E68.96417
G1 X116.984 Y110.881 E69.00288
G1 X117.235 Y111.423 E69.04162
G1 X117.596 Y111.898 E69.08032
G1 X118.051 Y112.284 E69.11902
G1 X118.579 Y112.564 E69.15778
G1 X119.154 Y112.724 E69.19649
G0 F12000 X119.062 Y113.288
G1 F3900 E65.69649
G0 F12000 X119.053 Y113.338
G0 X114.001 Y119.6
;TYPE:WALL-INNER
G1 F3900 E69.19649
G1 F3000 X113.995 Y101.374 E70.37858
G1 X113.997 Y100.401 E70.44168
G1 X125.199 Y100.4 E71.16821
G1 X125.2 Y119.599 E72.41341
G1 X114.001 Y119.6 E73.13974
G0 F12000 X113.655 Y120.12
G1 F3000 X113.515 Y120.066 E73.14948
G1 X113.481 Y119.967 E73.15626
G1 X113.475 Y101.374 E74.36216
G1 X113.477 Y100.087 E74.44563
G1 X113.524 Y99.922 E74.45675
G1 X113.654 Y99.881 E74.4656
G1 X125.543 Y99.88 E75.23668
G1 X125.677 Y99.924 E75.24583
G1 X125.719 Y100.054 E75.25469
G1 X125.72 Y119.945 E76.54477
G1 X125.672 Y120.08 E76.55406
G1 X125.546 Y120.119 E76.56261
G1 X113.655 Y120.12 E77.33383
G0 F12000 X113.601 Y120.64
;TYPE:WALL-OUTER
G1 F3000 X113.346 Y120.585 E77.35075
G1 X113.121 Y120.423 E77.36873
G1 X112.995 Y120.206 E77.38501
G1 X112.961 Y120.009 E77.39797
G1 X112.955 Y101.374 E78.60659
G1 X112.957 Y100.033 E78.69356
G1 X113.019 Y99.735 E78.7133
G1 X113.163 Y99.533 E78.72939
G1 X113.392 Y99.395 E78.74673
G1 X113.614 Y99.361 E78.7613
G1 X125.599 Y99.36 E79.53861
G1 X125.866 Y99.42 E79.55636
G1 X126.068 Y99.565 E79.57249
G1 X126.205 Y99.794 E79.5898
G1 X126.239 Y100.014 E79.60424
G1 X126.24 Y120 E80.90047
G1 X126.188 Y120.25 E80.91703
G1 X126.035 Y120.468 E80.93431
G1 X125.806 Y120.605 E80.95161
G1 X125.586 Y120.639 E80.96605
G1 X113.601 Y120.64 E81.74337
G0 F12000 X113.661 Y120.072
G1 F3900 E78.24337
G0 F12000 X113.681 Y120.023
G0 X114.511 Y119.09
;TYPE:SKIN
G1 F3900 E81.74337
G1 F3000 X114.506 Y100.911 E82.92241
G1 X124.689 Y100.91 E83.58285
G1 X124.69 Y119.089 E84.76189
G1 X114.511 Y119.09 E85.42207
G1 F3900 E81.92207
G0 F12000 X117.177 Y113.574
G1 F3900 E85.42207
G1 F3000 X118.001 Y114.013 E85.48262
G1 X118.901 Y114.262 E85.54319
G1 X119.832 Y114.312 E85.60366
G1 X120.756 Y114.162 E85.66437
G1 X121.624 Y113.816 E85.72497
G1 X122.399 Y113.29 E85.78572
G1 X123.037 Y112.613 E85.84606
G1 X123.52 Y111.815 E85.90655
G1 X123.819 Y110.927 E85.96733
G1 X123.919 Y110 E86.0278
G1 X123.819 Y109.073 E86.08827
G1 X123.52 Y108.185 E86.14904
G1 X123.037 Y107.387 E86.20954
G1 X122.399 Y106.71 E86.26987
G1 X121.624 Y106.184 E86.33062
G1 X120.756 Y105.838 E86.39122
G1 X119.832 Y105.688 E86.45193
G1 X118.901 Y105.738 E86.5124
G1 X118.001 Y105.987 E86.57297
G1 X117.177 Y106.426 E86.63352
G1 X116.464 Y107.029 E86.69409
G1 X115.9 Y107.772 E86.75459
G1 X115.506 Y108.622 E86.81535
G1 X115.306 Y109.535 E86.87597
G1 X115.306 Y110.465 E86.93628
G1 X115.506 Y111.378 E86.9969
G1 X115.9 Y112.228 E87.05767
G1 X116.464 Y112.971 E87.11817
G1 X117.177 Y113.574 E87.17873
G1 F3900 E83.67873
G0 F12000 X115.014 Y118.585
G1 F3900 E87.17873
G1 F3000 X115.643 Y118.585 E87.21953
G1 X115.013 Y117.955 E87.27731
G1 X115.013 Y117.219 E87.32505
G1 X116.379 Y118.585 E87.45034
G1 X117.114 Y118.585 E87.49801
G1 X115.013 Y116.484 E87.69072
G1 X115.013 Y115.748 E87.73845
G1 X117.849 Y118.585 E87.99862
G1 X118.585 Y118.585 E88.04636
G1 X115.013 Y115.013 E88.37399
G1 X115.013 Y114.277 E88.42172
G1 X119.32 Y118.585 E88.81681
G1 X120.056 Y118.585 E88.86455
M104 S230
G1 X115.012 Y113.541 E89.32719
G1 X115.012 Y112.806 E89.37486
G1 X120.791 Y118.585 E89.90493
G1 X121.526 Y118.585 E89.9526
G1 X116.985 Y114.043 E90.36915
G1 X117.811 Y114.484 E90.42988
G1 X118.294 Y114.617 E90.46237
G1 X122.262 Y118.585 E90.82633
G1 X122.997 Y118.585 E90.874
G1 X119.194 Y114.782 E91.22282
G1 X119.858 Y114.817 E91.26594
G1 X119.95 Y114.803 E91.27198
G1 X123.733 Y118.585 E91.61891
G1 X124.185 Y118.585 E91.64823
G1 X124.185 Y118.302 E91.66658
G1 X120.584 Y114.701 E91.99688
G1 X120.89 Y114.651 E92.01698
G1 X121.162 Y114.543 E92.03597
G1 X124.185 Y117.567 E92.31329
G1 X124.185 Y116.831 E92.36102
G1 X121.688 Y114.334 E92.59005
G1 X121.861 Y114.264 E92.60216
G1 X122.154 Y114.065 E92.62513
G1 X124.185 Y116.096 E92.81142
G1 X124.185 Y115.36 E92.85915
G1 X122.592 Y113.767 E93.00526
G1 X122.726 Y113.675 E93.01581
G1 X122.973 Y113.413 E93.03916
G1 X124.185 Y114.625 E93.15033
G1 X124.185 Y113.89 E93.198
G1 X123.33 Y113.034 E93.27646
G1 X123.439 Y112.919 E93.28674
G1 X123.631 Y112.601 E93.31083
G1 X124.185 Y113.154 E93.3616
G1 X124.185 Y112.419 E93.40927
G1 X123.909 Y112.142 E93.43463
G1 X123.979 Y112.027 E93.44336
G1 X124.117 Y111.616 E93.47148
G1 X124.185 Y111.416 E93.48518
G1 F3900 E89.98518
G0 F12000 X123.979 Y107.971
G1 F3900 E93.48518
G1 F3000 X124.184 Y108.582 E93.52698
G1 X124.184 Y108.005 E93.56441
G1 X123.715 Y107.536 E93.60742
G1 X123.438 Y107.08 E93.64203
G1 X122.727 Y106.324 E93.70934
G1 F3900 E90.20934
G0 F12000 X119.063 Y106.721
G0 X115.01 Y108.519
G1 F3900 E93.70934
G1 F3000 X115.024 Y108.46 E93.71327
G1 X115.042 Y108.423 E93.71594
G1 X115.274 Y107.92 E93.75186
G1 X115.01 Y107.656 E93.77608
G1 X115.01 Y106.92 E93.82381
G1 X115.523 Y107.434 E93.87091
G1 X115.841 Y107.016 E93.90498
G1 X115.01 Y106.185 E93.9812
G1 X115.01 Y105.45 E94.02887
G1 X116.173 Y106.613 E94.13554
G1 X116.572 Y106.276 E94.16941
G1 X115.009 Y104.714 E94.31273
G1 X115.009 Y103.978 E94.36046
G1 X116.986 Y105.955 E94.5418
G1 X117.465 Y105.699 E94.57702
G1 X115.009 Y103.243 E94.80229
G1 X115.009 Y102.507 E94.85003
G1 X117.972 Y105.471 E95.12185
G1 X118.549 Y105.312 E95.16066
G1 X115.009 Y101.772 E95.48536
G1 X115.009 Y101.414 E95.50858
G1 X115.387 Y101.414 E95.53309
G1 X119.189 Y105.217 E95.88187
G1 X119.858 Y105.182 E95.92532
G1 X119.895 Y105.187 E95.92774
G1 X116.122 Y101.414 E96.27381
G1 X116.857 Y101.414 E96.32148
G1 X120.773 Y105.329 E96.68061
G1 X120.889 Y105.349 E96.68825
G1 X121.861 Y105.736 E96.7561
G1 X122.028 Y105.849 E96.76918
G1 X117.593 Y101.414 E97.17597
G1 X118.328 Y101.414 E97.22364
G1 X124.184 Y107.27 E97.76076
G1 X124.184 Y106.534 E97.8085
G1 X119.064 Y101.414 E98.27811
G1 X119.799 Y101.414 E98.32578
G1 X124.184 Y105.799 E98.72798
G1 X124.184 Y105.064 E98.77565
G1 X120.534 Y101.414 E99.11044
G1 X121.27 Y101.414 E99.15817
G1 X124.184 Y104.328 E99.42545
G1 X124.184 Y103.593 E99.47312
G1 X122.005 Y101.414 E99.67298
G1 X122.741 Y101.414 E99.72072
G1 X124.184 Y102.857 E99.85307
G1 X124.184 Y102.122 E99.90074
G1 X123.476 Y101.414 E99.96568
G1 X124.184 Y101.413 E100.0116
G1 F3900 E96.5116
G0 F12000 X117.187 Y107.715
G0 X116.51 Y108.815
G0 X115.465 Y112.49
G1 F3900 E100.0116
G1 F3000 X115.023 Y111.539 E100.07962
G1 X115.012 Y111.483 E100.08332
G1 X115.012 Y112.07 E100.12139
G1 X115.572 Y112.63 E100.17276
G1 X116.094 Y113.32 E100.22887
G1 X116.891 Y113.993 E100.29653
G1 F3900 E96.79653
G1 F600 Z0.5
;MESH:NONMESH
G0 F12000 X116.891 Y113.993 Z0.5
G0 X89.879 Y103.616
;TIME_ELAPSED:41.617052
;LAYER:1
M106 S76.5
G0 X89.879 Y103.616 Z0.65
;TYPE:SUPPORT
G1 F600 Z0.45
G1 F3900 E100.29653
G1 F4500 X89.792 Y103.616 E100.2987
G1 X88.813 Y103.631 E100.32312
G1 X88.839 Y105.798 E100.37718
G1 X89.74 Y106.699 E100.40896
G1 X89.741 Y112.942 E100.5647
G1 X89.492 Y113.304 E100.57566
G1 X89.453 Y113.403 E100.57831
G1 X89.011 Y113.693 E100.5915
G1 X88.762 Y113.681 E100.59772
G1 X88.762 Y116.382 E100.66509
G1 X89.881 Y116.398 E100.69301
G1 X89.88 Y112.863 E100.78119
G1 X90 Y112.819 E100.78438
G1 X90 Y107.036 E100.92864
G1 X89.88 Y106.999 E100.93177
G1 X89.879 Y103.616 E101.01616
G1 F3900 E97.51616
G1 F600 Z0.65
G0 F12000 X90 Y107.036 Z0.65
G1 F600 Z0.45
G1 F3900 E101.01616
G1 F4500 X90.159 Y107.083 E101.02029
G1 X90.159 Y112.76 E101.16191
G1 X90 Y112.819 E101.16614
G1 F3900 E97.66614
G1 F600 Z0.65
;MESH:filament_filter_idig3d.stl
G0 F12000 X98.79 Y113.5 Z0.65
;TYPE:WALL-INNER
G1 F600 Z0.45
G1 F3900 E101.16614
G1 F4200 X99.538 Y113.378 E101.18504
G1 X100.241 Y113.096 E101.20394
G1 X100.871 Y112.67 E101.22291
G1 X101.389 Y112.12 E101.24176
G1 X101.781 Y111.472 E101.26065
G1 X102.024 Y110.752 E101.2796
G1 X102.104 Y110 E101.29847
G1 X102.024 Y109.248 E101.31733
G1 X101.781 Y108.528 E101.33629
G1 X101.389 Y107.88 E101.35518
G1 X100.871 Y107.33 E101.37403
G1 X100.241 Y106.904 E101.393
G1 X99.538 Y106.622 E101.41189
G1 X98.79 Y106.5 E101.4308
G1 X98.034 Y106.541 E101.44969
G1 X97.303 Y106.744 E101.46861
G1 X96.632 Y107.099 E101.48755
G1 X96.056 Y107.589 E101.50641
G1 X95.596 Y108.193 E101.52535
G1 X95.279 Y108.882 E101.54427
G1 X95.116 Y109.622 E101.56317
G1 X95.116 Y110.378 E101.58203
G1 X95.279 Y111.118 E101.60093
G1 X95.596 Y111.807 E101.61985
G1 X96.056 Y112.411 E101.63879
G1 X96.632 Y112.901 E101.65765
G1 X97.303 Y113.256 E101.67659
G1 X98.034 Y113.459 E101.69551
G1 X98.79 Y113.5 E101.7144
G0 F12000 X98.768 Y113.098
G1 F4200 X99.43 Y112.99 E101.73113
G1 X100.053 Y112.741 E101.74787
G1 X100.61 Y112.364 E101.76465
G1 X101.069 Y111.877 E101.78134
G1 X101.416 Y111.303 E101.79807
G1 X101.631 Y110.666 E101.81484
G1 X101.702 Y110 E101.83155
G1 X101.631 Y109.334 E101.84826
G1 X101.416 Y108.697 E101.86503
G1 X101.069 Y108.123 E101.88176
G1 X100.61 Y107.636 E101.89845
G1 X100.053 Y107.259 E101.91523
G1 X99.43 Y107.01 E101.93197
G1 X98.768 Y106.902 E101.9487
G1 X98.099 Y106.938 E101.96541
G1 X97.452 Y107.118 E101.98216
G1 X96.858 Y107.432 E101.99892
G1 X96.348 Y107.866 E102.01563
G1 X95.941 Y108.4 E102.03238
G1 X95.66 Y109.01 E102.04913
G1 X95.516 Y109.665 E102.06586
G1 X95.516 Y110.335 E102.08257
G1 X95.66 Y110.99 E102.0993
G1 X95.941 Y111.6 E102.11606
G1 X96.348 Y112.134 E102.1328
G1 X96.858 Y112.568 E102.14951
G1 X97.452 Y112.882 E102.16627
G1 X98.099 Y113.062 E102.18302
G1 X98.768 Y113.098 E102.19973
G0 F12000 X98.746 Y112.696
;TYPE:WALL-OUTER
G1 F2400 X99.323 Y112.602 E102.21432
G1 X99.865 Y112.386 E102.22887
G1 X100.349 Y112.058 E102.24346
G1 X100.749 Y111.634 E102.258
G1 X101.051 Y111.134 E102.27257
G1 X101.238 Y110.58 E102.28715
G1 X101.3 Y110 E102.3017
G1 X101.238 Y109.42 E102.31626
G1 X101.051 Y108.866 E102.33084
G1 X100.749 Y108.366 E102.34541
G1 X100.349 Y107.942 E102.35995
G1 X99.865 Y107.614 E102.37454
G1 X99.323 Y107.398 E102.38909
G1 X98.746 Y107.304 E102.40367
G1 X98.164 Y107.335 E102.41821
G1 X97.601 Y107.492 E102.43279
G1 X97.084 Y107.765 E102.44738
G1 X96.64 Y108.143 E102.46192
G1 X96.286 Y108.608 E102.4765
G1 X96.041 Y109.138 E102.49107
G1 X95.916 Y109.708 E102.50562
G1 X95.916 Y110.292 E102.52019
G1 X96.041 Y110.862 E102.53475
G1 X96.286 Y111.392 E102.54931
G1 X96.64 Y111.857 E102.56389
G1 X97.084 Y112.235 E102.57844
G1 X97.601 Y112.508 E102.59302
G1 X98.164 Y112.665 E102.6076
G1 X98.746 Y112.696 E102.62214
G0 F12000 X98.769 Y113.135
G1 F3900 E99.12214
G0 F12000 X98.773 Y113.197
G0 X104.535 Y120.398
;TYPE:WALL-INNER
G1 F3900 E102.62214
G1 F4200 X92.668 Y120.399 E102.91816
G1 X92.374 Y120.318 E102.92577
G1 X92.23 Y120.12 E102.93188
G1 X92.202 Y119.94 E102.93642
G1 X92.201 Y100.068 E103.43213
G1 X92.282 Y99.775 E103.43971
G1 X92.48 Y99.63 E103.44584
G1 X92.665 Y99.602 E103.4505
G1 X104.532 Y99.601 E103.74653
G1 X104.825 Y99.682 E103.75411
G1 X104.969 Y99.875 E103.76012
G1 X104.998 Y100.06 E103.76479
G1 X104.999 Y119.93 E104.26045
G1 X104.916 Y120.227 E104.26814
G1 X104.72 Y120.37 E104.27419
G1 X104.535 Y120.398 E104.27886
G0 F12000 X104.562 Y120.798
G1 F4200 X92.64 Y120.799 E104.57625
G1 X92.354 Y120.755 E104.58347
G1 X92.135 Y120.645 E104.58959
G1 X91.956 Y120.465 E104.59592
G1 X91.845 Y120.244 E104.60209
G1 X91.802 Y119.97 E104.60901
G1 X91.801 Y100.04 E105.10616
G1 X91.845 Y99.754 E105.11338
G1 X91.955 Y99.536 E105.11947
G1 X92.135 Y99.356 E105.12582
G1 X92.354 Y99.245 E105.13195
G1 X92.638 Y99.202 E105.13911
G1 X104.56 Y99.201 E105.43651
G1 X104.846 Y99.245 E105.44373
G1 X105.064 Y99.355 E105.44982
G1 X105.246 Y99.537 E105.45624
G1 X105.354 Y99.751 E105.46222
G1 X105.398 Y100.03 E105.46926
G1 X105.399 Y119.96 E105.96642
G1 X105.354 Y120.249 E105.97371
G1 X105.243 Y120.466 E105.97979
G1 X105.065 Y120.644 E105.98607
G1 X104.846 Y120.755 E105.9922
G1 X104.562 Y120.798 E105.99936
G0 F12000 X104.59 Y121.198
;TYPE:WALL-OUTER
G1 F2400 X92.611 Y121.199 E106.29818
G1 X92.23 Y121.14 E106.3078
G1 X91.898 Y120.973 E106.31707
G1 X91.626 Y120.7 E106.32668
G1 X91.46 Y120.369 E106.33592
G1 X91.402 Y120 E106.34524
G1 X91.401 Y100.011 E106.84386
G1 X91.46 Y99.63 E106.85348
G1 X91.627 Y99.298 E106.86275
G1 X91.897 Y99.028 E106.87228
G1 X92.231 Y98.86 E106.8816
G1 X92.61 Y98.802 E106.89117
G1 X104.589 Y98.801 E107.18998
G1 X104.97 Y98.86 E107.1996
G1 X105.302 Y99.027 E107.20887
G1 X105.574 Y99.299 E107.21847
G1 X105.739 Y99.625 E107.22758
G1 X105.798 Y100 E107.23705
G1 X105.799 Y119.989 E107.73568
G1 X105.739 Y120.376 E107.74545
G1 X105.57 Y120.705 E107.75468
G1 X105.303 Y120.972 E107.76409
G1 X104.969 Y121.14 E107.77342
G1 X104.59 Y121.198 E107.78298
G0 F12000 X104.557 Y120.76
G0 X104.502 Y120.008
;TYPE:SKIN
G1 F3000 X92.72 Y120.009 E108.07689
G1 X92.602 Y119.968 E108.08
G1 X92.592 Y119.905 E108.0816
G1 X92.591 Y100.122 E108.57508
G1 X92.632 Y100.002 E108.57825
G1 X92.698 Y99.992 E108.57991
G1 X104.478 Y99.991 E108.87377
G1 X104.598 Y100.03 E108.87691
G1 X104.608 Y100.094 E108.87853
G1 X104.609 Y119.875 E109.37197
G1 X104.568 Y119.998 E109.3752
G1 X104.502 Y120.008 E109.37687
G1 F3900 E105.87687
G0 F12000 X100.425 Y113.443
G1 F3900 E109.37687
G1 F3000 X101.125 Y112.969 E109.39796
G1 X101.701 Y112.358 E109.4189
G1 X102.136 Y111.638 E109.43989
G1 X102.408 Y110.836 E109.46101
G1 X102.496 Y110 E109.48198
G1 X102.408 Y109.164 E109.50295
G1 X102.136 Y108.362 E109.52408
G1 X101.701 Y107.642 E109.54506
G1 X101.125 Y107.031 E109.56601
G1 X100.425 Y106.557 E109.58709
G1 X99.643 Y106.244 E109.60811
G1 X98.811 Y106.108 E109.62914
G1 X97.97 Y106.153 E109.65014
G1 X97.158 Y106.379 E109.67117
G1 X96.412 Y106.774 E109.69223
G1 X95.771 Y107.32 E109.71323
G1 X95.26 Y107.99 E109.73425
G1 X94.907 Y108.757 E109.75531
G1 X94.726 Y109.579 E109.77631
G1 X94.726 Y110.421 E109.79731
G1 X94.907 Y111.243 E109.81831
G1 X95.26 Y112.01 E109.83937
G1 X95.771 Y112.68 E109.86039
G1 X96.412 Y113.226 E109.88139
G1 X97.158 Y113.621 E109.90245
G1 X97.97 Y113.847 E109.92348
G1 X98.811 Y113.892 E109.94448
G1 X99.643 Y113.756 E109.96551
G1 X100.425 Y113.443 E109.98653
G1 F3900 E106.48653
G0 F12000 X104.225 Y119.623
G1 F3900 E109.98653
G1 F3000 X104.224 Y119.221 E109.99655
G1 X103.821 Y119.624 E110.01077
G0 F12000 X104.224 Y119.221
G1 F3000 X104.224 Y118.655 E110.02489
G1 X103.255 Y119.624 E110.05907
G1 X102.69 Y119.624 E110.07317
G1 X104.224 Y118.089 E110.1273
G1 X104.224 Y117.523 E110.14142
G1 X102.124 Y119.624 E110.21552
G1 X101.558 Y119.624 E110.22964
G1 X104.224 Y116.958 E110.32369
G1 X104.224 Y116.392 E110.33781
G1 X100.993 Y119.624 E110.45181
G1 X100.427 Y119.624 E110.46593
G1 X104.224 Y115.826 E110.5999
G1 X104.224 Y115.261 E110.61399
G1 X99.861 Y119.624 E110.76791
G1 X99.296 Y119.624 E110.782
G1 X104.224 Y114.695 E110.95587
G1 X104.224 Y114.129 E110.96999
G1 X98.73 Y119.624 E111.16382
G1 X98.164 Y119.624 E111.17794
G1 X104.224 Y113.564 E111.39172
G1 X104.224 Y112.999 E111.40581
G1 X97.599 Y119.624 E111.63953
G1 X97.033 Y119.624 E111.65365
G1 X104.224 Y112.433 E111.90733
G1 X104.224 Y111.867 E111.92145
G1 X96.467 Y119.624 E112.1951
G1 X95.902 Y119.624 E112.20919
G1 X104.224 Y111.302 E112.50277
G1 X104.224 Y110.736 E112.51689
G1 X95.336 Y119.624 E112.83044
G1 X94.77 Y119.624 E112.84456
G1 X100.623 Y113.771 E113.05104
G1 X101.374 Y113.262 E113.07367
G1 X102.007 Y112.591 E113.09668
G0 F12000 X102.32 Y112.074
G1 F3000 X104.224 Y110.17 E113.16385
G1 X104.224 Y109.605 E113.17794
G1 X102.722 Y111.106 E113.23091
G1 X102.786 Y110.918 E113.23587
G1 X102.838 Y110.425 E113.24823
G1 X104.224 Y109.039 E113.29713
G1 X104.224 Y108.473 E113.31125
G1 X102.864 Y109.832 E113.35921
G1 X102.811 Y109.32 E113.37205
G1 X104.224 Y107.908 E113.42188
G1 X104.224 Y107.342 E113.436
G1 X102.71 Y108.856 E113.48941
G1 X102.566 Y108.434 E113.50053
G1 X104.223 Y106.777 E113.55898
G1 X104.223 Y106.211 E113.5731
G1 X102.392 Y108.042 E113.6377
G1 X102.179 Y107.69 E113.64796
G1 X104.223 Y105.645 E113.72009
G1 X104.223 Y105.08 E113.73418
G1 X101.954 Y107.349 E113.81422
G1 X101.679 Y107.058 E113.82421
G1 X104.223 Y104.514 E113.91396
G1 X104.223 Y103.948 E113.92808
G1 X101.404 Y106.767 E114.02753
G1 X101.375 Y106.736 E114.02858
G1 X101.073 Y106.532 E114.03768
G1 X104.223 Y103.383 E114.14878
G1 X104.223 Y102.817 E114.1629
G1 X100.736 Y106.304 E114.28591
G1 X100.606 Y106.215 E114.28984
G1 X100.358 Y106.116 E114.29651
G1 X104.223 Y102.251 E114.43285
G1 X104.223 Y101.686 E114.44695
G1 X99.954 Y105.955 E114.59755
G1 X99.746 Y105.871 E114.60314
G1 X99.51 Y105.833 E114.60911
G1 X104.223 Y101.12 E114.77537
G1 X104.223 Y100.554 E114.78949
G1 X99.025 Y105.752 E114.97286
G1 X98.832 Y105.72 E114.97774
G1 X98.471 Y105.74 E114.98676
G1 X103.837 Y100.375 E115.17605
G1 X103.271 Y100.375 E115.19016
G1 X97.863 Y105.783 E115.38095
G1 X97.079 Y106.001 E115.40124
G1 X102.705 Y100.375 E115.59972
G1 X102.14 Y100.375 E115.61381
G1 X92.975 Y109.54 E115.93713
G1 X92.975 Y108.974 E115.95125
G1 X101.574 Y100.375 E116.2546
G1 X101.008 Y100.375 E116.26872
G1 X92.975 Y108.408 E116.55211
G1 X92.975 Y107.842 E116.56623
G1 X100.443 Y100.375 E116.82966
G1 X99.877 Y100.375 E116.84378
G1 X92.975 Y107.277 E117.08727
G1 X92.975 Y106.711 E117.10139
G1 X99.311 Y100.375 E117.32491
G1 X98.746 Y100.375 E117.339
G1 X92.975 Y106.145 E117.54257
G1 X92.975 Y105.58 E117.55666
G1 X98.18 Y100.375 E117.74029
G1 X97.614 Y100.375 E117.7544
G1 X92.975 Y105.014 E117.91806
G1 X92.975 Y104.448 E117.93218
G1 X97.048 Y100.375 E118.07586
G1 X96.483 Y100.375 E118.08996
G1 X92.975 Y103.883 E118.21371
G1 X92.975 Y103.317 E118.22783
G1 X95.917 Y100.375 E118.33162
G1 X95.351 Y100.375 E118.34574
G1 X92.975 Y102.751 E118.42956
G1 X92.975 Y102.186 E118.44365
G1 X94.786 Y100.375 E118.50754
G1 X94.22 Y100.375 E118.52166
G1 X92.975 Y101.62 E118.56558
G1 X92.975 Y101.054 E118.5797
G1 X93.654 Y100.375 E118.60365
G1 X93.089 Y100.375 E118.61774
G1 X92.975 Y100.489 E118.62177
G1 X92.974 Y100.375 E118.62461
G1 F3900 E115.12461
G0 F12000 X97.079 Y106.001
G1 F3900 E118.62461
G1 F3000 X97.015 Y106.019 E118.62627
G1 X96.195 Y106.454 E118.64942
G1 X95.491 Y107.053 E118.67248
G1 X94.929 Y107.789 E118.69558
G0 F12000 X94.62 Y108.46
G1 F3000 X92.976 Y110.105 E118.75359
G1 X92.976 Y110.67 E118.76769
G1 X94.407 Y109.239 E118.81817
G1 X94.342 Y109.536 E118.82575
G1 X94.342 Y109.87 E118.83409
G1 X92.976 Y111.236 E118.88228
G1 X92.976 Y111.802 E118.89639
G1 X94.342 Y110.435 E118.9446
G1 X94.342 Y110.462 E118.94528
G1 X94.439 Y110.904 E118.95656
G1 X92.976 Y112.367 E119.00817
G1 X92.976 Y112.933 E119.02229
G1 X94.541 Y111.367 E119.07752
G1 X94.719 Y111.755 E119.08817
G1 X92.976 Y113.499 E119.14968
G1 X92.976 Y114.064 E119.16377
G1 X94.898 Y112.142 E119.23157
G1 X94.929 Y112.207 E119.23337
G1 X95.132 Y112.474 E119.24174
G1 X92.976 Y114.63 E119.3178
G1 X92.976 Y115.196 E119.33191
G1 X95.376 Y112.795 E119.4166
G1 X95.491 Y112.944 E119.42129
G1 X95.654 Y113.083 E119.42664
G1 X92.976 Y115.761 E119.52111
G1 X92.976 Y116.327 E119.53523
G1 X95.96 Y113.343 E119.6405
G1 X96.194 Y113.544 E119.64819
G1 X96.28 Y113.588 E119.6506
G1 X92.976 Y116.893 E119.76718
G1 X92.976 Y117.458 E119.78127
G1 X96.649 Y113.785 E119.91085
G1 X97.014 Y113.979 E119.92116
G1 X97.02 Y113.98 E119.92131
G1 X92.976 Y118.024 E120.06397
G1 X92.976 Y118.59 E120.07809
G1 X97.462 Y114.103 E120.23637
G1 X97.904 Y114.227 E120.24782
G1 X92.976 Y119.155 E120.42167
G1 X92.976 Y119.624 E120.43337
G1 X93.073 Y119.624 E120.43578
G1 X98.441 Y114.255 E120.62517
G1 X98.832 Y114.276 E120.63494
G1 X99.016 Y114.246 E120.63959
G1 X93.639 Y119.624 E120.8293
G1 X94.205 Y119.624 E120.84342
G1 X99.693 Y114.135 E121.03704
G1 X99.747 Y114.127 E121.0384
G1 X100.605 Y113.783 E121.06146
G1 X100.623 Y113.771 E121.062
G1 F3900 E117.562
G1 F600 Z0.65
G0 F12000 X100.623 Y113.771 Z0.65
G0 X119.034 Y113.459
;TYPE:WALL-INNER
G1 F600 Z0.45
G1 F3900 E121.062
G1 F4200 X119.79 Y113.5 E121.08088
G1 X120.538 Y113.378 E121.09979
G1 X121.241 Y113.096 E121.11868
G1 X121.871 Y112.67 E121.13766
G1 X122.389 Y112.12 E121.1565
G1 X122.781 Y111.472 E121.17539
G1 X123.024 Y110.752 E121.19435
G1 X123.104 Y110 E121.21321
G1 X123.024 Y109.248 E121.23208
G1 X122.781 Y108.528 E121.25104
G1 X122.389 Y107.88 E121.26993
G1 X121.871 Y107.33 E121.28877
G1 X121.241 Y106.904 E121.30774
G1 X120.538 Y106.622 E121.32664
G1 X119.79 Y106.5 E121.34554
G1 X119.034 Y106.541 E121.36443
G1 X118.303 Y106.744 E121.38336
G1 X117.632 Y107.099 E121.40229
G1 X117.056 Y107.589 E121.42116
G1 X116.596 Y108.193 E121.4401
G1 X116.279 Y108.882 E121.45901
G1 X116.116 Y109.622 E121.47792
G1 X116.116 Y110.378 E121.49677
G1 X116.279 Y111.118 E121.51568
G1 X116.596 Y111.807 E121.5346
G1 X117.056 Y112.411 E121.55353
G1 X117.632 Y112.901 E121.5724
G1 X118.303 Y113.256 E121.59134
G1 X119.034 Y113.459 E121.61026
G0 F12000 X119.099 Y113.062
G1 F4200 X119.768 Y113.098 E121.62697
G1 X120.43 Y112.99 E121.6437
G1 X121.053 Y112.741 E121.66044
G1 X121.61 Y112.364 E121.67722
G1 X122.069 Y111.877 E121.69391
G1 X122.416 Y111.303 E121.71064
G1 X122.631 Y110.666 E121.72741
G1 X122.702 Y110 E121.74412
G1 X122.631 Y109.334 E121.76083
G1 X122.416 Y108.697 E121.7776
G1 X122.069 Y108.123 E121.79433
G1 X121.61 Y107.636 E121.81103
G1 X121.053 Y107.259 E121.8278
G1 X120.43 Y107.01 E121.84454
G1 X119.768 Y106.902 E121.86127
G1 X119.099 Y106.938 E121.87798
G1 X118.452 Y107.118 E121.89474
G1 X117.858 Y107.432 E121.9115
G1 X117.348 Y107.866 E121.9282
G1 X116.941 Y108.4 E121.94495
G1 X116.66 Y109.01 E121.9617
G1 X116.516 Y109.665 E121.97843
G1 X116.516 Y110.335 E121.99515
G1 X116.66 Y110.99 E122.01188
G1 X116.941 Y111.6 E122.02863
G1 X117.348 Y112.134 E122.04538
G1 X117.858 Y112.568 E122.06208
G1 X118.452 Y112.882 E122.07884
G1 X119.099 Y113.062 E122.09559
G0 F12000 X119.164 Y112.665
;TYPE:WALL-OUTER
G1 F2400 X119.746 Y112.696 E122.11013
G1 X120.323 Y112.602 E122.12472
G1 X120.865 Y112.386 E122.13927
G1 X121.349 Y112.058 E122.15386
G1 X121.749 Y111.634 E122.1684
G1 X122.051 Y111.134 E122.18297
G1 X122.238 Y110.58 E122.19755
G1 X122.3 Y110 E122.2121
G1 X122.238 Y109.42 E122.22665
G1 X122.051 Y108.866 E122.24124
G1 X121.749 Y108.366 E122.25581
G1 X121.349 Y107.942 E122.27035
G1 X120.865 Y107.614 E122.28494
G1 X120.323 Y107.398 E122.29949
G1 X119.746 Y107.304 E122.31407
G1 X119.164 Y107.335 E122.32861
G1 X118.601 Y107.492 E122.34319
G1 X118.084 Y107.765 E122.35778
G1 X117.64 Y108.143 E122.37232
G1 X117.286 Y108.608 E122.3869
G1 X117.041 Y109.138 E122.40147
G1 X116.916 Y109.708 E122.41602
G1 X116.916 Y110.292 E122.43059
G1 X117.041 Y110.862 E122.44515
G1 X117.286 Y111.392 E122.45971
G1 X117.64 Y111.857 E122.47429
G1 X118.084 Y112.235 E122.48884
G1 X118.601 Y112.508 E122.50342
G1 X119.164 Y112.665 E122.518
G0 F12000 X119.093 Y113.099
G1 F3900 E119.018
G0 F12000 X119.083 Y113.16
G0 X113.373 Y120.316
;TYPE:WALL-INNER
G1 F3900 E122.518
G1 F4200 X113.233 Y120.131 E122.52379
G1 X113.202 Y119.944 E122.52852
G1 X113.202 Y100.331 E123.01776
G1 X113.222 Y99.916 E123.02813
G1 X113.346 Y99.709 E123.03415
G1 X113.436 Y99.65 E123.03683
G1 X113.67 Y99.602 E123.04279
G1 X125.532 Y99.601 E123.33869
G1 X125.825 Y99.682 E123.34627
G1 X125.969 Y99.877 E123.35232
G1 X125.998 Y100.06 E123.35694
G1 X125.999 Y119.935 E123.85272
G1 X125.917 Y120.226 E123.86027
G1 X125.72 Y120.37 E123.86635
G1 X125.535 Y120.398 E123.87102
G1 X113.666 Y120.399 E124.16709
G1 X113.373 Y120.316 E124.17469
G0 F12000 X113.357 Y120.756
G1 F4200 X113.138 Y120.646 E124.1808
G1 X112.959 Y120.47 E124.18707
G1 X112.848 Y120.255 E124.1931
G1 X112.802 Y119.98 E124.20006
G1 X112.802 Y100.312 E124.69068
G1 X112.825 Y99.831 E124.70269
G1 X112.916 Y99.598 E124.70893
G1 X113.077 Y99.406 E124.71518
G1 X113.283 Y99.273 E124.7213
G1 X113.628 Y99.202 E124.73008
G1 X125.56 Y99.201 E125.02773
G1 X125.846 Y99.245 E125.03495
G1 X126.064 Y99.355 E125.04104
G1 X126.245 Y99.536 E125.04742
G1 X126.354 Y99.751 E125.05344
G1 X126.398 Y100.03 E125.06048
G1 X126.399 Y119.962 E125.55769
G1 X126.356 Y120.246 E125.56485
G1 X126.244 Y120.465 E125.57099
G1 X126.065 Y120.644 E125.5773
G1 X125.846 Y120.755 E125.58343
G1 X125.562 Y120.798 E125.59059
G1 X113.639 Y120.799 E125.88801
G1 X113.357 Y120.756 E125.89513
G0 F12000 X113.233 Y121.141
;TYPE:WALL-OUTER
G1 F2400 X112.901 Y120.974 E125.9044
G1 X112.634 Y120.711 E125.91375
G1 X112.465 Y120.384 E125.92293
G1 X112.402 Y120.01 E125.93239
G1 X112.402 Y100.293 E126.42423
G1 X112.428 Y99.747 E126.43787
G1 X112.567 Y99.391 E126.4474
G1 X112.808 Y99.103 E126.45677
G1 X113.12 Y98.902 E126.46603
G1 X113.477 Y98.808 E126.47524
G1 X113.61 Y98.802 E126.47856
G1 X125.589 Y98.801 E126.77738
G1 X125.97 Y98.86 E126.78699
G1 X126.302 Y99.027 E126.79626
G1 X126.574 Y99.299 E126.80586
G1 X126.739 Y99.625 E126.81497
G1 X126.798 Y100 E126.82444
G1 X126.799 Y119.989 E127.32307
G1 X126.741 Y120.369 E127.33266
G1 X126.57 Y120.705 E127.34206
G1 X126.303 Y120.972 E127.35148
G1 X125.969 Y121.14 E127.36081
G1 X125.59 Y121.198 E127.37037
G1 X113.611 Y121.199 E127.66919
G1 X113.233 Y121.141 E127.67873
G0 F12000 X113.366 Y120.722
G0 X113.601 Y119.972
;TYPE:SKIN
G1 F3000 X113.592 Y119.916 E127.68015
G1 X113.592 Y100.35 E128.16822
G1 X113.621 Y100.01 E128.17673
G1 X113.709 Y99.992 E128.17897
G1 X125.48 Y99.991 E128.4726
G1 X125.598 Y100.031 E128.47571
G1 X125.608 Y100.094 E128.4773
G1 X125.609 Y119.88 E128.97087
G1 X125.57 Y119.998 E128.97397
G1 X125.502 Y120.008 E128.97568
G1 X113.72 Y120.009 E129.26958
G1 X113.601 Y119.972 E129.27269
G1 F3900 E125.77269
G0 F12000 X117.412 Y113.226
G1 F3900 E129.27269
G1 F3000 X118.158 Y113.621 E129.29375
G1 X118.97 Y113.847 E129.31477
G1 X119.811 Y113.892 E129.33578
G1 X120.643 Y113.756 E129.35681
G1 X121.425 Y113.443 E129.37783
G1 X122.125 Y112.969 E129.39891
G1 X122.701 Y112.358 E129.41986
G1 X123.136 Y111.638 E129.44084
G1 X123.408 Y110.836 E129.46197
G1 X123.496 Y110 E129.48294
G1 X123.408 Y109.164 E129.50391
G1 X123.136 Y108.362 E129.52503
G1 X122.701 Y107.642 E129.54602
G1 X122.125 Y107.031 E129.56696
G1 X121.425 Y106.557 E129.58805
G1 X120.643 Y106.244 E129.60906
G1 X119.811 Y106.108 E129.63009
G1 X118.97 Y106.153 E129.6511
G1 X118.158 Y106.379 E129.67213
G1 X117.412 Y106.774 E129.69318
G1 X116.771 Y107.32 E129.71419
G1 X116.26 Y107.99 E129.73521
G1 X115.907 Y108.757 E129.75627
G1 X115.726 Y109.579 E129.77727
G1 X115.726 Y110.421 E129.79827
G1 X115.907 Y111.243 E129.81927
G1 X116.26 Y112.01 E129.84033
G1 X116.771 Y112.68 E129.86135
G1 X117.412 Y113.226 E129.88235
G1 F3900 E126.38235
G0 F12000 X125.224 Y119.624
G1 F3900 E129.88235
G1 F3000 X125.223 Y119.152 E129.89412
G1 X124.752 Y119.624 E129.91076
G1 X124.186 Y119.624 E129.92488
G1 X125.223 Y118.586 E129.96148
G1 X125.223 Y118.021 E129.97557
G1 X123.62 Y119.624 E130.03212
G1 X123.054 Y119.624 E130.04624
G1 X125.223 Y117.455 E130.12276
G1 X125.223 Y116.889 E130.13688
G1 X122.489 Y119.624 E130.23334
G1 X121.923 Y119.624 E130.24746
G1 X125.223 Y116.324 E130.36388
G1 X125.223 Y115.758 E130.378
G1 X121.357 Y119.624 E130.51438
G1 X120.792 Y119.624 E130.52848
G1 X125.223 Y115.192 E130.68481
G1 X125.223 Y114.626 E130.69893
G1 X120.226 Y119.624 E130.87523
G1 X119.66 Y119.624 E130.88935
G1 X125.223 Y114.061 E131.0856
G1 X125.223 Y113.495 E131.09972
G1 X119.095 Y119.624 E131.31592
G1 X118.529 Y119.624 E131.33003
G1 X125.223 Y112.929 E131.5662
G1 X125.223 Y112.364 E131.58029
G1 X117.963 Y119.624 E131.83641
G1 X117.398 Y119.624 E131.85051
G1 X125.223 Y111.798 E132.12657
G1 X125.223 Y111.232 E132.14069
G1 X116.832 Y119.624 E132.43672
G1 X116.266 Y119.624 E132.45084
G1 X125.223 Y110.667 E132.76682
G1 X125.223 Y110.101 E132.78094
G1 X123.427 Y111.897 E132.8443
G1 X123.485 Y111.801 E132.8471
G1 X123.757 Y111.002 E132.86815
G1 X125.222 Y109.536 E132.91985
G1 X125.222 Y108.97 E132.93397
G1 X123.845 Y110.348 E132.98257
G1 X123.881 Y109.999 E132.99132
G1 X123.858 Y109.769 E132.99709
G1 X125.222 Y108.405 E133.0452
G1 X125.222 Y107.839 E133.05932
G1 X123.804 Y109.257 E133.10935
G1 X123.785 Y109.08 E133.11379
G1 X123.692 Y108.804 E133.12105
G1 X125.222 Y107.273 E133.17504
G1 X125.222 Y106.708 E133.18914
G1 X123.548 Y108.382 E133.24819
G1 X123.485 Y108.199 E133.25302
G1 X123.365 Y107.999 E133.25884
G1 X125.222 Y106.142 E133.32435
G1 X125.222 Y105.576 E133.33847
G1 X123.152 Y107.647 E133.41151
G1 X123.006 Y107.408 E133.4185
G1 X122.919 Y107.314 E133.42169
G1 X125.222 Y105.011 E133.50294
G1 X125.222 Y104.445 E133.51706
G1 X122.644 Y107.023 E133.608
G1 X122.374 Y106.737 E133.61781
G1 X122.368 Y106.734 E133.61798
G1 X125.222 Y103.879 E133.71868
G1 X125.222 Y103.313 E133.7328
G1 X122.031 Y106.505 E133.84539
G1 X121.694 Y106.276 E133.85555
G1 X125.222 Y102.748 E133.98001
G1 X125.222 Y102.182 E133.99413
G1 X121.308 Y106.097 E134.13223
G1 X120.904 Y105.935 E134.14308
G1 X125.222 Y101.616 E134.29543
G1 X125.222 Y101.051 E134.30952
G1 X120.45 Y105.823 E134.47787
G1 X119.964 Y105.743 E134.49016
G1 X125.222 Y100.485 E134.67565
G1 X125.222 Y100.375 E134.67839
G1 X124.767 Y100.375 E134.68974
G1 X119.397 Y105.744 E134.87916
G1 X118.906 Y105.771 E134.89143
G1 X118.767 Y105.81 E134.89503
G1 X124.201 Y100.375 E135.08675
G1 X123.636 Y100.375 E135.10084
G1 X117.965 Y106.046 E135.3009
G1 X117.194 Y106.454 E135.32266
G1 X116.49 Y107.054 E135.34574
G1 X115.928 Y107.79 E135.36884
G1 F3900 E131.86884
G0 F12000 X113.975 Y100.375
G1 F3900 E135.36884
G1 F3000 X113.975 Y100.419 E135.36993
G1 X113.975 Y100.984 E135.38403
G1 X114.585 Y100.375 E135.40553
G1 X115.15 Y100.375 E135.41962
G1 X113.975 Y101.55 E135.46107
G1 X113.975 Y102.116 E135.47519
G1 X115.716 Y100.375 E135.53661
G1 X116.282 Y100.375 E135.55073
G1 X113.975 Y102.681 E135.6321
G1 X113.975 Y103.247 E135.64622
G1 X116.847 Y100.375 E135.74754
G1 X117.413 Y100.375 E135.76165
G1 X113.975 Y103.813 E135.88294
G1 X113.975 Y104.378 E135.89703
G1 X117.979 Y100.375 E136.03827
G1 X118.545 Y100.375 E136.05239
G1 X113.975 Y104.944 E136.21359
G1 X113.975 Y105.51 E136.22771
G1 X119.11 Y100.375 E136.40886
G1 X119.676 Y100.375 E136.42298
G1 X113.975 Y106.075 E136.62408
G1 X113.975 Y106.641 E136.6382
G1 X120.242 Y100.375 E136.85926
G1 X120.807 Y100.375 E136.87336
G1 X113.975 Y107.207 E137.11438
G1 X113.975 Y107.772 E137.12847
G1 X121.373 Y100.375 E137.38944
G1 X121.939 Y100.375 E137.40355
G1 X113.975 Y108.338 E137.68449
G1 X113.975 Y108.904 E137.69861
G1 X122.504 Y100.375 E137.99949
G1 X123.07 Y100.375 E138.01361
G1 X113.975 Y109.47 E138.33446
G1 X113.975 Y110.035 E138.34855
G1 X115.678 Y108.333 E138.40862
G1 X115.539 Y108.634 E138.41689
G1 X115.425 Y109.151 E138.43009
G1 X113.975 Y110.601 E138.48124
G1 X113.975 Y111.167 E138.49536
G1 X115.341 Y109.801 E138.54355
G1 X115.341 Y110.367 E138.55767
G1 X113.975 Y111.732 E138.60584
G1 X113.975 Y112.298 E138.61996
G1 X115.425 Y110.848 E138.67112
G1 X115.527 Y111.312 E138.68297
G1 X113.975 Y112.864 E138.73772
G1 X113.975 Y113.429 E138.75181
G1 X115.697 Y111.708 E138.81254
G1 X115.875 Y112.095 E138.82317
G1 X113.975 Y113.995 E138.8902
G1 X113.975 Y114.561 E138.90431
G1 X116.101 Y112.435 E138.97931
G1 X116.345 Y112.756 E138.98937
G1 X113.975 Y115.126 E139.07298
G1 X113.975 Y115.692 E139.0871
G1 X116.616 Y113.051 E139.18027
G1 X116.921 Y113.312 E139.19028
G1 X113.975 Y116.258 E139.29421
G1 X113.975 Y116.823 E139.3083
G1 X117.234 Y113.565 E139.42326
G1 X117.603 Y113.761 E139.43368
G1 X113.975 Y117.389 E139.56167
G1 X113.975 Y117.955 E139.57579
G1 X117.973 Y113.957 E139.71683
G1 X118.014 Y113.979 E139.71799
G1 X118.407 Y114.089 E139.72817
G1 X113.975 Y118.52 E139.8845
G1 X113.975 Y119.086 E139.89862
G1 X118.849 Y114.213 E140.07054
G1 X118.906 Y114.229 E140.07202
G1 X119.374 Y114.253 E140.08371
G1 X114.003 Y119.624 E140.27319
G1 X114.569 Y119.624 E140.28731
G1 X119.933 Y114.26 E140.47654
G1 X120.609 Y114.149 E140.49362
G1 X115.135 Y119.624 E140.68675
G1 X115.701 Y119.624 E140.70087
G1 X121.498 Y113.826 E140.90539
G1 X121.604 Y113.784 E140.90824
G1 X122.374 Y113.262 E140.93144
G1 X123.007 Y112.591 E140.95445
G1 F3900 E137.45445
G1 F600 Z0.65
;MESH:NONMESH
G0 F12000 X123.007 Y112.591 Z0.65
G0 X90 Y103.685
;TIME_ELAPSED:78.512922
;LAYER:2
M106 S153
G0 X90 Y103.685 Z0.8
;TYPE:SUPPORT
G1 F600 Z0.6
G1 F3900 E140.95445
G1 F6000 X89.793 Y103.685 E140.95962
G1 X88.883 Y103.699 E140.98232
G1 X88.908 Y105.768 E141.03394
G1 X89.74 Y106.601 E141.0633
G1 X89.741 Y112.981 E141.22245
G1 X89.536 Y113.379 E141.23362
G1 X89.5 Y113.473 E141.23613
G1 X89.058 Y113.764 E141.24933
G1 X88.831 Y113.753 E141.255
G1 X88.831 Y116.314 E141.31889
G1 X90 Y116.33 E141.34805
G1 X90 Y103.685 E141.66348
G1 X90.069 Y103.685 E141.6652
G1 X90.07 Y116.332 E141.98068
G1 X90 Y116.33 E141.98243
G1 F3900 E138.48243
G1 F600 Z0.8
;MESH:filament_filter_idig3d.stl
G0 F12000 X98.79 Y113.5 Z0.8
;TYPE:WALL-INNER
G1 F600 Z0.6
G1 F3900 E141.98243
G1 F5400 X99.538 Y113.378 E142.00134
G1 X100.241 Y113.096 E142.02023
G1 X100.871 Y112.67 E142.0392
G1 X101.389 Y112.12 E142.05805
G1 X101.781 Y111.472 E142.07694
G1 X102.024 Y110.752 E142.0959
G1 X102.104 Y110 E142.11476
G1 X102.024 Y109.248 E142.13363
G1 X101.781 Y108.528 E142.15258
G1 X101.389 Y107.88 E142.17147
G1 X100.871 Y107.33 E142.19032
G1 X100.241 Y106.904 E142.20929
G1 X99.538 Y106.622 E142.22819
G1 X98.79 Y106.5 E142.24709
G1 X98.034 Y106.541 E142.26598
G1 X97.303 Y106.744 E142.2849
G1 X96.632 Y107.099 E142.30384
G1 X96.056 Y107.589 E142.3227
G1 X95.596 Y108.193 E142.34164
G1 X95.279 Y108.882 E142.36056
G1 X95.116 Y109.622 E142.37946
G1 X95.116 Y110.378 E142.39832
G1 X95.279 Y111.118 E142.41722
G1 X95.596 Y111.807 E142.43614
G1 X96.056 Y112.411 E142.45508
G1 X96.632 Y112.901 E142.47394
G1 X97.303 Y113.256 E142.49288
G1 X98.034 Y113.459 E142.51181
G1 X98.79 Y113.5 E142.53069
G0 F12000 X98.768 Y113.098
G1 F5400 X99.43 Y112.99 E142.54742
G1 X100.053 Y112.741 E142.56416
G1 X100.61 Y112.364 E142.58094
G1 X101.069 Y111.877 E142.59763
G1 X101.416 Y111.303 E142.61436
G1 X101.631 Y110.666 E142.63113
G1 X101.702 Y110 E142.64784
G1 X101.631 Y109.334 E142.66455
G1 X101.416 Y108.697 E142.68132
G1 X101.069 Y108.123 E142.69805
G1 X100.61 Y107.636 E142.71474
G1 X100.053 Y107.259 E142.73152
G1 X99.43 Y107.01 E142.74826
G1 X98.768 Y106.902 E142.76499
G1 X98.099 Y106.938 E142.7817
G1 X97.452 Y107.118 E142.79846
G1 X96.858 Y107.432 E142.81522
G1 X96.348 Y107.866 E142.83192
G1 X95.941 Y108.4 E142.84867
G1 X95.66 Y109.01 E142.86542
G1 X95.516 Y109.665 E142.88215
G1 X95.516 Y110.335 E142.89887
G1 X95.66 Y110.99 E142.91559
G1 X95.941 Y111.6 E142.93235
G1 X96.348 Y112.134 E142.9491
G1 X96.858 Y112.568 E142.9658
G1 X97.452 Y112.882 E142.98256
G1 X98.099 Y113.062 E142.99931
G1 X98.768 Y113.098 E143.01603
G0 F12000 X98.746 Y112.696
;TYPE:WALL-OUTER
G1 F1800 X99.323 Y112.602 E143.03061
G1 X99.865 Y112.386 E143.04516
G1 X100.349 Y112.058 E143.05975
G1 X100.749 Y111.634 E143.07429
G1 X101.051 Y111.134 E143.08886
G1 X101.238 Y110.58 E143.10345
G1 X101.3 Y110 E143.118
G1 X101.238 Y109.42 E143.13255
G1 X101.051 Y108.866 E143.14713
G1 X100.749 Y108.366 E143.1617
G1 X100.349 Y107.942 E143.17624
G1 X99.865 Y107.614 E143.19083
G1 X99.323 Y107.398 E143.20538
G1 X98.746 Y107.304 E143.21997
G1 X98.164 Y107.335 E143.23451
G1 X97.601 Y107.492 E143.24909
G1 X97.084 Y107.765 E143.26367
G1 X96.64 Y108.143 E143.27822
G1 X96.286 Y108.608 E143.29279
G1 X96.041 Y109.138 E143.30736
G1 X95.916 Y109.708 E143.32192
G1 X95.916 Y110.292 E143.33648
G1 X96.041 Y110.862 E143.35104
G1 X96.286 Y111.392 E143.36561
G1 X96.64 Y111.857 E143.38018
G1 X97.084 Y112.235 E143.39473
G1 X97.601 Y112.508 E143.40931
G1 X98.164 Y112.665 E143.42389
G1 X98.746 Y112.696 E143.43843
G0 F12000 X98.769 Y113.135
G1 F3900 E139.93843
G0 F12000 X98.773 Y113.197
G0 X104.526 Y120.63
;TYPE:WALL-INNER
G1 F3900 E143.43843
G1 F5400 X92.671 Y120.631 E143.73416
G1 X92.4 Y120.587 E143.741
G1 X92.235 Y120.501 E143.74565
G1 X92.097 Y120.362 E143.75053
G1 X92.006 Y120.183 E143.75554
G1 X91.97 Y119.945 E143.76155
G1 X91.969 Y100.07 E144.25733
G1 X92.013 Y99.8 E144.26415
G1 X92.099 Y99.635 E144.2688
G1 X92.236 Y99.498 E144.27363
G1 X92.418 Y99.407 E144.2787
G1 X92.663 Y99.37 E144.28488
G1 X104.53 Y99.369 E144.58091
G1 X104.8 Y99.413 E144.58773
G1 X104.968 Y99.5 E144.59245
G1 X105.103 Y99.636 E144.59723
G1 X105.195 Y99.822 E144.60241
G1 X105.23 Y100.054 E144.60826
G1 X105.231 Y119.932 E145.10412
G1 X105.189 Y120.193 E145.11071
G1 X105.1 Y120.367 E145.11559
G1 X104.964 Y120.501 E145.12035
G1 X104.784 Y120.591 E145.12537
G1 X104.526 Y120.63 E145.13188
G0 F12000 X104.559 Y121.03
G1 F5400 X92.637 Y121.031 E145.42928
G1 X92.276 Y120.972 E145.4384
G1 X91.993 Y120.826 E145.44634
G1 X91.769 Y120.6 E145.45428
G1 X91.621 Y120.307 E145.46247
G1 X91.57 Y119.972 E145.47092
G1 X91.569 Y100.037 E145.9682
G1 X91.628 Y99.674 E145.97738
G1 X91.773 Y99.394 E145.98524
G1 X92 Y99.169 E145.99322
G1 X92.293 Y99.022 E146.00139
G1 X92.636 Y98.97 E146.01005
G1 X104.563 Y98.969 E146.30757
G1 X104.926 Y99.028 E146.31674
G1 X105.206 Y99.173 E146.32461
G1 X105.434 Y99.402 E146.33267
G1 X105.58 Y99.698 E146.3409
G1 X105.63 Y100.027 E146.3492
G1 X105.631 Y119.964 E146.84653
G1 X105.574 Y120.32 E146.85553
G1 X105.427 Y120.606 E146.86355
G1 X105.201 Y120.83 E146.87149
G1 X104.904 Y120.978 E146.87976
G1 X104.559 Y121.03 E146.88847
G0 F12000 X104.591 Y121.43
;TYPE:WALL-OUTER
G1 F1800 X92.604 Y121.431 E147.18748
G1 X92.149 Y121.357 E147.19898
G1 X91.753 Y121.153 E147.21009
G1 X91.441 Y120.837 E147.22117
G1 X91.236 Y120.431 E147.23252
G1 X91.17 Y120 E147.24339
G1 X91.169 Y100.004 E147.7422
G1 X91.243 Y99.548 E147.75372
G1 X91.447 Y99.153 E147.76481
G1 X91.763 Y98.841 E147.77589
G1 X92.169 Y98.637 E147.78722
G1 X92.609 Y98.57 E147.79832
G1 X104.596 Y98.569 E148.09734
G1 X105.052 Y98.643 E148.10887
G1 X105.447 Y98.847 E148.11995
G1 X105.764 Y99.167 E148.13119
G1 X105.965 Y99.574 E148.14251
G1 X106.03 Y100 E148.15326
G1 X106.031 Y119.996 E148.65207
G1 X105.959 Y120.445 E148.66341
G1 X105.753 Y120.847 E148.67468
G1 X105.437 Y121.159 E148.68575
G1 X105.026 Y121.365 E148.69722
G1 X104.591 Y121.43 E148.70819
G0 F12000 X104.559 Y120.992
G0 X104.494 Y120.24
;TYPE:SKIN
G1 F3000 X92.703 Y120.241 E149.00232
G1 X92.469 Y120.183 E149.00834
G1 X92.382 Y120.063 E149.01203
G1 X92.36 Y119.913 E149.01582
G1 X92.359 Y100.103 E149.50998
G1 X92.417 Y99.867 E149.51604
G1 X92.538 Y99.783 E149.51971
G1 X92.695 Y99.76 E149.52367
G1 X104.498 Y99.759 E149.8181
G1 X104.736 Y99.819 E149.82422
G1 X104.817 Y99.939 E149.82783
G1 X104.84 Y100.084 E149.8315
G1 X104.841 Y119.9 E150.32581
G1 X104.782 Y120.134 E150.33183
G1 X104.666 Y120.214 E150.33534
G1 X104.494 Y120.24 E150.33968
G1 F3900 E146.83968
G0 F12000 X100.425 Y113.443
G1 F3900 E150.33968
G1 F3000 X101.125 Y112.969 E150.36077
G1 X101.701 Y112.358 E150.38172
G1 X102.136 Y111.638 E150.4027
G1 X102.408 Y110.836 E150.42383
G1 X102.496 Y110 E150.4448
G1 X102.408 Y109.164 E150.46576
G1 X102.136 Y108.362 E150.48689
G1 X101.701 Y107.642 E150.50787
G1 X101.125 Y107.031 E150.52882
G1 X100.425 Y106.557 E150.54991
G1 X99.643 Y106.244 E150.57092
G1 X98.811 Y106.108 E150.59195
G1 X97.97 Y106.153 E150.61296
G1 X97.158 Y106.379 E150.63398
G1 X96.412 Y106.774 E150.65504
G1 X95.771 Y107.32 E150.67605
G1 X95.26 Y107.99 E150.69706
G1 X94.907 Y108.757 E150.71813
G1 X94.726 Y109.579 E150.73912
G1 X94.726 Y110.421 E150.76013
G1 X94.907 Y111.243 E150.78112
G1 X95.26 Y112.01 E150.80218
G1 X95.771 Y112.68 E150.8232
G1 X96.412 Y113.226 E150.84421
G1 X97.158 Y113.621 E150.86526
G1 X97.97 Y113.847 E150.88629
G1 X98.811 Y113.892 E150.9073
G1 X99.643 Y113.756 E150.92833
G1 X100.425 Y113.443 E150.94934
G1 F3900 E147.44934
G0 F12000 X92.759 Y119.84
;TYPE:SKIN
G1 F3900 E150.94934
G1 F3000 X93.252 Y119.839 E150.96164
G1 X92.758 Y119.346 E150.97905
G0 F12000 X93.252 Y119.839
G1 F3000 X93.818 Y119.839 E150.99317
G1 X92.758 Y118.78 E151.03054
G1 X92.758 Y118.214 E151.04466
G1 X94.383 Y119.839 E151.10199
G1 X94.949 Y119.839 E151.11611
G1 X92.758 Y117.649 E151.19338
G1 X92.758 Y117.083 E151.2075
G1 X95.515 Y119.839 E151.30475
G1 X96.08 Y119.839 E151.31884
G1 X92.758 Y116.517 E151.43603
G1 X92.758 Y115.952 E151.45013
G1 X96.646 Y119.839 E151.58727
G1 X97.212 Y119.839 E151.60139
G1 X92.758 Y115.386 E151.7585
G1 X92.758 Y114.82 E151.77261
G1 X97.778 Y119.839 E151.94969
G1 X98.343 Y119.839 E151.96379
G1 X92.758 Y114.255 E152.16079
G1 X92.758 Y113.689 E152.17491
G1 X98.908 Y119.839 E152.39187
G1 X99.474 Y119.839 E152.40599
G1 X92.758 Y113.123 E152.64291
G1 X92.758 Y112.557 E152.65703
G1 X100.04 Y119.839 E152.91393
G1 X100.605 Y119.839 E152.92802
G1 X92.758 Y111.992 E153.20484
G1 X92.758 Y111.426 E153.21896
G1 X101.171 Y119.839 E153.51575
G1 X101.737 Y119.839 E153.52987
G1 X92.758 Y110.86 E153.84663
G1 X92.758 Y110.295 E153.86073
G1 X102.302 Y119.839 E154.19742
G1 X102.868 Y119.839 E154.21153
G1 X97.029 Y113.999 E154.41754
G1 X97.814 Y114.218 E154.43787
G1 X103.434 Y119.839 E154.63615
G1 X103.999 Y119.839 E154.65024
G1 X98.432 Y114.271 E154.84665
G1 X98.833 Y114.293 E154.85667
G1 X98.993 Y114.267 E154.86071
G1 X104.441 Y119.714 E155.05289
G1 X104.441 Y119.148 E155.06701
G1 X99.48 Y114.187 E155.24202
G1 X99.75 Y114.143 E155.24884
G1 X99.929 Y114.071 E155.25365
G1 X104.441 Y118.583 E155.41283
G1 X104.441 Y118.017 E155.42695
G1 X100.334 Y113.91 E155.57183
G1 X100.613 Y113.798 E155.57933
G1 X100.717 Y113.728 E155.58246
G1 X104.441 Y117.451 E155.71382
G1 X104.441 Y116.886 E155.72791
G1 X101.054 Y113.499 E155.84739
G1 X101.384 Y113.274 E155.85736
G1 X101.389 Y113.268 E155.85755
G1 X104.441 Y116.32 E155.96522
G1 X104.441 Y115.754 E155.97934
G1 X101.664 Y112.977 E156.07731
G1 X101.939 Y112.687 E156.08728
G1 X104.441 Y115.189 E156.17554
G1 X104.441 Y114.623 E156.18966
G1 X102.17 Y112.352 E156.26977
G1 X102.383 Y112 E156.28004
G1 X104.441 Y114.057 E156.35262
G1 X104.441 Y113.492 E156.36672
G1 X102.565 Y111.616 E156.4329
G1 X102.708 Y111.193 E156.44403
G1 X104.441 Y112.926 E156.50517
G1 X104.441 Y112.36 E156.51929
G1 X102.82 Y110.739 E156.57648
G1 X102.874 Y110.228 E156.58929
G1 X104.441 Y111.794 E156.64456
G1 X104.441 Y111.229 E156.65865
G1 X102.861 Y109.649 E156.71439
G1 X102.802 Y109.076 E156.72876
G1 X102.774 Y108.996 E156.73087
G1 X104.441 Y110.663 E156.78968
G1 X104.441 Y110.097 E156.8038
G1 X102.447 Y108.104 E156.87412
G1 X102.02 Y107.397 E156.89473
G1 X101.384 Y106.723 E156.91784
G1 X100.612 Y106.2 E156.94111
G1 F3900 E153.44111
G0 F12000 X98.833 Y105.704
G1 F3900 E156.94111
G1 F3000 X98.932 Y105.72 E156.94361
G1 X93.371 Y100.159 E157.13979
G1 X93.937 Y100.159 E157.15391
G1 X99.609 Y105.831 E157.354
G1 X99.751 Y105.855 E157.35759
G1 X100.496 Y106.153 E157.37761
G1 X94.502 Y100.159 E157.58906
G1 X95.068 Y100.159 E157.60318
G1 X104.44 Y109.531 E157.9338
G1 X104.44 Y108.965 E157.94792
G1 X95.634 Y100.159 E158.25858
G1 X96.199 Y100.159 E158.27267
G1 X104.44 Y108.4 E158.5634
G1 X104.44 Y107.834 E158.57752
G1 X96.765 Y100.159 E158.84827
G1 X97.331 Y100.159 E158.86239
G1 X104.44 Y107.268 E159.11318
G1 X104.44 Y106.703 E159.12727
G1 X97.896 Y100.159 E159.35813
G1 X98.462 Y100.159 E159.37225
G1 X104.44 Y106.137 E159.58314
G1 X104.44 Y105.571 E159.59726
G1 X99.028 Y100.159 E159.78818
G1 X99.593 Y100.159 E159.80228
G1 X104.44 Y105.006 E159.97327
G1 X104.44 Y104.44 E159.98739
G1 X100.159 Y100.159 E160.13841
G1 X100.725 Y100.159 E160.15253
G1 X104.44 Y103.874 E160.28359
G1 X104.44 Y103.309 E160.29768
G1 X101.29 Y100.159 E160.4088
G1 X101.856 Y100.159 E160.42292
G1 X104.44 Y102.743 E160.51408
G1 X104.44 Y102.177 E160.5282
G1 X102.422 Y100.159 E160.59939
G1 X102.987 Y100.159 E160.61348
G1 X104.44 Y101.611 E160.66472
G1 X104.44 Y101.046 E160.67882
G1 X103.553 Y100.159 E160.71011
G1 X104.119 Y100.159 E160.72423
G1 X104.44 Y100.48 E160.73555
G0 F12000 X104.119 Y100.159
G1 F3000 X104.439 Y100.158 E160.74354
G1 F3900 E157.24354
G0 F12000 X98.833 Y105.704
G1 F3900 E160.74354
G1 F3000 X98.374 Y105.728 E160.755
G1 X92.805 Y100.159 E160.95146
G1 X92.758 Y100.159 E160.95263
G1 X92.758 Y100.678 E160.96558
G1 X97.849 Y105.769 E161.14518
G1 X97.407 Y105.892 E161.15662
G1 X92.758 Y101.244 E161.32061
G1 X92.758 Y101.809 E161.33471
G1 X96.972 Y106.023 E161.48337
G1 X96.602 Y106.219 E161.49381
G1 X92.758 Y102.375 E161.62942
G1 X92.758 Y102.941 E161.64354
G1 X96.232 Y106.415 E161.76609
G1 X96.185 Y106.441 E161.76743
G1 X95.919 Y106.667 E161.77614
G1 X92.758 Y103.506 E161.88765
G1 X92.758 Y104.072 E161.90177
G1 X95.614 Y106.927 E162.00251
G1 X95.479 Y107.043 E162.00695
G1 X95.343 Y107.222 E162.01255
G1 X92.758 Y104.638 E162.10373
G1 X92.758 Y105.204 E162.11785
G1 X95.098 Y107.543 E162.20038
G1 X94.916 Y107.781 E162.20786
G1 X94.87 Y107.881 E162.2106
G1 X92.758 Y105.769 E162.28511
G1 X92.758 Y106.335 E162.29923
G1 X94.691 Y108.267 E162.3674
G1 X94.524 Y108.628 E162.37732
G1 X94.518 Y108.66 E162.37813
G1 X92.758 Y106.901 E162.44021
G1 X92.758 Y107.466 E162.4543
G1 X94.416 Y109.124 E162.51279
G1 X94.325 Y109.534 E162.52327
G1 X94.326 Y109.6 E162.52491
G1 X92.758 Y108.032 E162.58023
G1 X92.758 Y108.598 E162.59435
G1 X94.326 Y110.165 E162.64965
G1 X94.326 Y110.464 E162.6571
G1 X94.402 Y110.807 E162.66587
G1 X92.758 Y109.163 E162.72386
G1 X92.758 Y109.729 E162.73798
G1 X94.633 Y111.604 E162.80413
G1 X94.915 Y112.217 E162.82096
G1 X95.478 Y112.955 E162.84412
G1 X96.186 Y113.557 E162.8673
G1 X97.009 Y113.994 E162.89054
G1 F3900 E159.39054
G1 F600 Z0.8
G0 F12000 X97.009 Y113.994 Z0.8
G0 X119.034 Y113.459
;TYPE:WALL-INNER
G1 F600 Z0.6
G1 F3900 E162.89054
G1 F5400 X119.79 Y113.5 E162.90943
G1 X120.538 Y113.378 E162.92833
G1 X121.241 Y113.096 E162.94723
G1 X121.871 Y112.67 E162.9662
G1 X122.389 Y112.12 E162.98505
G1 X122.781 Y111.472 E163.00394
G1 X123.024 Y110.752 E163.02289
G1 X123.104 Y110 E163.04176
G1 X123.024 Y109.248 E163.06062
G1 X122.781 Y108.528 E163.07958
G1 X122.389 Y107.88 E163.09847
G1 X121.871 Y107.33 E163.11732
G1 X121.241 Y106.904 E163.13629
G1 X120.538 Y106.622 E163.15518
G1 X119.79 Y106.5 E163.17409
G1 X119.034 Y106.541 E163.19298
G1 X118.303 Y106.744 E163.2119
G1 X117.632 Y107.099 E163.23084
G1 X117.056 Y107.589 E163.2497
G1 X116.596 Y108.193 E163.26864
G1 X116.279 Y108.882 E163.28756
G1 X116.116 Y109.622 E163.30646
G1 X116.116 Y110.378 E163.32532
G1 X116.279 Y111.118 E163.34422
G1 X116.596 Y111.807 E163.36314
G1 X117.056 Y112.411 E163.38208
G1 X117.632 Y112.901 E163.40094
G1 X118.303 Y113.256 E163.41988
G1 X119.034 Y113.459 E163.4388
G0 F12000 X119.099 Y113.062
G1 F5400 X119.768 Y113.098 E163.45552
G1 X120.43 Y112.99 E163.47225
G1 X121.053 Y112.741 E163.48898
G1 X121.61 Y112.364 E163.50576
G1 X122.069 Y111.877 E163.52246
G1 X122.416 Y111.303 E163.53919
G1 X122.631 Y110.666 E163.55596
G1 X122.702 Y110 E163.57267
G1 X122.631 Y109.334 E163.58937
G1 X122.416 Y108.697 E163.60614
G1 X122.069 Y108.123 E163.62288
G1 X121.61 Y107.636 E163.63957
G1 X121.053 Y107.259 E163.65635
G1 X120.43 Y107.01 E163.67308
G1 X119.768 Y106.902 E163.68982
G1 X119.099 Y106.938 E163.70653
G1 X118.452 Y107.118 E163.72328
G1 X117.858 Y107.432 E163.74004
G1 X117.348 Y107.866 E163.75675
G1 X116.941 Y108.4 E163.77349
G1 X116.66 Y109.01 E163.79025
G1 X116.516 Y109.665 E163.80698
G1 X116.516 Y110.335 E163.82369
G1 X116.66 Y110.99 E163.84042
G1 X116.941 Y111.6 E163.85717
G1 X117.348 Y112.134 E163.87392
G1 X117.858 Y112.568 E163.89063
G1 X118.452 Y112.882 E163.90739
G1 X119.099 Y113.062 E163.92414
G0 F12000 X119.164 Y112.665
;TYPE:WALL-OUTER
G1 F1800 X119.746 Y112.696 E163.93868
G1 X120.323 Y112.602 E163.95326
G1 X120.865 Y112.386 E163.96781
G1 X121.349 Y112.058 E163.9824
G1 X121.749 Y111.634 E163.99694
G1 X122.051 Y111.134 E164.01151
G1 X122.238 Y110.58 E164.0261
G1 X122.3 Y110 E164.04065
G1 X122.238 Y109.42 E164.0552
G1 X122.051 Y108.866 E164.06978
G1 X121.749 Y108.366 E164.08435
G1 X121.349 Y107.942 E164.0989
G1 X120.865 Y107.614 E164.11348
G1 X120.323 Y107.398 E164.12803
G1 X119.746 Y107.304 E164.14262
G1 X119.164 Y107.335 E164.15716
G1 X118.601 Y107.492 E164.17174
G1 X118.084 Y107.765 E164.18632
G1 X117.64 Y108.143 E164.20087
G1 X117.286 Y108.608 E164.21544
G1 X117.041 Y109.138 E164.23001
G1 X116.916 Y109.708 E164.24457
G1 X116.916 Y110.292 E164.25913
G1 X117.041 Y110.862 E164.27369
G1 X117.286 Y111.392 E164.28826
G1 X117.64 Y111.857 E164.30283
G1 X118.084 Y112.235 E164.31738
G1 X118.601 Y112.508 E164.33196
G1 X119.164 Y112.665 E164.34654
G0 F12000 X119.093 Y113.099
G1 F3900 E160.84654
G0 F12000 X119.083 Y113.16
G0 X113.409 Y120.59
;TYPE:WALL-INNER
G1 F3900 E164.34654
G1 F5400 X113.234 Y120.502 E164.35143
G1 X113.098 Y120.365 E164.35625
G1 X113.01 Y120.194 E164.36104
G1 X112.97 Y119.943 E164.36738
G1 X112.969 Y100.592 E164.8501
G1 X113.006 Y100.531 E164.85188
G1 X112.984 Y99.926 E164.86698
G1 X113.039 Y99.735 E164.87194
G1 X113.144 Y99.579 E164.87663
G1 X113.292 Y99.462 E164.88133
G1 X113.651 Y99.37 E164.89058
G1 X125.53 Y99.369 E165.1869
G1 X125.8 Y99.413 E165.19372
G1 X125.968 Y99.5 E165.19844
G1 X126.103 Y99.636 E165.20322
G1 X126.195 Y99.822 E165.2084
G1 X126.23 Y100.054 E165.21425
G1 X126.231 Y119.93 E165.71006
G1 X126.188 Y120.195 E165.71676
G1 X126.1 Y120.367 E165.72158
G1 X125.964 Y120.501 E165.72634
G1 X125.784 Y120.591 E165.73136
G1 X125.526 Y120.63 E165.73787
G1 X113.668 Y120.631 E166.03367
G1 X113.409 Y120.59 E166.04021
G0 F12000 X113.285 Y120.975
G1 F5400 X112.997 Y120.83 E166.04825
G1 X112.769 Y120.601 E166.05631
G1 X112.625 Y120.321 E166.06417
G1 X112.57 Y119.974 E166.07293
G1 X112.569 Y100.479 E166.55924
G1 X112.602 Y100.425 E166.56082
G1 X112.582 Y99.877 E166.57449
G1 X112.671 Y99.566 E166.58256
G1 X112.847 Y99.304 E166.59044
G1 X113.094 Y99.109 E166.59829
G1 X113.405 Y98.993 E166.60657
G1 X113.629 Y98.97 E166.61218
G1 X125.563 Y98.969 E166.90988
G1 X125.926 Y99.028 E166.91905
G1 X126.206 Y99.173 E166.92692
G1 X126.434 Y99.402 E166.93498
G1 X126.58 Y99.698 E166.94321
G1 X126.63 Y100.027 E166.95151
G1 X126.631 Y119.963 E167.44882
G1 X126.573 Y120.322 E167.45789
G1 X126.427 Y120.606 E167.46586
G1 X126.201 Y120.83 E167.47379
G1 X125.904 Y120.978 E167.48207
G1 X125.559 Y121.03 E167.49078
G1 X113.636 Y121.031 E167.7882
G1 X113.285 Y120.975 E167.79706
G0 F12000 X113.159 Y121.36
;TYPE:WALL-OUTER
G1 F1800 X112.762 Y121.159 E167.80816
G1 X112.441 Y120.839 E167.81947
G1 X112.24 Y120.446 E167.83048
G1 X112.17 Y120.006 E167.84159
G1 X112.169 Y100.368 E168.33147
G1 X112.198 Y100.32 E168.33286
G1 X112.18 Y99.829 E168.34512
G1 X112.303 Y99.396 E168.35635
G1 X112.55 Y99.029 E168.36738
G1 X112.895 Y98.756 E168.37836
G1 X113.312 Y98.6 E168.38947
G1 X113.609 Y98.57 E168.39691
G1 X125.596 Y98.569 E168.69593
G1 X126.052 Y98.643 E168.70745
G1 X126.447 Y98.847 E168.71854
G1 X126.764 Y99.167 E168.72978
G1 X126.965 Y99.574 E168.7411
G1 X127.03 Y100 E168.75185
G1 X127.031 Y119.996 E169.25065
G1 X126.958 Y120.447 E169.26205
G1 X126.753 Y120.847 E169.27326
G1 X126.437 Y121.159 E169.28434
G1 X126.026 Y121.365 E169.29581
G1 X125.591 Y121.43 E169.30678
G1 X113.604 Y121.431 E169.6058
G1 X113.159 Y121.36 E169.61704
G0 F12000 X113.294 Y120.942
G0 X113.467 Y120.182
;TYPE:SKIN
G1 F3000 X113.387 Y120.074 E169.62039
G1 X113.36 Y119.907 E169.62461
G1 X113.359 Y100.701 E170.10371
G1 X113.4 Y100.634 E170.10567
G1 X113.376 Y99.971 E170.12221
G1 X113.467 Y99.82 E170.12661
G1 X113.702 Y99.76 E170.13266
G1 X125.498 Y99.759 E170.42691
G1 X125.736 Y99.819 E170.43304
G1 X125.817 Y99.939 E170.43665
G1 X125.84 Y100.087 E170.44039
G1 X125.841 Y119.895 E170.9345
G1 X125.782 Y120.134 E170.94064
G1 X125.666 Y120.214 E170.94415
G1 X125.494 Y120.24 E170.94849
G1 X113.703 Y120.241 E171.24262
G1 X113.467 Y120.182 E171.24869
G1 F3900 E167.74869
G0 F12000 X117.412 Y113.226
G1 F3900 E171.24869
G1 F3000 X118.158 Y113.621 E171.26975
G1 X118.97 Y113.847 E171.29077
G1 X119.811 Y113.892 E171.31178
G1 X120.643 Y113.756 E171.33281
G1 X121.425 Y113.443 E171.35382
G1 X122.125 Y112.969 E171.37491
G1 X122.701 Y112.358 E171.39586
G1 X123.136 Y111.638 E171.41684
G1 X123.408 Y110.836 E171.43797
G1 X123.496 Y110 E171.45893
G1 X123.408 Y109.164 E171.4799
G1 X123.136 Y108.362 E171.50103
G1 X122.701 Y107.642 E171.52201
G1 X122.125 Y107.031 E171.54296
G1 X121.425 Y106.557 E171.56405
G1 X120.643 Y106.244 E171.58506
G1 X119.811 Y106.108 E171.60609
G1 X118.97 Y106.153 E171.6271
G1 X118.158 Y106.379 E171.64812
G1 X117.412 Y106.774 E171.66918
G1 X116.771 Y107.32 E171.69018
G1 X116.26 Y107.99 E171.7112
G1 X115.907 Y108.757 E171.73227
G1 X115.726 Y109.579 E171.75326
G1 X115.726 Y110.421 E171.77427
G1 X115.907 Y111.243 E171.79526
G1 X116.26 Y112.01 E171.81632
G1 X116.771 Y112.68 E171.83734
G1 X117.412 Y113.226 E171.85835
G1 F3900 E168.35835
G0 F12000 X113.76 Y119.839
;TYPE:SKIN
G1 F3900 E171.85835
G1 F3000 X114.182 Y119.839 E171.86887
G1 X113.759 Y119.416 E171.8838
G1 X113.759 Y118.85 E171.89792
G1 X114.748 Y119.839 E171.9328
G1 X115.314 Y119.839 E171.94692
G1 X113.759 Y118.284 E172.00178
G1 X113.759 Y117.719 E172.01587
G1 X115.879 Y119.839 E172.09066
G1 X116.445 Y119.839 E172.10478
G1 X113.759 Y117.153 E172.19954
G1 X113.759 Y116.587 E172.21366
G1 X117.011 Y119.839 E172.32838
G1 X117.577 Y119.839 E172.3425
G1 X113.759 Y116.022 E172.47717
G1 X113.759 Y115.456 E172.49129
G1 X118.142 Y119.839 E172.64591
G1 X118.708 Y119.839 E172.66003
G1 X113.759 Y114.89 E172.83462
G1 X113.759 Y114.325 E172.84872
G1 X119.274 Y119.839 E173.04325
G1 X119.839 Y119.839 E173.05735
G1 X113.759 Y113.759 E173.27184
G1 X113.759 Y113.193 E173.28596
G1 X120.405 Y119.839 E173.52041
G1 X120.971 Y119.839 E173.53453
G1 X113.759 Y112.627 E173.78895
G1 X113.759 Y112.062 E173.80305
G1 X121.536 Y119.839 E174.0774
G1 X122.102 Y119.839 E174.09152
G1 X113.759 Y111.496 E174.38584
G1 X113.759 Y110.93 E174.39996
G1 X122.668 Y119.839 E174.71425
G1 X123.233 Y119.839 E174.72834
G1 X113.759 Y110.365 E175.06256
G1 X113.758 Y109.798 E175.07671
G1 X115.69 Y111.73 E175.14487
G1 X115.915 Y112.218 E175.15827
G1 X116.478 Y112.956 E175.18143
G1 X117.185 Y113.557 E175.20457
G0 F12000 X117.893 Y113.933
G1 F3000 X123.799 Y119.839 E175.41292
G1 X124.365 Y119.839 E175.42704
G1 X118.719 Y114.194 E175.6262
G1 X118.903 Y114.245 E175.63096
G1 X119.36 Y114.269 E175.64238
G1 X124.93 Y119.839 E175.83888
G1 X125.44 Y119.839 E175.8516
G1 X125.44 Y119.783 E175.853
G1 X119.934 Y114.277 E176.04723
G1 X120.42 Y114.198 E176.05952
G1 X125.44 Y119.217 E176.23659
G1 X125.44 Y118.651 E176.25071
G1 X120.88 Y114.092 E176.41156
G1 X121.284 Y113.93 E176.42242
G1 X125.44 Y118.086 E176.56903
G1 X125.44 Y117.52 E176.58315
G1 X121.676 Y113.756 E176.71594
G1 X122.012 Y113.527 E176.72608
G1 X125.44 Y116.954 E176.84699
G1 X125.44 Y116.389 E176.86109
G1 X122.349 Y113.299 E176.97011
G1 X122.383 Y113.274 E176.97117
G1 X122.629 Y113.013 E176.98011
G1 X125.44 Y115.823 E177.07926
G1 X125.44 Y115.257 E177.09338
G1 X122.905 Y112.722 E177.18281
G1 X123.02 Y112.601 E177.18697
G1 X123.144 Y112.396 E177.19295
G1 X125.44 Y114.692 E177.27395
G1 X125.44 Y114.126 E177.28807
G1 X123.356 Y112.043 E177.36157
G1 X123.499 Y111.807 E177.36845
G1 X123.546 Y111.667 E177.37214
G1 X125.44 Y113.56 E177.43893
G1 X125.44 Y112.994 E177.45305
G1 X123.689 Y111.244 E177.51481
G1 X123.8 Y110.921 E177.52333
G1 X123.812 Y110.802 E177.52631
G1 X125.44 Y112.429 E177.58372
G1 X125.44 Y111.863 E177.59784
G1 X123.866 Y110.29 E177.65335
G1 X123.897 Y109.999 E177.66065
G1 X123.868 Y109.726 E177.6675
G1 X125.44 Y111.297 E177.72294
G1 X125.44 Y110.732 E177.73703
G1 X123.803 Y109.095 E177.79478
G1 X123.801 Y109.078 E177.79521
G1 X123.515 Y108.242 E177.81725
G1 X125.44 Y110.166 E177.88514
G1 X125.44 Y109.6 E177.89926
G1 X115.999 Y100.16 E178.2323
G1 X116.565 Y100.16 E178.24642
G1 X125.44 Y109.035 E178.55951
G1 X125.44 Y108.469 E178.57363
G1 X117.13 Y100.16 E178.86677
G1 X117.696 Y100.16 E178.88089
G1 X125.44 Y107.903 E179.15406
G1 X125.44 Y107.338 E179.16815
G1 X118.262 Y100.16 E179.42138
G1 X118.827 Y100.16 E179.43547
G1 X125.44 Y106.772 E179.66875
G1 X125.44 Y106.206 E179.68286
G1 X119.393 Y100.16 E179.89617
G1 X119.958 Y100.159 E179.91027
G1 X125.44 Y105.641 E180.10366
G1 X125.44 Y105.075 E180.11778
G1 X120.524 Y100.159 E180.2912
G1 X121.089 Y100.159 E180.3053
G1 X125.44 Y104.509 E180.45877
G1 X125.44 Y103.943 E180.47289
G1 X121.655 Y100.159 E180.6064
G1 X122.221 Y100.159 E180.62052
G1 X125.44 Y103.378 E180.73408
G1 X125.44 Y102.812 E180.7482
G1 X122.786 Y100.159 E180.8418
G1 X123.352 Y100.159 E180.85592
G1 X125.44 Y102.246 E180.92957
G1 X125.44 Y101.681 E180.94366
G1 X123.918 Y100.159 E180.99735
G1 X124.484 Y100.159 E181.01147
G1 X125.44 Y101.115 E181.0452
G1 X125.44 Y100.549 E181.05932
G1 X125.049 Y100.159 E181.07309
G1 X125.439 Y100.158 E181.08282
G1 F3900 E177.58282
G0 F12000 X121.611 Y106.201
G1 F3900 E181.08282
G1 F3000 X122.384 Y106.725 E181.10612
G1 X123.02 Y107.397 E181.1292
G1 X123.499 Y108.191 E181.15233
G1 X123.515 Y108.242 E181.15366
G1 F3900 E177.65366
G0 F12000 X121.382 Y106.109
G1 F3900 E181.15366
G1 F3000 X115.433 Y100.16 E181.36353
G1 X114.868 Y100.16 E181.37762
G1 X120.527 Y105.819 E181.57726
G1 X119.851 Y105.708 E181.59435
G1 X114.302 Y100.16 E181.79009
G1 X113.781 Y100.16 E181.80308
G1 X113.783 Y100.206 E181.80423
G1 X119.309 Y105.732 E181.99918
G1 X118.902 Y105.754 E182.00934
G1 X118.795 Y105.784 E182.01211
G1 X113.782 Y100.771 E182.18896
G1 X113.758 Y100.812 E182.19015
G1 X113.758 Y101.313 E182.20264
G1 X118.352 Y105.907 E182.36471
G1 X118.008 Y106.004 E182.37363
G1 X117.927 Y106.047 E182.37591
G1 X113.758 Y101.879 E182.52297
G1 X113.758 Y102.444 E182.53706
G1 X117.557 Y106.243 E182.67108
G1 X117.187 Y106.439 E182.68153
G1 X113.758 Y103.01 E182.80249
G1 X113.758 Y103.576 E182.81661
G1 X116.881 Y106.699 E182.92679
G1 X116.576 Y106.959 E182.93678
G1 X113.758 Y104.141 E183.0362
G1 X113.758 Y104.707 E183.05031
G1 X116.312 Y107.261 E183.14041
G1 X116.068 Y107.582 E183.15047
G1 X113.758 Y105.273 E183.23195
G1 X113.758 Y105.839 E183.24606
G1 X115.848 Y107.928 E183.31978
G1 X115.669 Y108.315 E183.33041
G1 X113.758 Y106.404 E183.39783
G1 X113.758 Y106.97 E183.41195
G1 X115.505 Y108.716 E183.47356
G1 X115.403 Y109.18 E183.48541
G1 X113.758 Y107.536 E183.54343
G1 X113.758 Y108.101 E183.55752
G1 X115.325 Y109.668 E183.6128
G1 X115.325 Y110.234 E183.62692
G1 X113.758 Y108.667 E183.6822
G1 X113.758 Y109.233 E183.69632
G1 X115.42 Y110.894 E183.75493
G1 X115.524 Y111.37 E183.76709
G1 X115.69 Y111.73 E183.77697
G1 F3900 E180.27697
G1 F600 Z0.8
;MESH:NONMESH
G0 F12000 X115.69 Y111.73 Z0.8
G0 X88.953 Y103.767
;TIME_ELAPSED:117.294310
;LAYER:3
G0 X88.953 Y103.767 Z0.95
;TYPE:SUPPORT
G1 F600 Z0.75
G1 F3900 E183.77697
G1 F6000 X88.977 Y105.739 E183.82617
G1 X89.74 Y106.504 E183.85312
G1 X89.741 Y113.04 E184.01616
G1 X89.546 Y113.546 E184.02969
G1 X89.104 Y113.835 E184.04286
G1 X88.9 Y113.825 E184.04796
G1 X88.9 Y116.246 E184.10835
G1 X89.882 Y116.26 E184.13285
G1 X89.883 Y103.754 E184.44481
G1 X89.794 Y103.754 E184.44703
G1 X88.953 Y103.767 E184.46801
G1 F3900 E180.96801
G1 F600 Z0.95
;MESH:filament_filter_idig3d.stl
G0 F12000 X98.79 Y113.5 Z0.95
;TYPE:WALL-INNER
G1 F600 Z0.75
G1 F3900 E184.46801
G1 F5400 X99.538 Y113.378 E184.48692
G1 X100.241 Y113.096 E184.50581
G1 X100.871 Y112.67 E184.52479
G1 X101.389 Y112.12 E184.54363
G1 X101.781 Y111.472 E184.56252
G1 X102.024 Y110.752 E184.58148
G1 X102.104 Y110 E184.60034
G1 X102.024 Y109.248 E184.61921
G1 X101.781 Y108.528 E184.63817
G1 X101.389 Y107.88 E184.65706
G1 X100.871 Y107.33 E184.6759
G1 X100.241 Y106.904 E184.69488
G1 X99.538 Y106.622 E184.71377
G1 X98.79 Y106.5 E184.73268
G1 X98.034 Y106.541 E184.75156
G1 X97.303 Y106.744 E184.77049
G1 X96.632 Y107.099 E184.78942
G1 X96.056 Y107.589 E184.80829
G1 X95.596 Y108.193 E184.82723
G1 X95.279 Y108.882 E184.84614
G1 X95.116 Y109.622 E184.86505
G1 X95.116 Y110.378 E184.88391
G1 X95.279 Y111.118 E184.90281
G1 X95.596 Y111.807 E184.92173
G1 X96.056 Y112.411 E184.94066
G1 X96.632 Y112.901 E184.95953
G1 X97.303 Y113.256 E184.97847
G1 X98.034 Y113.459 E184.99739
G1 X98.79 Y113.5 E185.01628
G0 F12000 X98.768 Y113.098
G1 F5400 X99.43 Y112.99 E185.03301
G1 X100.053 Y112.741 E185.04974
G1 X100.61 Y112.364 E185.06652
G1 X101.069 Y111.877 E185.08322
G1 X101.416 Y111.303 E185.09995
G1 X101.631 Y110.666 E185.11672
G1 X101.702 Y110 E185.13343
G1 X101.631 Y109.334 E185.15013
G1 X101.416 Y108.697 E185.1669
G1 X101.069 Y108.123 E185.18364
G1 X100.61 Y107.636 E185.20033
G1 X100.053 Y107.259 E185.21711
G1 X99.43 Y107.01 E185.23384
G1 X98.768 Y106.902 E185.25058
G1 X98.099 Y106.938 E185.26729
G1 X97.452 Y107.118 E185.28404
G1 X96.858 Y107.432 E185.3008
G1 X96.348 Y107.866 E185.31751
G1 X95.941 Y108.4 E185.33425
G1 X95.66 Y109.01 E185.35101
G1 X95.516 Y109.665 E185.36774
G1 X95.516 Y110.335 E185.38445
G1 X95.66 Y110.99 E185.40118
G1 X95.941 Y111.6 E185.41793
G1 X96.348 Y112.134 E185.43468
G1 X96.858 Y112.568 E185.45139
G1 X97.452 Y112.882 E185.46815
G1 X98.099 Y113.062 E185.4849
G1 X98.768 Y113.098 E185.50161
G0 F12000 X98.746 Y112.696
;TYPE:WALL-OUTER
G1 F1800 X99.323 Y112.602 E185.51619
G1 X99.865 Y112.386 E185.53075
G1 X100.349 Y112.058 E185.54533
G1 X100.749 Y111.634 E185.55987
G1 X101.051 Y111.134 E185.57445
G1 X101.238 Y110.58 E185.58903
G1 X101.3 Y110 E185.60358
G1 X101.238 Y109.42 E185.61813
G1 X101.051 Y108.866 E185.63272
G1 X100.749 Y108.366 E185.64729
G1 X100.349 Y107.942 E185.66183
G1 X99.865 Y107.614 E185.67641
G1 X99.323 Y107.398 E185.69097
G1 X98.746 Y107.304 E185.70555
G1 X98.164 Y107.335 E185.72009
G1 X97.601 Y107.492 E185.73467
G1 X97.084 Y107.765 E185.74925
G1 X96.64 Y108.143 E185.7638
G1 X96.286 Y108.608 E185.77838
G1 X96.041 Y109.138 E185.79294
G1 X95.916 Y109.708 E185.8075
G1 X95.916 Y110.292 E185.82207
G1 X96.041 Y110.862 E185.83662
G1 X96.286 Y111.392 E185.85119
G1 X96.64 Y111.857 E185.86577
G1 X97.084 Y112.235 E185.88031
G1 X97.601 Y112.508 E185.8949
G1 X98.164 Y112.665 E185.90948
G1 X98.746 Y112.696 E185.92402
G0 F12000 X98.769 Y113.135
G1 F3900 E182.42402
G0 F12000 X98.773 Y113.197
G0 X104.543 Y120.819
;TYPE:WALL-INNER
G1 F3900 E185.92402
G1 F5400 X92.642 Y120.818 E186.22089
G1 X92.355 Y120.771 E186.22814
G1 X92.13 Y120.657 E186.23443
G1 X91.941 Y120.468 E186.2411
G1 X91.831 Y120.253 E186.24713
G1 X91.782 Y119.94 E186.25503
G1 X91.783 Y100.043 E186.75136
G1 X91.833 Y99.742 E186.75897
G1 X91.941 Y99.532 E186.76486
G1 X92.131 Y99.342 E186.77157
G1 X92.354 Y99.229 E186.7778
G1 X92.668 Y99.181 E186.78573
G1 X104.556 Y99.182 E187.08227
G1 X104.849 Y99.231 E187.08968
G1 X105.07 Y99.343 E187.09586
G1 X105.258 Y99.531 E187.1025
G1 X105.371 Y99.756 E187.10878
G1 X105.419 Y100.07 E187.1167
G1 X105.418 Y119.962 E187.61291
G1 X105.37 Y120.248 E187.62014
G1 X105.159 Y120.588 E187.63013
G1 X104.936 Y120.734 E187.63677
G1 X104.543 Y120.819 E187.6468
G0 F12000 X104.585 Y121.219
G1 F5400 X92.607 Y121.218 E187.9456
G1 X92.229 Y121.156 E187.95515
G1 X91.892 Y120.985 E187.96458
G1 X91.614 Y120.707 E187.97439
G1 X91.446 Y120.378 E187.9836
G1 X91.382 Y119.97 E187.9939
G1 X91.383 Y100.007 E188.49188
G1 X91.448 Y99.617 E188.50175
G1 X91.614 Y99.293 E188.51083
G1 X91.893 Y99.014 E188.52067
G1 X92.229 Y98.844 E188.53006
G1 X92.64 Y98.781 E188.54043
G1 X104.592 Y98.782 E188.83858
G1 X104.975 Y98.846 E188.84826
G1 X105.308 Y99.015 E188.85758
G1 X105.586 Y99.293 E188.86739
G1 X105.758 Y99.633 E188.87689
G1 X105.819 Y100.037 E188.88708
G1 X105.818 Y119.998 E189.38501
G1 X105.755 Y120.374 E189.39452
G1 X105.58 Y120.718 E189.40415
G1 X105.422 Y120.894 E189.41005
G1 X105.094 Y121.109 E189.41983
G1 X104.585 Y121.219 E189.43282
G0 F12000 X104.589 Y121.619
;TYPE:WALL-OUTER
G1 F1800 X92.572 Y121.618 E189.73259
G1 X92.103 Y121.541 E189.74445
G1 X91.654 Y121.313 E189.75701
G1 X91.287 Y120.946 E189.76995
G1 X91.061 Y120.503 E189.78236
G1 X90.982 Y120 E189.79506
G1 X90.983 Y99.971 E190.29469
G1 X91.063 Y99.492 E190.3068
G1 X91.287 Y99.054 E190.31907
G1 X91.654 Y98.687 E190.33202
G1 X92.105 Y98.459 E190.34463
G1 X92.611 Y98.381 E190.3574
G1 X104.628 Y98.382 E190.65716
G1 X105.101 Y98.461 E190.66912
G1 X105.546 Y98.687 E190.68157
G1 X105.913 Y99.054 E190.69452
G1 X106.143 Y99.509 E190.70724
G1 X106.219 Y100.011 E190.7199
G1 X106.218 Y120.028 E191.21923
G1 X106.138 Y120.503 E191.23125
G1 X105.913 Y120.946 E191.24364
G1 X105.685 Y121.2 E191.25215
G1 X105.261 Y121.478 E191.2648
G1 X104.772 Y121.609 E191.27743
G1 X104.589 Y121.619 E191.282
G0 F12000 X104.577 Y121.18
G0 X104.502 Y120.429
;TYPE:SKIN
G1 F3000 X92.675 Y120.428 E191.57703
G1 X92.36 Y120.337 E191.58521
G1 X92.207 Y120.133 E191.59157
G1 X92.172 Y119.906 E191.5973
G1 X92.173 Y100.071 E192.09208
G1 X92.261 Y99.762 E192.1001
G1 X92.473 Y99.606 E192.10666
G1 X92.701 Y99.571 E192.11242
G1 X104.528 Y99.572 E192.40744
G1 X104.84 Y99.663 E192.41555
G1 X104.994 Y99.876 E192.42211
G1 X105.029 Y100.103 E192.42784
G1 X105.028 Y119.934 E192.92252
G1 X104.999 Y120.108 E192.92692
G1 X104.875 Y120.308 E192.93279
G1 X104.782 Y120.368 E192.93555
G1 X104.502 Y120.429 E192.9427
G1 F3900 E189.4427
G0 F12000 X100.425 Y113.443
G1 F3900 E192.9427
G1 F3000 X101.125 Y112.969 E192.96379
G1 X101.701 Y112.358 E192.98474
G1 X102.136 Y111.638 E193.00572
G1 X102.408 Y110.836 E193.02685
G1 X102.496 Y110 E193.04782
G1 X102.408 Y109.164 E193.06879
G1 X102.136 Y108.362 E193.08991
G1 X101.701 Y107.642 E193.11089
G1 X101.125 Y107.031 E193.13184
G1 X100.425 Y106.557 E193.15293
G1 X99.643 Y106.244 E193.17394
G1 X98.811 Y106.108 E193.19497
G1 X97.97 Y106.153 E193.21598
G1 X97.158 Y106.379 E193.237
G1 X96.412 Y106.774 E193.25806
G1 X95.771 Y107.32 E193.27907
G1 X95.26 Y107.99 E193.30008
G1 X94.907 Y108.757 E193.32115
G1 X94.726 Y109.579 E193.34214
G1 X94.726 Y110.421 E193.36315
G1 X94.907 Y111.243 E193.38414
G1 X95.26 Y112.01 E193.4052
G1 X95.771 Y112.68 E193.42622
G1 X96.412 Y113.226 E193.44723
G1 X97.158 Y113.621 E193.46829
G1 X97.97 Y113.847 E193.48931
G1 X98.811 Y113.892 E193.51032
G1 X99.643 Y113.756 E193.53135
G1 X100.425 Y113.443 E193.55236
G1 F3900 E190.05236
G0 F12000 X104.595 Y119.998
;TYPE:SKIN
G1 F3900 E193.55236
G1 F3000 X104.617 Y119.963 E193.55339
G1 X104.618 Y119.958 E193.55352
G1 X104.627 Y119.902 E193.55493
G1 X104.627 Y119.383 E193.56788
G1 X103.983 Y120.027 E193.5906
G1 X103.417 Y120.027 E193.60472
G1 X104.627 Y118.817 E193.6474
G1 X104.627 Y118.252 E193.6615
G1 X102.852 Y120.027 E193.72412
G1 X102.286 Y120.027 E193.73824
G1 X104.627 Y117.686 E193.82082
G1 X104.627 Y117.12 E193.83494
G1 X101.72 Y120.027 E193.93749
G1 X101.155 Y120.027 E193.95159
G1 X104.627 Y116.555 E194.07407
G1 X104.627 Y115.989 E194.08819
G1 X100.589 Y120.027 E194.23064
G1 X100.023 Y120.027 E194.24476
G1 X104.627 Y115.423 E194.40718
G1 X104.627 Y114.858 E194.42127
G1 X99.458 Y120.027 E194.60362
G1 X98.892 Y120.027 E194.61774
G1 X104.627 Y114.292 E194.82006
G1 X104.627 Y113.726 E194.83418
G1 X98.326 Y120.027 E195.05646
G1 X97.761 Y120.027 E195.07056
G1 X104.627 Y113.161 E195.31277
G1 X104.627 Y112.595 E195.32689
G1 X97.195 Y120.027 E195.58908
G1 X96.629 Y120.027 E195.60319
G1 X104.627 Y112.029 E195.88535
G1 X104.627 Y111.464 E195.89944
G1 X96.063 Y120.027 E196.20154
G1 X95.498 Y120.027 E196.21563
G1 X104.627 Y110.898 E196.53768
G1 X104.627 Y110.332 E196.5518
G1 X94.932 Y120.027 E196.89382
G1 X94.366 Y120.027 E196.90794
G1 X100.585 Y113.809 E197.12731
G1 X100.613 Y113.798 E197.12806
G1 X101.384 Y113.274 E197.15132
G1 X102.021 Y112.601 E197.17443
G0 F12000 X102.367 Y112.027
G1 F3000 X104.627 Y109.767 E197.25416
G1 X104.627 Y109.201 E197.26828
G1 X102.747 Y111.081 E197.3346
G1 X102.802 Y110.921 E197.33882
G1 X102.855 Y110.407 E197.35171
G1 X104.627 Y108.635 E197.41422
G1 X104.627 Y108.069 E197.42834
G1 X102.879 Y109.817 E197.49001
G1 X102.826 Y109.305 E197.50285
G1 X104.627 Y107.504 E197.56638
G1 X104.627 Y106.938 E197.5805
G1 X102.722 Y108.843 E197.64771
G1 X102.579 Y108.421 E197.65882
G1 X104.627 Y106.372 E197.73109
G1 X104.627 Y105.807 E197.74518
G1 X102.403 Y108.031 E197.82364
G1 X102.191 Y107.678 E197.83391
G1 X104.627 Y105.241 E197.91987
G1 X104.627 Y104.675 E197.93398
G1 X101.965 Y107.338 E198.02791
G1 X101.691 Y107.046 E198.0379
G1 X104.627 Y104.11 E198.14148
G1 X104.627 Y103.544 E198.15559
G1 X101.416 Y106.756 E198.26889
G1 X101.384 Y106.723 E198.27004
G1 X101.085 Y106.521 E198.27904
G1 X104.627 Y102.978 E198.40401
G1 X104.627 Y102.413 E198.4181
G1 X100.747 Y106.292 E198.55496
G1 X100.612 Y106.2 E198.55904
G1 X100.37 Y106.104 E198.56553
G1 X104.627 Y101.847 E198.71571
G1 X104.627 Y101.281 E198.72983
G1 X99.967 Y105.942 E198.89424
G1 X99.751 Y105.855 E198.90005
G1 X99.525 Y105.818 E198.90576
G1 X104.627 Y100.716 E199.08575
G1 X104.627 Y100.15 E199.09987
G1 X99.039 Y105.738 E199.297
G1 X98.833 Y105.704 E199.30221
G1 X98.489 Y105.723 E199.3108
G1 X104.24 Y99.971 E199.5137
G1 X103.675 Y99.971 E199.52779
G1 X97.887 Y105.759 E199.73198
G1 X97.102 Y105.978 E199.75231
G1 X103.109 Y99.971 E199.96422
G1 X102.543 Y99.971 E199.97834
G1 X92.573 Y109.942 E200.33008
G1 X92.573 Y109.376 E200.3442
G1 X101.978 Y99.971 E200.67599
G1 X101.412 Y99.971 E200.6901
G1 X92.573 Y108.811 E201.00194
G1 X92.573 Y108.245 E201.01606
G1 X100.846 Y99.971 E201.30793
G1 X100.281 Y99.97 E201.32202
G1 X92.573 Y107.679 E201.59396
G1 X92.573 Y107.113 E201.60808
G1 X99.716 Y99.97 E201.86007
G1 X99.15 Y99.97 E201.87419
G1 X92.573 Y106.548 E202.10623
G1 X92.573 Y105.982 E202.12035
G1 X98.584 Y99.97 E202.33242
G1 X98.019 Y99.97 E202.34651
G1 X92.573 Y105.416 E202.53864
G1 X92.573 Y104.851 E202.55273
G1 X97.453 Y99.97 E202.7249
G1 X96.887 Y99.97 E202.73902
G1 X92.573 Y104.285 E202.89123
G1 X92.573 Y103.719 E202.90535
G1 X96.322 Y99.97 E203.0376
G1 X95.757 Y99.97 E203.0517
G1 X92.573 Y103.154 E203.16402
G1 X92.573 Y102.588 E203.17814
G1 X95.191 Y99.97 E203.2705
G1 X94.625 Y99.97 E203.28461
G1 X92.573 Y102.022 E203.357
G1 X92.573 Y101.457 E203.3711
G1 X94.06 Y99.97 E203.42356
G1 X93.494 Y99.97 E203.43768
G1 X92.573 Y100.891 E203.47017
G1 X92.573 Y100.325 E203.48429
G1 X92.928 Y99.97 E203.49681
G0 F12000 X92.573 Y100.325
G1 F3000 X92.573 Y100.124 E203.50182
G1 X92.606 Y100.003 E203.50495
G1 X92.63 Y99.986 E203.50568
G1 X92.734 Y99.97 E203.50831
G1 F3900 E200.00831
G0 F12000 X97.102 Y105.978
G1 F3900 E203.50831
G1 F3000 X97.008 Y106.004 E203.51074
G1 X96.185 Y106.441 E203.53399
G1 X95.479 Y107.043 E203.55713
G1 X94.916 Y107.781 E203.58029
G0 F12000 X94.586 Y108.494
G1 F3000 X92.572 Y110.508 E203.65134
G1 X92.572 Y111.074 E203.66545
G1 X94.385 Y109.261 E203.72941
G1 X94.325 Y109.534 E203.73639
G1 X94.325 Y109.886 E203.74517
G1 X92.572 Y111.64 E203.80703
G1 X92.572 Y112.205 E203.82112
G1 X94.325 Y110.452 E203.88296
G1 X94.326 Y110.464 E203.88326
G1 X94.425 Y110.918 E203.89485
G1 X92.572 Y112.771 E203.96022
G1 X92.572 Y113.337 E203.97434
G1 X94.529 Y111.379 E204.0434
G1 X94.707 Y111.767 E204.05405
G1 X92.572 Y113.902 E204.12936
G1 X92.572 Y114.468 E204.14348
G1 X94.885 Y112.154 E204.2251
G1 X94.915 Y112.217 E204.22684
G1 X95.12 Y112.486 E204.23528
G1 X92.572 Y115.034 E204.32516
G1 X92.572 Y115.599 E204.33926
G1 X95.364 Y112.807 E204.43775
G1 X95.478 Y112.955 E204.44241
G1 X95.643 Y113.094 E204.44779
G1 X92.572 Y116.165 E204.55613
G1 X92.572 Y116.731 E204.57025
G1 X95.948 Y113.354 E204.68937
G1 X96.186 Y113.557 E204.69717
G1 X96.269 Y113.6 E204.6995
G1 X92.572 Y117.296 E204.82991
G1 X92.572 Y117.862 E204.84402
G1 X96.638 Y113.796 E204.98746
G1 X97.007 Y113.992 E204.99789
G1 X92.572 Y118.428 E205.15436
G1 X92.572 Y118.994 E205.16848
G1 X97.449 Y114.116 E205.34055
G1 X97.891 Y114.24 E205.352
G1 X92.572 Y119.559 E205.53964
G1 X92.571 Y119.871 E205.54742
G1 X92.587 Y119.971 E205.54995
G1 X92.599 Y119.988 E205.55047
G1 X92.684 Y120.013 E205.55268
G1 X98.426 Y114.271 E205.75524
G1 X98.833 Y114.293 E205.76541
G1 X98.997 Y114.266 E205.76956
G1 X93.235 Y120.027 E205.97281
G1 X93.801 Y120.027 E205.98693
G1 X99.673 Y114.155 E206.19408
G1 X99.75 Y114.143 E206.19602
G1 X100.585 Y113.809 E206.21846
G1 F3900 E202.71846
G1 F600 Z0.95
G0 F12000 X100.585 Y113.809 Z0.95
G0 X119.034 Y113.459
;TYPE:WALL-INNER
G1 F600 Z0.75
G1 F3900 E206.21846
G1 F5400 X119.79 Y113.5 E206.23734
G1 X120.538 Y113.378 E206.25625
G1 X121.241 Y113.096 E206.27514
G1 X121.871 Y112.67 E206.29411
G1 X122.389 Y112.12 E206.31296
G1 X122.781 Y111.472 E206.33185
G1 X123.024 Y110.752 E206.35081
G1 X123.104 Y110 E206.36967
G1 X123.024 Y109.248 E206.38854
G1 X122.781 Y108.528 E206.40749
G1 X122.389 Y107.88 E206.42638
G1 X121.871 Y107.33 E206.44523
G1 X121.241 Y106.904 E206.4642
G1 X120.538 Y106.622 E206.4831
G1 X119.79 Y106.5 E206.502
G1 X119.034 Y106.541 E206.52089
G1 X118.303 Y106.744 E206.53981
G1 X117.632 Y107.099 E206.55875
G1 X117.056 Y107.589 E206.57761
G1 X116.596 Y108.193 E206.59655
G1 X116.279 Y108.882 E206.61547
G1 X116.116 Y109.622 E206.63437
G1 X116.116 Y110.378 E206.65323
G1 X116.279 Y111.118 E206.67213
G1 X116.596 Y111.807 E206.69105
G1 X117.056 Y112.411 E206.70999
G1 X117.632 Y112.901 E206.72886
G1 X118.303 Y113.256 E206.74779
G1 X119.034 Y113.459 E206.76672
G0 F12000 X119.099 Y113.062
G1 F5400 X119.768 Y113.098 E206.78343
G1 X120.43 Y112.99 E206.80016
G1 X121.053 Y112.741 E206.8169
G1 X121.61 Y112.364 E206.83368
G1 X122.069 Y111.877 E206.85037
G1 X122.416 Y111.303 E206.8671
G1 X122.631 Y110.666 E206.88387
G1 X122.702 Y110 E206.90058
G1 X122.631 Y109.334 E206.91729
G1 X122.416 Y108.697 E206.93406
G1 X122.069 Y108.123 E206.95079
G1 X121.61 Y107.636 E206.96748
G1 X121.053 Y107.259 E206.98426
G1 X120.43 Y107.01 E207.001
G1 X119.768 Y106.902 E207.01773
G1 X119.099 Y106.938 E207.03444
G1 X118.452 Y107.118 E207.05119
G1 X117.858 Y107.432 E207.06795
G1 X117.348 Y107.866 E207.08466
G1 X116.941 Y108.4 E207.10141
G1 X116.66 Y109.01 E207.11816
G1 X116.516 Y109.665 E207.13489
G1 X116.516 Y110.335 E207.1516
G1 X116.66 Y110.99 E207.16833
G1 X116.941 Y111.6 E207.18509
G1 X117.348 Y112.134 E207.20183
G1 X117.858 Y112.568 E207.21854
G1 X118.452 Y112.882 E207.2353
G1 X119.099 Y113.062 E207.25205
G0 F12000 X119.164 Y112.665
;TYPE:WALL-OUTER
G1 F1800 X119.746 Y112.696 E207.26659
G1 X120.323 Y112.602 E207.28117
G1 X120.865 Y112.386 E207.29573
G1 X121.349 Y112.058 E207.31031
G1 X121.749 Y111.634 E207.32485
G1 X122.051 Y111.134 E207.33942
G1 X122.238 Y110.58 E207.35401
G1 X122.3 Y110 E207.36856
G1 X122.238 Y109.42 E207.38311
G1 X122.051 Y108.866 E207.3977
G1 X121.749 Y108.366 E207.41227
G1 X121.349 Y107.942 E207.42681
G1 X120.865 Y107.614 E207.44139
G1 X120.323 Y107.398 E207.45595
G1 X119.746 Y107.304 E207.47053
G1 X119.164 Y107.335 E207.48507
G1 X118.601 Y107.492 E207.49965
G1 X118.084 Y107.765 E207.51423
G1 X117.64 Y108.143 E207.52878
G1 X117.286 Y108.608 E207.54336
G1 X117.041 Y109.138 E207.55792
G1 X116.916 Y109.708 E207.57248
G1 X116.916 Y110.292 E207.58705
G1 X117.041 Y110.862 E207.6016
G1 X117.286 Y111.392 E207.61617
G1 X117.64 Y111.857 E207.63075
G1 X118.084 Y112.235 E207.64529
G1 X118.601 Y112.508 E207.65988
G1 X119.164 Y112.665 E207.67446
G0 F12000 X119.093 Y113.099
G1 F3900 E204.17446
G0 F12000 X119.083 Y113.16
G0 X113.356 Y120.772
;TYPE:WALL-INNER
G1 F3900 E207.67446
G1 F5400 X113.127 Y120.656 E207.68086
G1 X112.949 Y120.481 E207.68709
G1 X112.797 Y120.121 E207.69684
G1 X112.824 Y119.463 E207.71326
G1 X112.778 Y119.37 E207.71585
G1 X112.78 Y100.582 E208.18452
G1 X112.818 Y100.474 E208.18738
G1 X112.796 Y99.904 E208.20161
G1 X112.862 Y99.668 E208.20772
G1 X113.003 Y99.455 E208.21409
G1 X113.196 Y99.299 E208.22028
G1 X113.455 Y99.201 E208.22719
G1 X113.651 Y99.181 E208.2321
G1 X125.562 Y99.182 E208.52922
G1 X125.851 Y99.23 E208.53653
G1 X126.068 Y99.341 E208.54261
G1 X126.258 Y99.531 E208.54931
G1 X126.371 Y99.756 E208.5556
G1 X126.419 Y100.071 E208.56354
G1 X126.418 Y119.962 E209.05973
G1 X126.37 Y120.248 E209.06696
G1 X126.159 Y120.588 E209.07694
G1 X125.936 Y120.734 E209.08359
G1 X125.543 Y120.819 E209.09362
G1 X113.639 Y120.818 E209.39057
G1 X113.356 Y120.772 E209.39772
G0 F12000 X113.23 Y121.157
G1 F5400 X112.892 Y120.986 E209.40717
G1 X112.623 Y120.72 E209.41661
G1 X112.445 Y120.377 E209.42625
G1 X112.395 Y120.156 E209.4319
G1 X112.42 Y119.549 E209.44705
G1 X112.378 Y119.464 E209.44942
G1 X112.38 Y100.513 E209.92215
G1 X112.415 Y100.413 E209.9248
G1 X112.394 Y99.858 E209.93865
G1 X112.494 Y99.5 E209.94792
G1 X112.704 Y99.181 E209.95745
G1 X112.994 Y98.948 E209.96673
G1 X113.362 Y98.808 E209.97655
G1 X113.631 Y98.781 E209.98329
G1 X125.598 Y98.782 E210.28181
G1 X125.974 Y98.845 E210.29132
G1 X126.308 Y99.015 E210.30067
G1 X126.586 Y99.293 E210.31048
G1 X126.758 Y99.633 E210.31998
G1 X126.819 Y100.038 E210.3302
G1 X126.818 Y119.998 E210.8281
G1 X126.755 Y120.374 E210.83761
G1 X126.58 Y120.718 E210.84724
G1 X126.422 Y120.894 E210.85314
G1 X126.094 Y121.109 E210.86293
G1 X125.585 Y121.219 E210.87592
G1 X113.606 Y121.218 E211.17473
G1 X113.23 Y121.157 E211.18423
G0 F12000 X113.107 Y121.542
;TYPE:WALL-OUTER
G1 F1800 X112.654 Y121.314 E211.19689
G1 X112.297 Y120.96 E211.20943
G1 X112.067 Y120.518 E211.22186
G1 X111.993 Y120.19 E211.23024
G1 X112.016 Y119.634 E211.24412
G1 X111.978 Y119.557 E211.24627
G1 X111.98 Y100.445 E211.72302
G1 X112.012 Y100.353 E211.72545
G1 X111.992 Y99.812 E211.73895
G1 X112.126 Y99.332 E211.75138
G1 X112.404 Y98.909 E211.76401
G1 X112.795 Y98.596 E211.7765
G1 X113.267 Y98.416 E211.78911
G1 X113.611 Y98.381 E211.79773
G1 X125.628 Y98.382 E212.0975
G1 X126.103 Y98.462 E212.10951
G1 X126.546 Y98.687 E212.12191
G1 X126.913 Y99.054 E212.13485
G1 X127.143 Y99.509 E212.14757
G1 X127.219 Y100.011 E212.16024
G1 X127.218 Y120.028 E212.65956
G1 X127.138 Y120.503 E212.67158
G1 X126.913 Y120.946 E212.68397
G1 X126.685 Y121.2 E212.69249
G1 X126.261 Y121.478 E212.70513
G1 X125.772 Y121.609 E212.71776
G1 X125.589 Y121.619 E212.72233
G1 X113.572 Y121.618 E213.0221
G1 X113.107 Y121.542 E213.03385
G0 F12000 X113.242 Y121.124
G0 X113.361 Y120.338
;TYPE:SKIN
G1 F3000 X113.277 Y120.256 E213.03678
G1 X113.191 Y120.051 E213.04233
G1 X113.218 Y119.379 E213.0591
G1 X113.168 Y119.279 E213.06189
G1 X113.17 Y100.647 E213.52667
G1 X113.21 Y100.533 E213.52968
G1 X113.188 Y99.951 E213.54421
G1 X113.294 Y99.722 E213.55051
G1 X113.546 Y99.583 E213.55768
G1 X113.67 Y99.571 E213.56079
G1 X125.534 Y99.572 E213.85674
G1 X125.838 Y99.661 E213.86464
G1 X125.994 Y99.876 E213.87127
G1 X126.029 Y100.104 E213.87702
G1 X126.028 Y119.934 E214.37168
G1 X125.999 Y120.108 E214.37608
G1 X125.875 Y120.308 E214.38195
G1 X125.782 Y120.368 E214.38472
G1 X125.502 Y120.429 E214.39186
G1 X113.671 Y120.428 E214.68699
G1 X113.361 Y120.338 E214.69504
G1 F3900 E211.19504
G0 F12000 X117.412 Y113.226
G1 F3900 E214.69504
G1 F3000 X118.158 Y113.621 E214.7161
G1 X118.97 Y113.847 E214.73712
G1 X119.811 Y113.892 E214.75813
G1 X120.643 Y113.756 E214.77916
G1 X121.425 Y113.443 E214.80017
G1 X122.125 Y112.969 E214.82126
G1 X122.701 Y112.358 E214.84221
G1 X123.136 Y111.638 E214.86319
G1 X123.408 Y110.836 E214.88432
G1 X123.496 Y110 E214.90529
G1 X123.408 Y109.164 E214.92626
G1 X123.136 Y108.362 E214.94738
G1 X122.701 Y107.642 E214.96837
G1 X122.125 Y107.031 E214.98931
G1 X121.425 Y106.557 E215.0104
G1 X120.643 Y106.244 E215.03141
G1 X119.811 Y106.108 E215.05244
G1 X118.97 Y106.153 E215.07345
G1 X118.158 Y106.379 E215.09448
G1 X117.412 Y106.774 E215.11553
G1 X116.771 Y107.32 E215.13654
G1 X116.26 Y107.99 E215.15756
G1 X115.907 Y108.757 E215.17862
G1 X115.726 Y109.579 E215.19961
G1 X115.726 Y110.421 E215.22062
G1 X115.907 Y111.243 E215.24161
G1 X116.26 Y112.01 E215.26268
G1 X116.771 Y112.68 E215.2837
G1 X117.412 Y113.226 E215.3047
G1 F3900 E211.8047
G0 F12000 X125.594 Y119.999
;TYPE:SKIN
G1 F3900 E215.3047
G1 F3000 X125.616 Y119.964 E215.30573
G1 X125.627 Y119.902 E215.3073
G1 X125.627 Y119.88 E215.30785
G1 X125.482 Y120.025 E215.31297
G1 X125.462 Y120.029 E215.31347
G1 X124.912 Y120.029 E215.32719
G1 X125.627 Y119.314 E215.35242
G1 X125.627 Y118.748 E215.36654
G1 X124.346 Y120.029 E215.41173
G1 X123.781 Y120.029 E215.42582
G1 X125.627 Y118.182 E215.49096
G1 X125.627 Y117.617 E215.50506
G1 X123.215 Y120.029 E215.59015
G1 X122.649 Y120.029 E215.60426
G1 X125.627 Y117.051 E215.70932
G1 X125.627 Y116.485 E215.72344
G1 X122.084 Y120.029 E215.84845
G1 X121.519 Y120.028 E215.86254
G1 X125.627 Y115.92 E216.00746
G1 X125.627 Y115.354 E216.02158
G1 X120.953 Y120.028 E216.18647
G1 X120.387 Y120.028 E216.20059
G1 X125.627 Y114.788 E216.38544
G1 X125.627 Y114.223 E216.39954
G1 X119.822 Y120.028 E216.60432
G1 X119.256 Y120.028 E216.61844
G1 X125.627 Y113.657 E216.8432
G1 X125.627 Y113.091 E216.85732
G1 X118.69 Y120.028 E217.10204
G1 X118.125 Y120.028 E217.11613
G1 X125.627 Y112.526 E217.38078
G1 X125.627 Y111.96 E217.3949
G1 X117.56 Y120.027 E217.67949
G1 X116.994 Y120.027 E217.69361
G1 X125.627 Y111.394 E217.99816
G1 X125.627 Y110.829 E218.01225
G1 X116.428 Y120.027 E218.33676
G1 X115.862 Y120.027 E218.35087
G1 X125.627 Y110.263 E218.69534
G1 X125.628 Y109.697 E218.70946
G1 X123.471 Y111.853 E218.78554
G1 X123.499 Y111.807 E218.78688
G1 X123.782 Y110.976 E218.80878
G1 X125.628 Y109.131 E218.87389
G1 X125.628 Y108.565 E218.88801
G1 X123.863 Y110.33 E218.95027
G1 X123.897 Y109.999 E218.95857
G1 X123.872 Y109.755 E218.96469
G1 X125.628 Y107.999 E219.02664
G1 X125.628 Y107.434 E219.04073
G1 X123.819 Y109.243 E219.10455
G1 X123.801 Y109.078 E219.10869
G1 X123.704 Y108.791 E219.11625
G1 X125.628 Y106.868 E219.1841
G1 X125.628 Y106.302 E219.19822
G1 X123.56 Y108.37 E219.27118
G1 X123.499 Y108.191 E219.27589
G1 X123.376 Y107.988 E219.28181
G1 X125.628 Y105.737 E219.36124
G1 X125.628 Y105.171 E219.37536
G1 X123.164 Y107.635 E219.46228
G1 X123.02 Y107.397 E219.46922
G1 X122.931 Y107.302 E219.47247
G1 X125.628 Y104.605 E219.56761
G1 X125.628 Y104.04 E219.58171
G1 X122.656 Y107.012 E219.68655
G1 X122.384 Y106.725 E219.69642
G1 X122.38 Y106.722 E219.69654
G1 X125.628 Y103.474 E219.81112
G1 X125.628 Y102.908 E219.82524
G1 X122.043 Y106.493 E219.95171
G1 X121.705 Y106.265 E219.96188
G1 X125.628 Y102.343 E220.10026
G1 X125.628 Y101.777 E220.11438
G1 X121.32 Y106.085 E220.26636
G1 X120.916 Y105.923 E220.27721
G1 X125.628 Y101.211 E220.44344
G1 X125.628 Y100.646 E220.45754
G1 X120.464 Y105.81 E220.63971
G1 X119.978 Y105.73 E220.652
G1 X125.62 Y100.088 E220.85103
G1 X125.611 Y100.029 E220.85252
G1 X125.594 Y100.006 E220.85324
G1 X125.475 Y99.971 E220.85633
G1 X125.172 Y99.97 E220.86389
G1 X119.414 Y105.728 E221.06702
G1 X118.902 Y105.754 E221.07981
G1 X118.79 Y105.786 E221.08271
G1 X124.606 Y99.97 E221.28789
G1 X124.04 Y99.97 E221.30201
G1 X118.004 Y106.006 E221.51494
G1 X117.185 Y106.441 E221.53807
G1 X116.478 Y107.043 E221.56124
G1 X115.915 Y107.782 E221.58441
G1 F3900 E218.08441
G0 F12000 X116.623 Y111.002
G0 X117.319 Y112.161
G0 X118.438 Y112.919
G0 X119.641 Y113.129
G0 X123.02 Y112.601
G1 F3900 E221.58441
G1 F3000 X122.383 Y113.274 E221.60753
G1 X121.612 Y113.798 E221.63078
G1 X121.468 Y113.856 E221.63466
G1 X115.297 Y120.027 E221.85235
G1 X114.731 Y120.027 E221.86647
G1 X120.589 Y114.17 E222.07311
G1 X119.913 Y114.28 E222.0902
G1 X114.165 Y120.027 E222.29296
G1 X113.726 Y120.027 E222.30391
G1 X113.628 Y119.999 E222.30645
G1 X119.359 Y114.268 E222.50863
G1 X118.903 Y114.245 E222.52001
G1 X118.836 Y114.226 E222.52175
G1 X113.615 Y119.446 E222.70592
G1 X113.621 Y119.292 E222.70976
G1 X113.568 Y119.184 E222.71276
G1 X113.569 Y118.927 E222.71918
G1 X118.394 Y114.102 E222.88939
G1 X118.008 Y113.994 E222.89939
G1 X117.961 Y113.969 E222.90072
G1 X113.569 Y118.361 E223.05566
G1 X113.569 Y117.796 E223.06975
G1 X117.591 Y113.773 E223.21166
G1 X117.222 Y113.576 E223.22209
G1 X113.569 Y117.23 E223.35098
G1 X113.569 Y116.664 E223.3651
G1 X116.91 Y113.323 E223.48296
G1 X116.605 Y113.062 E223.49297
G1 X113.569 Y116.099 E223.60009
G1 X113.569 Y115.533 E223.61421
G1 X116.334 Y112.767 E223.71177
G1 X116.089 Y112.447 E223.72183
G1 X113.569 Y114.967 E223.81073
G1 X113.569 Y114.402 E223.82482
G1 X115.863 Y112.107 E223.90576
G1 X115.684 Y111.72 E223.9164
G1 X113.569 Y113.836 E223.99103
G1 X113.569 Y113.27 E224.00515
G1 X115.513 Y111.326 E224.07373
G1 X115.412 Y110.861 E224.0856
G1 X113.569 Y112.705 E224.15063
G1 X113.569 Y112.139 E224.16475
G1 X115.324 Y110.383 E224.22668
G1 X115.324 Y109.817 E224.2408
G1 X113.569 Y111.573 E224.30273
G1 X113.569 Y111.007 E224.31685
G1 X115.404 Y109.173 E224.38157
G1 X115.524 Y108.628 E224.39549
G1 X115.645 Y108.366 E224.40269
G1 X113.569 Y110.442 E224.47592
G1 X113.569 Y109.876 E224.49004
G1 X123.474 Y99.97 E224.83949
G1 X122.909 Y99.97 E224.85358
G1 X113.569 Y109.31 E225.18307
G1 X113.569 Y108.745 E225.19717
G1 X122.343 Y99.97 E225.50671
G1 X121.777 Y99.97 E225.52083
G1 X113.569 Y108.179 E225.81041
G1 X113.569 Y107.613 E225.82453
G1 X121.212 Y99.97 E226.09415
G1 X120.646 Y99.97 E226.10827
G1 X113.569 Y107.048 E226.35795
G1 X113.569 Y106.482 E226.37207
G1 X120.08 Y99.97 E226.60178
G1 X119.515 Y99.97 E226.61587
G1 X113.569 Y105.916 E226.82564
G1 X113.569 Y105.351 E226.83973
G1 X118.949 Y99.97 E227.02954
G1 X118.383 Y99.97 E227.04366
G1 X113.569 Y104.785 E227.2135
G1 X113.569 Y104.219 E227.22762
G1 X117.818 Y99.97 E227.37752
G1 X117.252 Y99.97 E227.39164
G1 X113.569 Y103.654 E227.52158
G1 X113.569 Y103.088 E227.5357
G1 X116.686 Y99.97 E227.64568
G1 X116.121 Y99.97 E227.65977
G1 X113.569 Y102.522 E227.7498
G1 X113.569 Y101.957 E227.7639
G1 X115.555 Y99.97 E227.83398
G1 X114.989 Y99.97 E227.84809
G1 X113.569 Y101.391 E227.89821
G1 X113.569 Y100.825 E227.91233
G1 X114.424 Y99.97 E227.94249
G1 X113.858 Y99.97 E227.95661
G1 X113.598 Y100.23 E227.96578
G1 X113.591 Y100.03 E227.97077
G1 X113.601 Y100.008 E227.97137
G1 X113.666 Y99.972 E227.97323
G1 X113.687 Y99.97 E227.97375
G1 F3900 E224.47375
G0 F12000 X125.823 Y99.802
G0 X125.545 Y100.089
;TYPE:SKIN
G1 F3900 E227.97375
G1 F1800 X125.545 Y100.23 E227.97411
G1 X125.367 Y100.052 E227.97473
G1 X125.225 Y100.052 E227.97509
G1 X125.545 Y100.372 E227.97622
G1 X125.545 Y100.513 E227.97657
G1 X125.084 Y100.052 E227.97819
G1 X124.942 Y100.052 E227.97855
G1 X125.545 Y100.655 E227.98068
G1 X125.545 Y100.796 E227.98103
G1 X124.801 Y100.052 E227.98365
G1 X124.66 Y100.052 E227.984
G1 X125.545 Y100.938 E227.98713
G1 X125.545 Y101.079 E227.98748
G1 X124.518 Y100.052 E227.9911
G1 X124.377 Y100.052 E227.99145
G1 X125.545 Y101.22 E227.99557
G1 X125.545 Y101.362 E227.99593
G1 X124.235 Y100.052 E228.00055
G1 X124.094 Y100.052 E228.0009
G1 X125.545 Y101.503 E228.00602
G1 X125.545 Y101.645 E228.00638
G1 X123.952 Y100.052 E228.01199
G1 X123.811 Y100.052 E228.01235
G1 X125.545 Y101.786 E228.01846
G1 X125.545 Y101.928 E228.01882
G1 X123.67 Y100.052 E228.02543
G1 X123.528 Y100.052 E228.02579
G1 X125.545 Y102.069 E228.0329
G1 X125.545 Y102.21 E228.03326
G1 X123.387 Y100.052 E228.04087
G1 X123.245 Y100.052 E228.04122
G1 X125.545 Y102.352 E228.04934
G1 X125.545 Y102.493 E228.04969
G1 X123.104 Y100.052 E228.0583
G1 X122.963 Y100.052 E228.05865
G1 X125.545 Y102.635 E228.06776
G1 X125.545 Y102.776 E228.06811
G1 X122.821 Y100.052 E228.07772
G1 X122.68 Y100.052 E228.07808
G1 X125.545 Y102.917 E228.08818
G1 X125.545 Y103.059 E228.08854
G1 X122.538 Y100.052 E228.09914
G1 X122.397 Y100.052 E228.0995
G1 X125.545 Y103.2 E228.1106
G1 X125.545 Y103.342 E228.11096
G1 X122.255 Y100.052 E228.12256
G1 X122.114 Y100.052 E228.12291
G1 X125.545 Y103.483 E228.13502
G1 X125.545 Y103.625 E228.13537
G1 X121.973 Y100.052 E228.14797
G1 X121.831 Y100.052 E228.14833
G1 X125.545 Y103.766 E228.16143
G1 X125.545 Y103.907 E228.16178
G1 X121.69 Y100.052 E228.17538
G1 X121.548 Y100.052 E228.17574
G1 X125.545 Y104.049 E228.18984
G1 X125.545 Y104.19 E228.19019
G1 X121.407 Y100.052 E228.20479
G1 X121.265 Y100.052 E228.20514
G1 X125.545 Y104.332 E228.22024
G1 X125.545 Y104.473 E228.22059
G1 X121.124 Y100.052 E228.23619
G1 X120.983 Y100.052 E228.23654
G1 X125.545 Y104.615 E228.25264
G1 X125.545 Y104.756 E228.25299
G1 X120.841 Y100.052 E228.26958
G1 X120.7 Y100.052 E228.26993
G1 X125.545 Y104.897 E228.28703
G1 X125.546 Y105.04 E228.28738
G1 X120.558 Y100.052 E228.30498
G1 X120.417 Y100.052 E228.30533
G1 X125.546 Y105.181 E228.32342
G1 X125.546 Y105.322 E228.32378
G1 X120.276 Y100.052 E228.34237
G1 X120.134 Y100.052 E228.34272
G1 X125.546 Y105.464 E228.36181
G1 X125.546 Y105.605 E228.36217
G1 X119.993 Y100.052 E228.38176
G1 X119.851 Y100.052 E228.38211
G1 X125.546 Y105.747 E228.4022
G1 X125.546 Y105.888 E228.40255
G1 X119.71 Y100.052 E228.42314
G1 X119.569 Y100.053 E228.42349
G1 X125.546 Y106.029 E228.44458
G1 X125.546 Y106.171 E228.44493
G1 X119.428 Y100.053 E228.46651
G1 X119.286 Y100.053 E228.46687
G1 X125.546 Y106.312 E228.48895
G1 X125.546 Y106.454 E228.4893
G1 X119.145 Y100.053 E228.51188
G1 X119.003 Y100.053 E228.51224
G1 X125.546 Y106.595 E228.53532
G1 X125.546 Y106.737 E228.53567
G1 X118.862 Y100.053 E228.55925
G1 X118.721 Y100.053 E228.5596
G1 X125.546 Y106.878 E228.58368
G1 X125.546 Y107.019 E228.58403
G1 X118.579 Y100.053 E228.60861
G1 X118.438 Y100.053 E228.60896
G1 X125.546 Y107.161 E228.63404
G1 X125.546 Y107.302 E228.63439
G1 X118.296 Y100.053 E228.65996
G1 X118.155 Y100.053 E228.66031
G1 X125.546 Y107.444 E228.68639
G1 X125.546 Y107.585 E228.68674
G1 X118.014 Y100.053 E228.71331
G1 X117.872 Y100.053 E228.71367
G1 X125.546 Y107.727 E228.74074
G1 X125.546 Y107.868 E228.74109
G1 X117.731 Y100.053 E228.76866
G1 X117.589 Y100.053 E228.76901
G1 X125.546 Y108.009 E228.79708
G1 X125.546 Y108.151 E228.79744
G1 X117.448 Y100.053 E228.826
G1 X117.306 Y100.053 E228.82636
G1 X125.546 Y108.292 E228.85543
G1 X125.546 Y108.434 E228.85578
G1 X117.165 Y100.053 E228.88535
G1 X117.024 Y100.053 E228.8857
G1 X125.546 Y108.575 E228.91576
G1 X125.546 Y108.716 E228.91611
G1 X116.882 Y100.053 E228.94668
G1 X116.741 Y100.053 E228.94703
G1 X125.546 Y108.858 E228.97809
G1 X125.546 Y108.999 E228.97844
G1 X116.599 Y100.053 E229.01
G1 X116.458 Y100.053 E229.01035
G1 X125.546 Y109.141 E229.04241
G1 X125.546 Y109.282 E229.04277
G1 X116.316 Y100.053 E229.07533
G1 X116.175 Y100.053 E229.07568
G1 X125.546 Y109.424 E229.10874
G1 X125.546 Y109.565 E229.10909
G1 X116.034 Y100.053 E229.14264
G1 X115.892 Y100.053 E229.143
G1 X125.546 Y109.706 E229.17705
G1 X125.546 Y109.848 E229.17741
G1 X115.751 Y100.053 E229.21196
G1 X115.609 Y100.053 E229.21232
G1 X125.546 Y109.989 E229.24737
G1 X125.546 Y110.131 E229.24772
G1 X115.468 Y100.053 E229.28328
G1 X115.326 Y100.053 E229.28363
G1 X125.546 Y110.273 E229.31969
G1 X125.546 Y110.414 E229.32004
G1 X115.185 Y100.053 E229.35659
G1 X115.044 Y100.053 E229.35694
G1 X125.546 Y110.556 E229.39399
G1 X125.546 Y110.697 E229.39434
G1 X114.902 Y100.053 E229.43189
G1 X114.761 Y100.053 E229.43224
G1 X125.546 Y110.838 E229.47029
G1 X125.546 Y110.98 E229.47064
G1 X114.619 Y100.053 E229.50919
G1 X114.478 Y100.053 E229.50954
G1 X125.546 Y111.121 E229.54859
G1 X125.546 Y111.263 E229.54894
G1 X114.337 Y100.053 E229.58849
G1 X114.195 Y100.053 E229.58884
G1 X125.546 Y111.404 E229.62889
G1 X125.546 Y111.546 E229.62924
G1 X114.054 Y100.053 E229.66978
G1 X113.912 Y100.053 E229.67014
G1 X125.546 Y111.687 E229.71118
G1 X125.546 Y111.828 E229.71153
G1 X113.771 Y100.053 E229.75307
G1 X113.651 Y100.053 E229.75337
G1 X113.651 Y100.074 E229.75342
G1 X121.275 Y107.698 E229.78032
G1 X121.199 Y107.641 E229.78056
G1 X120.934 Y107.48 E229.78133
G1 X120.899 Y107.464 E229.78142
G1 X113.651 Y100.216 E229.80699
G1 X113.651 Y100.357 E229.80735
G1 X120.64 Y107.347 E229.832
G1 X120.426 Y107.274 E229.83257
G1 X113.651 Y100.498 E229.85647
G1 X113.651 Y100.64 E229.85682
G1 X120.235 Y107.224 E229.88005
G1 X120.06 Y107.186 E229.8805
G1 X120.055 Y107.186 E229.88051
G1 X113.651 Y100.781 E229.9031
G1 X113.651 Y100.923 E229.90346
G1 X119.897 Y107.169 E229.92549
G1 X119.753 Y107.154 E229.92585
G1 X119.74 Y107.154 E229.92589
G1 X113.651 Y101.064 E229.94737
G1 X113.651 Y101.206 E229.94772
G1 X119.599 Y107.154 E229.96871
G1 X119.457 Y107.154 E229.96906
G1 X113.651 Y101.347 E229.98954
G1 X113.651 Y101.488 E229.9899
G1 X119.328 Y107.166 E230.00992
G1 X119.2 Y107.179 E230.01025
G1 X113.651 Y101.63 E230.02982
G1 X113.651 Y101.771 E230.03017
G1 X119.078 Y107.199 E230.04932
G1 X118.962 Y107.224 E230.04962
G1 X113.651 Y101.913 E230.06835
G1 X113.651 Y102.054 E230.0687
G1 X118.846 Y107.249 E230.08703
G1 X118.836 Y107.252 E230.08706
G1 X118.74 Y107.285 E230.08731
G1 X113.651 Y102.196 E230.10526
G1 X113.651 Y102.337 E230.10561
G1 X118.634 Y107.321 E230.12319
G1 X118.544 Y107.352 E230.12343
G1 X118.53 Y107.357 E230.12347
G1 X113.651 Y102.478 E230.14068
G1 X113.651 Y102.62 E230.14104
G1 X118.433 Y107.402 E230.1579
G1 X118.336 Y107.446 E230.15817
G1 X113.651 Y102.761 E230.1747
G1 X113.651 Y102.903 E230.17505
G1 X118.241 Y107.493 E230.19124
G1 X118.154 Y107.547 E230.1915
G1 X113.651 Y103.044 E230.20739
G1 X113.651 Y103.185 E230.20774
G1 X118.065 Y107.6 E230.22331
G1 X117.999 Y107.641 E230.2235
G1 X117.979 Y107.655 E230.22357
G1 X113.651 Y103.327 E230.23883
G1 X113.651 Y103.468 E230.23919
G1 X117.899 Y107.717 E230.25417
G1 X117.818 Y107.777 E230.25442
G1 X113.651 Y103.61 E230.26913
G1 X113.651 Y103.751 E230.26948
G1 X117.74 Y107.84 E230.2839
G1 X117.667 Y107.909 E230.28415
G1 X113.651 Y103.893 E230.29832
G1 X113.651 Y104.034 E230.29867
G1 X117.594 Y107.978 E230.31258
G1 X117.53 Y108.039 E230.3128
G1 X117.523 Y108.048 E230.31283
G1 X113.651 Y104.175 E230.32649
G1 X113.651 Y104.317 E230.32685
G1 X117.458 Y108.125 E230.34028
G1 X117.393 Y108.201 E230.34053
G1 X113.651 Y104.458 E230.35373
G1 X113.651 Y104.6 E230.35409
G1 X117.328 Y108.277 E230.36706
G1 X117.271 Y108.361 E230.36731
G1 X113.651 Y104.741 E230.38008
G1 X113.651 Y104.883 E230.38044
G1 X117.214 Y108.446 E230.39301
G1 X117.156 Y108.53 E230.39326
G1 X113.651 Y105.024 E230.40563
G1 X113.651 Y105.165 E230.40598
G1 X117.108 Y108.622 E230.41817
G1 X117.059 Y108.715 E230.41844
G1 X113.651 Y105.307 E230.43046
G1 X113.651 Y105.448 E230.43081
G1 X117.011 Y108.808 E230.44266
G1 X116.971 Y108.91 E230.44294
G1 X113.651 Y105.59 E230.45465
G1 X113.651 Y105.731 E230.455
G1 X116.93 Y109.011 E230.46657
G1 X116.898 Y109.091 E230.46679
G1 X116.892 Y109.114 E230.46684
G1 X113.651 Y105.872 E230.47828
G1 X113.651 Y106.014 E230.47863
G1 X116.862 Y109.225 E230.48996
G1 X116.831 Y109.336 E230.49025
G1 X113.651 Y106.155 E230.50147
G1 X113.651 Y106.297 E230.50182
G1 X116.806 Y109.452 E230.51295
G1 X116.786 Y109.573 E230.51326
G1 X113.651 Y106.438 E230.52432
G1 X113.651 Y106.58 E230.52467
G1 X116.765 Y109.694 E230.53566
G1 X116.758 Y109.828 E230.53599
G1 X113.651 Y106.721 E230.54695
G1 X113.651 Y106.862 E230.54731
G1 X116.751 Y109.962 E230.55824
G1 X116.748 Y109.999 E230.55833
G1 X116.755 Y110.108 E230.55861
G1 X113.651 Y107.004 E230.56956
G1 X113.651 Y107.145 E230.56991
G1 X116.763 Y110.258 E230.58089
G1 X116.766 Y110.307 E230.58101
G1 X116.785 Y110.421 E230.5813
G1 X113.651 Y107.287 E230.59236
G1 X113.651 Y107.428 E230.59271
G1 X116.812 Y110.59 E230.60386
G1 X116.816 Y110.612 E230.60392
G1 X116.863 Y110.782 E230.60436
G1 X113.651 Y107.57 E230.61569
G1 X113.651 Y107.711 E230.61604
G1 X116.93 Y110.991 E230.62761
G1 X117.012 Y111.196 E230.62816
G1 X117.031 Y111.233 E230.62826
G1 X113.651 Y107.852 E230.64019
G1 X113.651 Y107.994 E230.64054
G1 X117.223 Y111.566 E230.65314
G1 F3900 E227.15314
G0 F12000 X116.949 Y111.774
G0 X116.623 Y111.002
G0 X116.477 Y109.661
G0 X116.907 Y108.38
G0 X117.836 Y107.399
G0 X119.093 Y106.899
G0 X120.44 Y106.972
G0 X121.39 Y107.439
G0 X122.2 Y108.148
G1 F3900 E230.65314
G0 F12000 X121.903 Y108.327
G1 F1800 X125.546 Y111.97 E230.666
G1 X125.546 Y112.111 E230.66635
G1 X122.127 Y108.692 E230.67841
G1 X122.185 Y108.803 E230.67872
G1 X122.244 Y108.951 E230.67912
G1 X125.546 Y112.253 E230.69077
G1 X125.546 Y112.394 E230.69112
G1 X122.322 Y109.17 E230.70249
G1 X122.376 Y109.366 E230.703
G1 X125.546 Y112.536 E230.71418
G1 X125.546 Y112.677 E230.71453
G1 X122.407 Y109.537 E230.72561
G1 X122.432 Y109.692 E230.726
G1 X122.433 Y109.705 E230.72603
G1 X125.546 Y112.818 E230.73702
G1 X125.546 Y112.96 E230.73737
G1 X122.441 Y109.855 E230.74832
G1 X122.45 Y109.999 E230.74868
G1 X122.449 Y110.004 E230.7487
G1 X125.546 Y113.101 E230.75962
G1 X125.546 Y113.243 E230.75998
G1 X122.441 Y110.138 E230.77093
G1 X122.434 Y110.271 E230.77126
G1 X125.546 Y113.384 E230.78224
G1 X125.546 Y113.525 E230.78259
G1 X122.417 Y110.397 E230.79363
G1 X122.398 Y110.518 E230.79394
G1 X125.546 Y113.667 E230.80504
G1 X125.546 Y113.808 E230.8054
G1 X122.376 Y110.638 E230.81658
G1 X122.345 Y110.748 E230.81686
G1 X125.546 Y113.95 E230.82816
G1 X125.546 Y114.091 E230.82851
G1 X122.314 Y110.859 E230.83991
G1 X122.3 Y110.91 E230.84004
G1 X122.278 Y110.964 E230.84019
G1 X125.546 Y114.233 E230.85172
G1 X125.546 Y114.374 E230.85207
G1 X122.238 Y111.065 E230.86374
G1 X122.197 Y111.167 E230.86402
G1 X125.546 Y114.515 E230.87583
G1 X125.546 Y114.657 E230.87618
G1 X122.151 Y111.261 E230.88816
G1 X122.101 Y111.353 E230.88842
G1 X125.546 Y114.798 E230.90058
G1 X125.546 Y114.94 E230.90093
G1 X122.052 Y111.446 E230.91326
G1 X122.04 Y111.469 E230.91332
G1 X121.997 Y111.532 E230.91351
G1 X125.547 Y115.082 E230.92604
G1 X125.547 Y115.223 E230.92639
G1 X121.94 Y111.616 E230.93911
G1 X121.883 Y111.7 E230.93937
G1 X125.547 Y115.365 E230.95229
G1 X125.547 Y115.506 E230.95264
G1 X121.821 Y111.78 E230.96579
G1 X121.756 Y111.856 E230.96604
G1 X125.547 Y115.648 E230.97941
G1 X125.547 Y115.789 E230.97977
G1 X121.691 Y111.933 E230.99337
G1 X121.669 Y111.959 E230.99345
G1 X121.622 Y112.005 E230.99362
G1 X125.547 Y115.93 E231.00746
G1 X125.547 Y116.072 E231.00782
G1 X121.549 Y112.074 E231.02192
G1 X121.476 Y112.142 E231.02217
G1 X125.547 Y116.213 E231.03653
G1 X125.547 Y116.355 E231.03689
G1 X121.399 Y112.207 E231.05152
G1 X121.319 Y112.268 E231.05177
G1 X125.547 Y116.496 E231.06669
G1 X125.547 Y116.637 E231.06704
G1 X121.239 Y112.329 E231.08224
G1 X121.199 Y112.359 E231.08236
G1 X121.154 Y112.386 E231.08249
G1 X125.547 Y116.779 E231.09799
G1 X125.547 Y116.92 E231.09834
G1 X121.066 Y112.439 E231.11415
G1 X120.978 Y112.492 E231.1144
G1 X125.547 Y117.062 E231.13053
G1 X125.547 Y117.203 E231.13088
G1 X120.885 Y112.541 E231.14732
G1 X120.788 Y112.586 E231.14759
G1 X125.547 Y117.345 E231.16438
G1 X125.547 Y117.486 E231.16473
G1 X120.692 Y112.631 E231.18186
G1 X120.654 Y112.648 E231.18196
G1 X120.589 Y112.67 E231.18213
G1 X125.547 Y117.627 E231.19962
G1 X125.547 Y117.769 E231.19998
G1 X120.484 Y112.706 E231.21784
G1 X120.378 Y112.741 E231.21812
G1 X125.547 Y117.91 E231.23635
G1 X125.547 Y118.052 E231.2367
G1 X120.264 Y112.768 E231.25534
G1 X120.148 Y112.794 E231.25564
G1 X125.547 Y118.193 E231.27469
G1 X125.547 Y118.335 E231.27504
G1 X120.028 Y112.816 E231.29451
G1 X119.901 Y112.83 E231.29483
G1 X125.547 Y118.476 E231.31475
G1 X125.547 Y118.617 E231.3151
G1 X119.773 Y112.844 E231.33547
G1 X119.753 Y112.846 E231.33552
G1 X119.634 Y112.846 E231.33581
G1 X125.547 Y118.759 E231.35667
G1 X125.547 Y118.9 E231.35702
G1 X119.493 Y112.846 E231.37838
G1 X119.445 Y112.846 E231.3785
G1 X119.34 Y112.835 E231.37877
G1 X125.547 Y119.042 E231.40066
G1 X125.547 Y119.183 E231.40101
G1 X119.182 Y112.818 E231.42347
G1 X119.139 Y112.813 E231.42358
G1 X119.006 Y112.784 E231.42392
G1 X125.547 Y119.324 E231.44699
G1 X125.547 Y119.466 E231.44734
G1 X118.823 Y112.742 E231.47106
G1 X118.61 Y112.671 E231.47162
G1 X125.547 Y119.607 E231.49609
G1 X125.547 Y119.749 E231.49645
G1 X118.362 Y112.564 E231.5218
G1 X118.264 Y112.518 E231.52207
G1 X118.041 Y112.384 E231.52271
G1 X125.547 Y119.89 E231.54919
G1 X125.547 Y119.947 E231.54934
G1 X125.462 Y119.947 E231.54955
G1 X113.651 Y108.135 E231.59122
G1 X113.651 Y108.277 E231.59157
G1 X125.321 Y119.947 E231.63274
G1 X125.179 Y119.947 E231.63309
G1 X113.651 Y108.418 E231.67376
G1 X113.651 Y108.559 E231.67412
G1 X125.038 Y119.947 E231.71429
G1 X124.896 Y119.947 E231.71464
G1 X113.651 Y108.701 E231.75431
G1 X113.651 Y108.842 E231.75467
G1 X124.755 Y119.947 E231.79384
G1 X124.614 Y119.947 E231.79419
G1 X113.651 Y108.984 E231.83287
G1 X113.651 Y109.125 E231.83322
G1 X124.472 Y119.947 E231.87139
G1 X124.331 Y119.947 E231.87175
G1 X113.651 Y109.267 E231.90942
G1 X113.651 Y109.408 E231.90977
G1 X124.189 Y119.947 E231.94695
G1 X124.048 Y119.947 E231.9473
G1 X113.651 Y109.549 E231.98398
G1 X113.651 Y109.691 E231.98434
G1 X123.907 Y119.947 E232.02052
G1 X123.765 Y119.947 E232.02087
G1 X113.651 Y109.832 E232.05655
G1 X113.651 Y109.974 E232.05691
G1 X123.624 Y119.947 E232.09209
G1 X123.482 Y119.947 E232.09244
G1 X113.651 Y110.116 E232.12713
G1 X113.651 Y110.257 E232.12748
G1 X123.341 Y119.947 E232.16166
G1 X123.199 Y119.947 E232.16202
G1 X113.651 Y110.399 E232.1957
G1 X113.651 Y110.54 E232.19605
G1 X123.058 Y119.947 E232.22924
G1 X122.917 Y119.947 E232.22959
G1 X113.651 Y110.682 E232.26228
G1 X113.651 Y110.823 E232.26263
G1 X122.775 Y119.947 E232.29481
G1 X122.634 Y119.947 E232.29517
G1 X113.651 Y110.964 E232.32686
G1 X113.651 Y111.106 E232.32721
G1 X122.492 Y119.947 E232.3584
G1 X122.351 Y119.947 E232.35875
G1 X113.651 Y111.247 E232.38944
G1 X113.651 Y111.389 E232.3898
G1 X122.209 Y119.947 E232.41999
G1 X122.068 Y119.947 E232.42034
G1 X113.651 Y111.53 E232.45003
G1 X113.651 Y111.671 E232.45038
G1 X121.927 Y119.947 E232.47958
G1 X121.785 Y119.947 E232.47993
G1 X113.651 Y111.813 E232.50863
G1 X113.651 Y111.954 E232.50898
G1 X121.644 Y119.947 E232.53718
G1 X121.502 Y119.947 E232.53753
G1 X113.651 Y112.096 E232.56523
G1 X113.651 Y112.237 E232.56558
G1 X121.361 Y119.947 E232.59278
G1 X121.22 Y119.947 E232.59313
G1 X113.651 Y112.379 E232.61983
G1 X113.651 Y112.52 E232.62018
G1 X121.078 Y119.947 E232.64638
G1 X120.937 Y119.947 E232.64674
G1 X113.651 Y112.661 E232.67244
G1 X113.651 Y112.803 E232.67279
G1 X120.795 Y119.947 E232.698
G1 X120.654 Y119.947 E232.69835
G1 X113.651 Y112.944 E232.72305
G1 X113.651 Y113.086 E232.72341
G1 X120.512 Y119.947 E232.74761
G1 X120.371 Y119.947 E232.74796
G1 X113.651 Y113.227 E232.77167
G1 X113.651 Y113.369 E232.77202
G1 X120.23 Y119.947 E232.79523
G1 X120.088 Y119.947 E232.79558
G1 X113.651 Y113.51 E232.81829
G1 X113.651 Y113.651 E232.81864
G1 X119.947 Y119.947 E232.84086
G1 X119.805 Y119.947 E232.84121
G1 X113.651 Y113.793 E232.86292
G1 X113.651 Y113.934 E232.86327
G1 X119.664 Y119.947 E232.88448
G1 X119.522 Y119.947 E232.88484
G1 X113.651 Y114.076 E232.90555
G1 X113.651 Y114.217 E232.9059
G1 X119.381 Y119.947 E232.92612
G1 X119.24 Y119.947 E232.92647
G1 X113.651 Y114.358 E232.94618
G1 X113.651 Y114.5 E232.94654
G1 X119.098 Y119.947 E232.96575
G1 X118.957 Y119.947 E232.96611
G1 X113.651 Y114.641 E232.98482
G1 X113.651 Y114.783 E232.98518
G1 X118.815 Y119.947 E233.0034
G1 X118.674 Y119.947 E233.00375
G1 X113.651 Y114.924 E233.02147
G1 X113.651 Y115.066 E233.02182
G1 X118.533 Y119.947 E233.03904
G1 X118.391 Y119.947 E233.0394
G1 X113.651 Y115.207 E233.05612
G1 X113.651 Y115.348 E233.05647
G1 X118.25 Y119.947 E233.07269
G1 X118.108 Y119.947 E233.07305
G1 X113.651 Y115.49 E233.08877
G1 X113.651 Y115.631 E233.08912
G1 X117.967 Y119.947 E233.10435
G1 X117.825 Y119.947 E233.1047
G1 X113.651 Y115.773 E233.11943
G1 X113.651 Y115.914 E233.11978
G1 X117.684 Y119.947 E233.13401
G1 X117.543 Y119.947 E233.13436
G1 X113.651 Y116.056 E233.14809
G1 X113.651 Y116.197 E233.14844
G1 X117.401 Y119.947 E233.16167
G1 X117.26 Y119.947 E233.16202
G1 X113.651 Y116.338 E233.17475
G1 X113.651 Y116.48 E233.17511
G1 X117.118 Y119.947 E233.18734
G1 X116.977 Y119.947 E233.18769
G1 X113.651 Y116.621 E233.19942
G1 X113.651 Y116.763 E233.19978
G1 X116.835 Y119.947 E233.21101
G1 X116.694 Y119.947 E233.21136
G1 X113.651 Y116.904 E233.2221
G1 X113.651 Y117.045 E233.22245
G1 X116.553 Y119.947 E233.23268
G1 X116.411 Y119.947 E233.23304
G1 X113.651 Y117.187 E233.24278
G1 X113.651 Y117.328 E233.24313
G1 X116.27 Y119.947 E233.25237
G1 X116.128 Y119.947 E233.25272
G1 X113.651 Y117.47 E233.26146
G1 X113.651 Y117.611 E233.26181
G1 X115.987 Y119.947 E233.27005
G1 X115.846 Y119.947 E233.2704
G1 X113.651 Y117.753 E233.27815
G1 X113.651 Y117.894 E233.2785
G1 X115.704 Y119.947 E233.28574
G1 X115.563 Y119.947 E233.28609
G1 X113.651 Y118.035 E233.29284
G1 X113.651 Y118.177 E233.29319
G1 X115.421 Y119.947 E233.29943
G1 X115.28 Y119.947 E233.29979
G1 X113.651 Y118.318 E233.30553
G1 X113.651 Y118.46 E233.30589
G1 X115.138 Y119.947 E233.31113
G1 X114.997 Y119.947 E233.31148
G1 X113.651 Y118.601 E233.31623
G1 X113.651 Y118.743 E233.31659
G1 X114.856 Y119.947 E233.32084
G1 X114.714 Y119.947 E233.32119
G1 X113.651 Y118.884 E233.32494
G1 X113.651 Y119.025 E233.32529
G1 X114.573 Y119.947 E233.32855
G1 X114.431 Y119.947 E233.3289
G1 X113.651 Y119.167 E233.33165
G1 X113.651 Y119.308 E233.332
G1 X114.29 Y119.947 E233.33426
G1 X114.148 Y119.947 E233.33461
G1 X113.651 Y119.45 E233.33636
G1 X113.651 Y119.591 E233.33672
G1 X114.007 Y119.947 E233.33797
G1 X113.866 Y119.947 E233.33832
G1 X113.651 Y119.732 E233.33908
G1 X113.651 Y119.874 E233.33944
G1 X113.724 Y119.947 E233.33969
G1 F3900 E229.83969
G1 F600 Z0.95
G0 F12000 X113.724 Y119.947 Z0.95
G0 X100.199 Y112.357
G1 F600 Z0.75
G1 F3900 E233.33969
G1 F1800 X100.278 Y112.299 E233.33994
G1 X104.547 Y116.568 E233.355
G1 X104.547 Y116.427 E233.35535
G1 X100.358 Y112.238 E233.37013
G1 X100.438 Y112.176 E233.37038
G1 X104.547 Y116.285 E233.38488
G1 X104.547 Y116.144 E233.38523
G1 X100.512 Y112.108 E233.39946
G1 X100.585 Y112.04 E233.39971
G1 X104.547 Y116.002 E233.41369
G1 X104.547 Y115.861 E233.41404
G1 X100.658 Y111.971 E233.42776
G1 X100.67 Y111.959 E233.42781
G1 X100.723 Y111.895 E233.42801
G1 X104.547 Y115.72 E233.4415
G1 X104.547 Y115.578 E233.44186
G1 X100.788 Y111.819 E233.45512
G1 X100.853 Y111.742 E233.45537
G1 X104.547 Y115.437 E233.4684
G1 X104.547 Y115.295 E233.46876
G1 X100.911 Y111.659 E233.48159
G1 X100.969 Y111.575 E233.48184
G1 X104.547 Y115.154 E233.49446
G1 X104.547 Y115.013 E233.49482
G1 X101.026 Y111.491 E233.50724
G1 X101.042 Y111.469 E233.50731
G1 X101.077 Y111.401 E233.5075
G1 X104.547 Y114.871 E233.51974
G1 X104.547 Y114.73 E233.52009
G1 X101.126 Y111.309 E233.53216
G1 X101.175 Y111.216 E233.53242
G1 X104.547 Y114.588 E233.54432
G1 X104.547 Y114.447 E233.54467
G1 X101.218 Y111.117 E233.55641
G1 X101.257 Y111.015 E233.55669
G1 X104.547 Y114.305 E233.56829
G1 X104.547 Y114.164 E233.56865
G1 X101.297 Y110.914 E233.58011
G1 X101.3 Y110.908 E233.58013
G1 X101.329 Y110.804 E233.5804
G1 X104.547 Y114.023 E233.59175
G1 X104.547 Y113.881 E233.5921
G1 X101.36 Y110.694 E233.60335
G1 X101.383 Y110.611 E233.60356
G1 X101.388 Y110.58 E233.60364
G1 X104.547 Y113.74 E233.61479
G1 X104.547 Y113.598 E233.61514
G1 X101.408 Y110.459 E233.62621
G1 X101.428 Y110.337 E233.62652
G1 X104.547 Y113.457 E233.63753
G1 X104.547 Y113.315 E233.63788
G1 X101.438 Y110.206 E233.64885
G1 X101.446 Y110.073 E233.64918
G1 X104.547 Y113.174 E233.66012
G1 X104.547 Y113.033 E233.66047
G1 X101.446 Y109.931 E233.67142
G1 X101.438 Y109.781 E233.67179
G1 X104.547 Y112.891 E233.68276
G1 X104.547 Y112.75 E233.68311
G1 X101.422 Y109.624 E233.69414
G1 X101.394 Y109.455 E233.69456
G1 X104.547 Y112.608 E233.70569
G1 X104.547 Y112.467 E233.70604
G1 X101.351 Y109.271 E233.71731
G1 X101.3 Y109.088 E233.71779
G1 X101.293 Y109.071 E233.71783
G1 X104.547 Y112.326 E233.72932
G1 X104.547 Y112.184 E233.72967
G1 X101.2 Y108.837 E233.74148
G1 X101.186 Y108.802 E233.74157
G1 X101.051 Y108.546 E233.74229
G1 X104.547 Y112.043 E233.75463
G1 X104.547 Y111.901 E233.75498
G1 X92.698 Y100.052 E233.79678
G1 X92.84 Y100.052 E233.79714
G1 X104.547 Y111.76 E233.83844
G1 X104.547 Y111.618 E233.83879
G1 X92.981 Y100.052 E233.87959
G1 X93.123 Y100.052 E233.87995
G1 X104.547 Y111.477 E233.92025
G1 X104.547 Y111.336 E233.9206
G1 X93.264 Y100.052 E233.96041
G1 X93.405 Y100.052 E233.96076
G1 X104.547 Y111.194 E234.00007
G1 X104.547 Y111.053 E234.00042
G1 X93.547 Y100.052 E234.03923
G1 X93.688 Y100.052 E234.03958
G1 X104.547 Y110.911 E234.07789
G1 X104.547 Y110.77 E234.07824
G1 X93.83 Y100.052 E234.11605
G1 X93.971 Y100.052 E234.1164
G1 X104.547 Y110.628 E234.15371
G1 X104.547 Y110.487 E234.15406
G1 X94.113 Y100.052 E234.19087
G1 X94.254 Y100.052 E234.19122
G1 X104.547 Y110.346 E234.22753
G1 X104.547 Y110.204 E234.22789
G1 X94.395 Y100.052 E234.2637
G1 X94.537 Y100.052 E234.26406
G1 X104.547 Y110.063 E234.29937
G1 X104.547 Y109.921 E234.29973
G1 X94.678 Y100.052 E234.33454
G1 X94.82 Y100.052 E234.3349
G1 X104.547 Y109.779 E234.36921
G1 X104.547 Y109.638 E234.36956
G1 X94.961 Y100.052 E234.40338
G1 X95.103 Y100.052 E234.40373
G1 X104.547 Y109.496 E234.43705
G1 X104.547 Y109.355 E234.4374
G1 X95.244 Y100.052 E234.47022
G1 X95.385 Y100.052 E234.47057
G1 X104.547 Y109.214 E234.50289
G1 X104.547 Y109.072 E234.50325
G1 X95.527 Y100.052 E234.53507
G1 X95.668 Y100.052 E234.53542
G1 X104.547 Y108.931 E234.56674
G1 X104.547 Y108.789 E234.5671
G1 X95.81 Y100.052 E234.59792
G1 X95.951 Y100.052 E234.59827
G1 X104.547 Y108.648 E234.6286
G1 X104.547 Y108.506 E234.62895
G1 X96.092 Y100.052 E234.65878
G1 X96.234 Y100.052 E234.65913
G1 X104.547 Y108.365 E234.68846
G1 X104.547 Y108.224 E234.68881
G1 X96.375 Y100.052 E234.71764
G1 X96.517 Y100.052 E234.71799
G1 X104.547 Y108.082 E234.74632
G1 X104.547 Y107.941 E234.74667
G1 X96.658 Y100.052 E234.7745
G1 X96.8 Y100.052 E234.77486
G1 X104.547 Y107.799 E234.80219
G1 X104.547 Y107.658 E234.80254
G1 X96.941 Y100.052 E234.82937
G1 X97.082 Y100.052 E234.82972
G1 X104.547 Y107.517 E234.85606
G1 X104.547 Y107.375 E234.85641
G1 X97.224 Y100.052 E234.88224
G1 X97.365 Y100.052 E234.8826
G1 X104.547 Y107.234 E234.90793
G1 X104.547 Y107.092 E234.90829
G1 X97.507 Y100.052 E234.93312
G1 X97.648 Y100.052 E234.93347
G1 X104.547 Y106.951 E234.95781
G1 X104.547 Y106.809 E234.95817
G1 X97.79 Y100.052 E234.982
G1 X97.931 Y100.052 E234.98235
G1 X104.547 Y106.668 E235.00569
G1 X104.547 Y106.527 E235.00605
G1 X98.072 Y100.052 E235.02889
G1 X98.214 Y100.052 E235.02924
G1 X104.547 Y106.385 E235.05158
G1 X104.547 Y106.244 E235.05194
G1 X98.355 Y100.052 E235.07378
G1 X98.497 Y100.052 E235.07413
G1 X104.547 Y106.102 E235.09548
G1 X104.547 Y105.961 E235.09583
G1 X98.638 Y100.052 E235.11667
G1 X98.779 Y100.052 E235.11703
G1 X104.547 Y105.819 E235.13737
G1 X104.547 Y105.678 E235.13772
G1 X98.921 Y100.052 E235.15757
G1 X99.062 Y100.052 E235.15792
G1 X104.547 Y105.537 E235.17727
G1 X104.547 Y105.395 E235.17763
G1 X99.204 Y100.052 E235.19648
G1 X99.345 Y100.052 E235.19683
G1 X104.547 Y105.254 E235.21518
G1 X104.547 Y105.112 E235.21553
G1 X99.487 Y100.052 E235.23338
G1 X99.628 Y100.052 E235.23374
G1 X104.547 Y104.971 E235.25109
G1 X104.547 Y104.829 E235.25144
G1 X99.769 Y100.052 E235.2683
G1 X99.911 Y100.052 E235.26865
G1 X104.547 Y104.688 E235.28501
G1 X104.547 Y104.547 E235.28536
G1 X100.052 Y100.052 E235.30122
G1 X100.194 Y100.052 E235.30157
G1 X104.547 Y104.405 E235.31693
G1 X104.547 Y104.264 E235.31728
G1 X100.335 Y100.052 E235.33214
G1 X100.477 Y100.052 E235.33249
G1 X104.547 Y104.122 E235.34685
G1 X104.547 Y103.981 E235.3472
G1 X100.618 Y100.052 E235.36106
G1 X100.759 Y100.052 E235.36141
G1 X104.547 Y103.84 E235.37478
G1 X104.547 Y103.698 E235.37513
G1 X100.901 Y100.052 E235.38799
G1 X101.042 Y100.052 E235.38834
G1 X104.547 Y103.557 E235.40071
G1 X104.547 Y103.415 E235.40106
G1 X101.184 Y100.052 E235.41293
G1 X101.325 Y100.052 E235.41328
G1 X104.547 Y103.274 E235.42465
G1 X104.547 Y103.132 E235.425
G1 X101.466 Y100.052 E235.43587
G1 X101.608 Y100.052 E235.43622
G1 X104.547 Y102.991 E235.44659
G1 X104.547 Y102.85 E235.44694
G1 X101.749 Y100.052 E235.45681
G1 X101.891 Y100.052 E235.45717
G1 X104.547 Y102.708 E235.46654
G1 X104.547 Y102.567 E235.46689
G1 X102.032 Y100.052 E235.47576
G1 X102.174 Y100.052 E235.47611
G1 X104.547 Y102.425 E235.48449
G1 X104.547 Y102.284 E235.48484
G1 X102.315 Y100.052 E235.49271
G1 X102.456 Y100.052 E235.49306
G1 X104.547 Y102.142 E235.50044
G1 X104.547 Y102.001 E235.50079
G1 X102.598 Y100.052 E235.50766
G1 X102.739 Y100.052 E235.50802
G1 X104.547 Y101.86 E235.51439
G1 X104.547 Y101.718 E235.51475
G1 X102.881 Y100.052 E235.52063
G1 X103.022 Y100.052 E235.52098
G1 X104.547 Y101.577 E235.52636
G1 X104.547 Y101.435 E235.52671
G1 X103.164 Y100.052 E235.53159
G1 X103.305 Y100.052 E235.53194
G1 X104.547 Y101.294 E235.53632
G1 X104.547 Y101.153 E235.53668
G1 X103.446 Y100.052 E235.54056
G1 X103.588 Y100.052 E235.54091
G1 X104.547 Y101.011 E235.5443
G1 X104.547 Y100.87 E235.54465
G1 X103.729 Y100.052 E235.54753
G1 X103.871 Y100.052 E235.54789
G1 X104.547 Y100.728 E235.55027
G1 X104.547 Y100.587 E235.55063
G1 X104.012 Y100.052 E235.55251
G1 X104.154 Y100.052 E235.55287
G1 X104.547 Y100.445 E235.55425
G1 X104.547 Y100.304 E235.55461
G1 X104.295 Y100.052 E235.55549
G1 X104.436 Y100.052 E235.55585
G1 X104.547 Y100.163 E235.55624
G1 F3900 E232.05624
G0 F12000 X100.251 Y107.273
G1 F3900 E235.55624
G0 F12000 X100.059 Y107.555
G1 F1800 X92.652 Y100.147 E235.58237
G1 X92.652 Y100.288 E235.58272
G1 X99.764 Y107.401 E235.60781
G1 X99.655 Y107.351 E235.60811
G1 X99.53 Y107.309 E235.60844
G1 X92.652 Y100.43 E235.63271
G1 X92.652 Y100.571 E235.63306
G1 X99.324 Y107.244 E235.6566
G1 X99.142 Y107.203 E235.65706
G1 X92.652 Y100.713 E235.67996
G1 X92.652 Y100.854 E235.68031
G1 X98.973 Y107.176 E235.70261
G1 X98.815 Y107.159 E235.70301
G1 X92.652 Y100.996 E235.72475
G1 X92.652 Y101.137 E235.7251
G1 X98.667 Y107.152 E235.74632
G1 X98.526 Y107.152 E235.74667
G1 X92.652 Y101.278 E235.76739
G1 X92.652 Y101.42 E235.76775
G1 X98.391 Y107.159 E235.78799
G1 X98.263 Y107.173 E235.78831
G1 X92.652 Y101.561 E235.80811
G1 X92.652 Y101.703 E235.80846
G1 X98.136 Y107.187 E235.82781
G1 X98.019 Y107.212 E235.82811
G1 X92.652 Y101.844 E235.84704
G1 X92.652 Y101.986 E235.8474
G1 X97.903 Y107.237 E235.86592
G1 X97.836 Y107.252 E235.86609
G1 X97.792 Y107.267 E235.86621
G1 X92.652 Y102.127 E235.88434
G1 X92.652 Y102.268 E235.8847
G1 X97.686 Y107.303 E235.90246
G1 X97.58 Y107.338 E235.90273
G1 X92.652 Y102.41 E235.92012
G1 X92.652 Y102.551 E235.92047
G1 X97.481 Y107.38 E235.93751
G1 X97.384 Y107.425 E235.93777
G1 X92.652 Y102.693 E235.95447
G1 X92.652 Y102.834 E235.95482
G1 X97.287 Y107.469 E235.97117
G1 X97.265 Y107.48 E235.97123
G1 X97.197 Y107.521 E235.97143
G1 X92.652 Y102.975 E235.98746
G1 X92.652 Y103.117 E235.98782
G1 X97.109 Y107.574 E236.00354
G1 X97.02 Y107.627 E236.0038
G1 X92.652 Y103.258 E236.01921
G1 X92.652 Y103.4 E236.01957
G1 X96.938 Y107.686 E236.03469
G1 X96.858 Y107.748 E236.03494
G1 X92.652 Y103.541 E236.04978
G1 X92.652 Y103.683 E236.05013
G1 X96.778 Y107.809 E236.06469
G1 X96.755 Y107.827 E236.06476
G1 X96.703 Y107.875 E236.06494
G1 X92.652 Y103.824 E236.07923
G1 X92.652 Y103.965 E236.07958
G1 X96.631 Y107.944 E236.09362
G1 X96.558 Y108.013 E236.09387
G1 X92.652 Y104.107 E236.10765
G1 X92.652 Y104.248 E236.108
G1 X96.491 Y108.087 E236.12154
G1 X96.426 Y108.164 E236.12179
G1 X92.652 Y104.39 E236.13511
G1 X92.652 Y104.531 E236.13546
G1 X96.36 Y108.24 E236.14854
G1 X96.331 Y108.274 E236.14865
G1 X96.3 Y108.32 E236.14879
G1 X92.652 Y104.673 E236.16166
G1 X92.652 Y104.814 E236.16201
G1 X96.242 Y108.405 E236.17468
G1 X96.185 Y108.489 E236.17493
G1 X92.652 Y104.955 E236.1874
G1 X92.652 Y105.097 E236.18775
G1 X96.132 Y108.577 E236.20003
G1 X96.083 Y108.67 E236.20029
G1 X92.652 Y105.238 E236.21239
G1 X92.652 Y105.38 E236.21275
G1 X96.034 Y108.762 E236.22468
G1 X96.013 Y108.801 E236.22479
G1 X95.99 Y108.859 E236.22495
G1 X92.652 Y105.521 E236.23672
G1 X92.652 Y105.662 E236.23707
G1 X95.95 Y108.96 E236.24871
G1 X95.909 Y109.062 E236.24898
G1 X92.652 Y105.804 E236.26047
G1 X92.652 Y105.945 E236.26082
G1 X95.876 Y109.17 E236.2722
G1 X95.846 Y109.281 E236.27249
G1 X92.652 Y106.087 E236.28375
G1 X92.652 Y106.228 E236.28411
G1 X95.815 Y109.392 E236.29527
G1 X95.795 Y109.513 E236.29557
G1 X92.652 Y106.37 E236.30666
G1 X92.652 Y106.511 E236.30701
G1 X95.776 Y109.635 E236.31803
G1 X95.767 Y109.691 E236.31817
G1 X95.763 Y109.764 E236.31836
G1 X92.652 Y106.652 E236.32933
G1 X92.652 Y106.794 E236.32969
G1 X95.755 Y109.897 E236.34063
G1 X95.749 Y109.998 E236.34089
G1 X95.751 Y110.035 E236.34098
G1 X92.652 Y106.935 E236.35191
G1 X92.652 Y107.077 E236.35227
G1 X95.76 Y110.185 E236.36323
G1 X95.767 Y110.307 E236.36354
G1 X95.772 Y110.339 E236.36362
G1 X92.652 Y107.218 E236.37463
G1 X92.652 Y107.36 E236.37498
G1 X95.8 Y110.508 E236.38609
G1 X95.817 Y110.611 E236.38635
G1 X95.838 Y110.687 E236.38654
G1 X92.652 Y107.501 E236.39778
G1 X92.652 Y107.642 E236.39813
G1 X95.892 Y110.883 E236.40957
G1 X95.899 Y110.908 E236.40963
G1 X95.979 Y111.111 E236.41017
G1 X92.652 Y107.784 E236.42191
G1 X92.652 Y107.925 E236.42226
G1 X96.115 Y111.389 E236.43448
G1 X96.158 Y111.469 E236.43471
G1 X96.33 Y111.724 E236.43548
G1 X96.456 Y111.871 E236.43596
G1 X92.652 Y108.067 E236.44938
G1 X92.652 Y108.208 E236.44973
G1 X104.389 Y119.945 E236.49114
G1 X104.248 Y119.945 E236.49149
G1 X92.652 Y108.349 E236.53239
G1 X92.652 Y108.491 E236.53275
G1 X104.106 Y119.945 E236.57316
G1 X103.965 Y119.945 E236.57351
G1 X92.652 Y108.632 E236.61342
G1 X92.652 Y108.774 E236.61377
G1 X103.823 Y119.945 E236.65318
G1 X103.682 Y119.945 E236.65353
G1 X92.652 Y108.915 E236.69244
G1 X92.652 Y109.057 E236.6928
G1 X103.54 Y119.945 E236.73121
G1 X103.399 Y119.945 E236.73156
G1 X92.652 Y109.198 E236.76947
G1 X92.652 Y109.339 E236.76982
G1 X103.258 Y119.945 E236.80724
G1 X103.116 Y119.945 E236.80759
G1 X92.652 Y109.481 E236.84451
G1 X92.652 Y109.622 E236.84486
G1 X102.975 Y119.945 E236.88128
G1 X102.833 Y119.945 E236.88163
G1 X92.652 Y109.764 E236.91755
G1 X92.652 Y109.905 E236.9179
G1 X102.692 Y119.945 E236.95332
G1 X102.55 Y119.945 E236.95367
G1 X92.652 Y110.047 E236.98859
G1 X92.652 Y110.188 E236.98894
G1 X102.409 Y119.945 E237.02336
G1 X102.268 Y119.945 E237.02371
G1 X92.652 Y110.329 E237.05764
G1 X92.652 Y110.471 E237.05799
G1 X102.126 Y119.945 E237.09141
G1 X101.985 Y119.945 E237.09177
G1 X92.652 Y110.612 E237.12469
G1 X92.652 Y110.754 E237.12504
G1 X101.843 Y119.945 E237.15747
G1 X101.702 Y119.945 E237.15782
G1 X92.652 Y110.895 E237.18975
G1 X92.652 Y111.036 E237.1901
G1 X101.561 Y119.945 E237.22153
G1 X101.419 Y119.945 E237.22188
G1 X92.652 Y111.178 E237.25281
G1 X92.652 Y111.319 E237.25316
G1 X101.278 Y119.945 E237.28359
G1 X101.136 Y119.945 E237.28395
G1 X92.652 Y111.461 E237.31388
G1 X92.652 Y111.602 E237.31423
G1 X100.995 Y119.945 E237.34366
G1 X100.853 Y119.945 E237.34401
G1 X92.652 Y111.744 E237.37294
G1 X92.652 Y111.885 E237.3733
G1 X100.712 Y119.945 E237.40173
G1 X100.571 Y119.945 E237.40208
G1 X92.652 Y112.026 E237.43002
G1 X92.652 Y112.168 E237.43037
G1 X100.429 Y119.945 E237.45781
G1 X100.288 Y119.945 E237.45816
G1 X92.652 Y112.309 E237.4851
G1 X92.652 Y112.451 E237.48545
G1 X100.146 Y119.945 E237.51189
G1 X100.005 Y119.945 E237.51224
G1 X92.652 Y112.592 E237.53818
G1 X92.652 Y112.734 E237.53853
G1 X99.863 Y119.945 E237.56397
G1 X99.722 Y119.945 E237.56433
G1 X92.652 Y112.875 E237.58927
G1 X92.652 Y113.016 E237.58962
G1 X99.581 Y119.945 E237.61406
G1 X99.439 Y119.945 E237.61442
G1 X92.652 Y113.158 E237.63836
G1 X92.652 Y113.299 E237.63871
G1 X99.298 Y119.945 E237.66216
G1 X99.156 Y119.945 E237.66251
G1 X92.652 Y113.441 E237.68546
G1 X92.652 Y113.582 E237.68581
G1 X99.015 Y119.945 E237.70825
G1 X98.874 Y119.945 E237.70861
G1 X92.652 Y113.723 E237.73056
G1 X92.652 Y113.865 E237.73091
G1 X98.732 Y119.945 E237.75236
G1 X98.591 Y119.946 E237.75271
G1 X92.652 Y114.006 E237.77366
G1 X92.652 Y114.148 E237.77402
G1 X98.45 Y119.946 E237.79447
G1 X98.309 Y119.946 E237.79482
G1 X92.652 Y114.289 E237.81478
G1 X92.652 Y114.431 E237.81513
G1 X98.167 Y119.946 E237.83459
G1 X98.026 Y119.946 E237.83494
G1 X92.652 Y114.572 E237.8539
G1 X92.652 Y114.713 E237.85425
G1 X97.884 Y119.946 E237.87271
G1 X97.743 Y119.946 E237.87306
G1 X92.652 Y114.855 E237.89102
G1 X92.652 Y114.996 E237.89137
G1 X97.601 Y119.946 E237.90884
G1 X97.46 Y119.946 E237.90919
G1 X92.652 Y115.138 E237.92615
G1 X92.652 Y115.279 E237.9265
G1 X97.319 Y119.946 E237.94296
G1 X97.177 Y119.946 E237.94332
G1 X92.652 Y115.421 E237.95928
G1 X92.652 Y115.562 E237.95963
G1 X97.036 Y119.946 E237.9751
G1 X96.894 Y119.946 E237.97545
G1 X92.652 Y115.703 E237.99042
G1 X92.652 Y115.845 E237.99077
G1 X96.753 Y119.946 E238.00524
G1 X96.611 Y119.946 E238.0056
G1 X92.652 Y115.986 E238.01956
G1 X92.652 Y116.128 E238.01992
G1 X96.47 Y119.946 E238.03339
G1 X96.329 Y119.946 E238.03374
G1 X92.652 Y116.269 E238.04671
G1 X92.652 Y116.41 E238.04706
G1 X96.187 Y119.946 E238.05953
G1 X96.046 Y119.946 E238.05989
G1 X92.652 Y116.552 E238.07186
G1 X92.652 Y116.693 E238.07221
G1 X95.904 Y119.946 E238.08369
G1 X95.763 Y119.946 E238.08404
G1 X92.652 Y116.835 E238.09501
G1 X92.652 Y116.976 E238.09536
G1 X95.622 Y119.946 E238.10584
G1 X95.48 Y119.946 E238.1062
G1 X92.652 Y117.118 E238.11617
G1 X92.652 Y117.259 E238.11652
G1 X95.339 Y119.946 E238.126
G1 X95.197 Y119.946 E238.12636
G1 X92.652 Y117.4 E238.13534
G1 X92.652 Y117.542 E238.13569
G1 X95.056 Y119.946 E238.14417
G1 X94.914 Y119.946 E238.14453
G1 X92.652 Y117.683 E238.15251
G1 X92.652 Y117.825 E238.15286
G1 X94.773 Y119.946 E238.16034
G1 X94.632 Y119.946 E238.1607
G1 X92.652 Y117.966 E238.16768
G1 X92.652 Y118.108 E238.16804
G1 X94.49 Y119.946 E238.17452
G1 X94.349 Y119.946 E238.17487
G1 X92.652 Y118.249 E238.18086
G1 X92.652 Y118.39 E238.18121
G1 X94.207 Y119.946 E238.1867
G1 X94.066 Y119.946 E238.18705
G1 X92.652 Y118.532 E238.19204
G1 X92.652 Y118.673 E238.19239
G1 X93.924 Y119.946 E238.19688
G1 X93.783 Y119.946 E238.19723
G1 X92.652 Y118.815 E238.20122
G1 X92.652 Y118.956 E238.20157
G1 X93.642 Y119.946 E238.20506
G1 X93.5 Y119.946 E238.20542
G1 X92.652 Y119.097 E238.20841
G1 X92.652 Y119.239 E238.20877
G1 X93.359 Y119.946 E238.21126
G1 X93.217 Y119.946 E238.21161
G1 X92.652 Y119.38 E238.21361
G1 X92.652 Y119.522 E238.21396
G1 X93.076 Y119.946 E238.21546
G1 X92.935 Y119.946 E238.21581
G1 X92.652 Y119.663 E238.21681
G1 X92.652 Y119.805 E238.21716
G1 X92.793 Y119.946 E238.21766
G1 X92.652 Y119.947 E238.21801
G1 F3900 E234.71801
G0 F12000 X96.544 Y112.431
G1 F3900 E238.21801
G0 F12000 X96.761 Y112.176
G1 F1800 X104.53 Y119.945 E238.24542
G1 X104.547 Y119.945 E238.24546
G1 X104.547 Y119.821 E238.24577
G1 X97.215 Y112.488 E238.27164
G1 X97.264 Y112.518 E238.27178
G1 X97.49 Y112.622 E238.2724
G1 X104.547 Y119.679 E238.2973
G1 X104.547 Y119.538 E238.29765
G1 X97.713 Y112.704 E238.32176
G1 X97.837 Y112.746 E238.32208
G1 X97.913 Y112.763 E238.32228
G1 X104.547 Y119.397 E238.34568
G1 X104.547 Y119.255 E238.34604
G1 X98.094 Y112.802 E238.3688
G1 X98.14 Y112.812 E238.36892
G1 X98.259 Y112.825 E238.36922
G1 X104.547 Y119.114 E238.3914
G1 X104.547 Y118.972 E238.39176
G1 X98.417 Y112.842 E238.41338
G1 X98.446 Y112.845 E238.41345
G1 X98.562 Y112.845 E238.41374
G1 X104.547 Y118.831 E238.43486
G1 X104.547 Y118.689 E238.43521
G1 X98.703 Y112.845 E238.45583
G1 X98.753 Y112.845 E238.45595
G1 X98.835 Y112.836 E238.45616
G1 X104.547 Y118.548 E238.47631
G1 X104.547 Y118.407 E238.47666
G1 X98.963 Y112.823 E238.49636
G1 X99.06 Y112.812 E238.4966
G1 X99.088 Y112.806 E238.49668
G1 X104.547 Y118.265 E238.51593
G1 X104.547 Y118.124 E238.51629
G1 X99.204 Y112.781 E238.53513
G1 X99.32 Y112.755 E238.53543
G1 X104.547 Y117.982 E238.55387
G1 X104.547 Y117.841 E238.55422
G1 X99.43 Y112.724 E238.57227
G1 X99.535 Y112.688 E238.57255
G1 X104.547 Y117.7 E238.59023
G1 X104.547 Y117.558 E238.59059
G1 X99.641 Y112.652 E238.60789
G1 X99.654 Y112.647 E238.60793
G1 X99.739 Y112.608 E238.60816
G1 X104.547 Y117.417 E238.62513
G1 X104.547 Y117.275 E238.62548
G1 X99.836 Y112.564 E238.6421
G1 X99.933 Y112.519 E238.64237
G1 X104.547 Y117.134 E238.65864
G1 X104.547 Y116.992 E238.659
G1 X100.021 Y112.466 E238.67497
G1 X100.109 Y112.413 E238.67522
G1 X104.547 Y116.851 E238.69088
G1 X104.547 Y116.71 E238.69123
G1 X100.197 Y112.359 E238.70658
G1 F3900 E235.20658
G1 F600 Z0.95
;MESH:NONMESH
G0 F12000 X100.553 Y112.886 Z0.95
G0 X89.023 Y103.835
;TIME_ELAPSED:303.668746
;LAYER:4
G0 X89.023 Y103.835 Z1.1
;TYPE:SUPPORT
G1 F600 Z0.9
G1 F3900 E238.70658
G1 F6000 X89.046 Y105.71 E238.75335
G1 X89.72 Y106.387 E238.77718
G1 X89.72 Y103.824 E238.84112
G1 X89.023 Y103.835 E238.85851
G1 F3900 E235.35851
G1 F600 Z1.1
G0 F12000 X89.721 Y113.284 Z1.1
G1 F600 Z0.9
G1 F3900 E238.85851
G1 F6000 X89.721 Y116.189 E238.93097
G1 X88.969 Y116.178 E238.94973
G1 X88.969 Y113.896 E239.00666
G1 X89.152 Y113.905 E239.01123
G1 X89.595 Y113.615 E239.02444
G1 X89.721 Y113.284 E239.03327
G1 F3900 E235.53327
G1 F600 Z1.1
;MESH:filament_filter_idig3d.stl
G0 F12000 X105.131 Y120.743 Z1.1
;TYPE:WALL-INNER
G1 F600 Z0.9
G1 F3900 E239.03327
G1 F5400 X105.44 Y120.353 E239.04568
G1 X105.498 Y120.043 E239.05355
G1 X105.497 Y99.885 E239.55639
G1 X105.38 Y99.537 E239.56555
G1 X105.112 Y99.248 E239.57538
G1 X104.748 Y99.109 E239.5851
G1 X104.616 Y99.102 E239.5884
G1 X92.479 Y99.103 E239.89116
G1 X92.067 Y99.257 E239.90213
G1 X91.759 Y99.653 E239.91464
G1 X91.702 Y99.941 E239.92197
G1 X91.703 Y120.061 E240.42386
G1 X91.813 Y120.456 E240.43409
G1 X92.103 Y120.765 E240.44466
G1 X92.534 Y120.898 E240.45591
G1 X104.722 Y120.897 E240.75995
G1 X105.131 Y120.743 E240.77085
G0 F12000 X104.886 Y120.408
;TYPE:WALL-OUTER
G1 F1800 X105.065 Y120.182 E240.77804
G1 X105.098 Y120.006 E240.78251
G1 X105.097 Y99.951 E241.28278
G1 X105.028 Y99.746 E241.28818
G1 X104.882 Y99.588 E241.29354
G1 X104.664 Y99.505 E241.29936
G1 X104.606 Y99.502 E241.30081
G1 X92.551 Y99.503 E241.60152
G1 X92.313 Y99.592 E241.60786
G1 X92.133 Y99.824 E241.61519
G1 X92.102 Y99.98 E241.61915
G1 X92.103 Y120.006 E242.1187
G1 X92.172 Y120.254 E242.12513
G1 X92.322 Y120.414 E242.1306
G1 X92.594 Y120.498 E242.1377
G1 X104.649 Y120.497 E242.43841
G1 X104.886 Y120.408 E242.44473
G0 F12000 X105.145 Y120.763
G0 X104.568 Y121.38
;TYPE:WALL-INNER
G1 F5400 X92.642 Y121.381 E242.74222
G1 X92.172 Y121.309 E242.75408
G1 X91.91 Y121.191 E242.76125
G1 X91.678 Y121.022 E242.76841
G1 X91.45 Y120.753 E242.77721
G1 X91.288 Y120.419 E242.78647
G1 X91.221 Y119.989 E242.79732
G1 X91.22 Y100.034 E243.2951
G1 X91.254 Y99.709 E243.30325
G1 X91.34 Y99.444 E243.3102
G1 X91.483 Y99.197 E243.31732
G1 X91.727 Y98.937 E243.32622
G1 X92.042 Y98.741 E243.33547
G1 X92.303 Y98.656 E243.34232
G1 X92.634 Y98.62 E243.35062
G1 X104.558 Y98.619 E243.64807
G1 X105.028 Y98.691 E243.65993
G1 X105.29 Y98.809 E243.6671
G1 X105.522 Y98.978 E243.67426
G1 X105.748 Y99.244 E243.68297
G1 X105.91 Y99.581 E243.69229
G1 X105.98 Y100.029 E243.7036
G1 X105.985 Y104.515 E243.81551
G1 X105.985 Y115.499 E244.0895
G1 X105.981 Y117.694 E244.14426
G1 X105.98 Y119.968 E244.20098
G1 X105.948 Y120.279 E244.20878
G1 X105.858 Y120.559 E244.21612
G1 X105.721 Y120.797 E244.22297
G1 X105.47 Y121.065 E244.23213
G1 X105.158 Y121.259 E244.24129
G1 X104.894 Y121.345 E244.24822
G1 X104.568 Y121.38 E244.2564
G0 F12000 X104.591 Y121.78
;TYPE:WALL-OUTER
G1 F1800 X92.613 Y121.781 E244.55519
G1 X92.056 Y121.695 E244.56925
G1 X91.711 Y121.54 E244.57869
G1 X91.402 Y121.315 E244.58822
G1 X91.112 Y120.973 E244.59941
G1 X90.906 Y120.549 E244.61116
G1 X90.831 Y120.18 E244.62056
G1 X90.821 Y119.989 E244.62533
G1 X90.82 Y100.012 E245.12366
G1 X90.86 Y99.627 E245.13331
G1 X90.973 Y99.281 E245.14239
G1 X91.16 Y98.957 E245.15172
G1 X91.472 Y98.625 E245.16309
G1 X91.871 Y98.376 E245.17482
G1 X92.222 Y98.262 E245.18403
G1 X92.609 Y98.22 E245.19374
G1 X104.587 Y98.219 E245.49253
G1 X105.144 Y98.305 E245.50659
G1 X105.489 Y98.46 E245.51602
G1 X105.798 Y98.685 E245.52556
G1 X106.085 Y99.023 E245.53662
G1 X106.296 Y99.46 E245.54872
G1 X106.38 Y100 E245.56236
G1 X106.385 Y104.515 E245.67498
G1 X106.385 Y115.5 E245.94901
G1 X106.381 Y117.695 E246.00376
G1 X106.38 Y119.988 E246.06096
G1 X106.342 Y120.363 E246.07036
G1 X106.226 Y120.723 E246.0798
G1 X106.045 Y121.037 E246.08884
G1 X105.728 Y121.375 E246.1004
G1 X105.329 Y121.624 E246.11213
G1 X104.976 Y121.739 E246.12139
G1 X104.591 Y121.78 E246.13105
G0 F12000 X104.568 Y121.341
G0 X104.449 Y121.137
;TYPE:SKIN
G1 F3000 X104.167 Y121.137 E246.13254
G1 X95.682 Y121.138 E246.17754
G1 X92.566 Y121.133 E246.19406
G1 X92.2 Y121.05 E246.19605
G1 X91.539 Y120.389 E246.201
G1 X91.461 Y119.462 E246.20594
G1 X91.461 Y100.229 E246.30792
G1 X91.579 Y99.498 E246.31184
G1 X91.977 Y99.048 E246.31503
G1 X92.64 Y98.863 E246.31868
G1 X98.86 Y98.86 E246.35166
G1 X104.517 Y98.86 E246.38165
G1 X104.844 Y98.904 E246.3834
G1 X105.415 Y99.193 E246.3868
G1 X105.693 Y99.754 E246.39012
G1 X105.738 Y101.213 E246.39786
G1 X105.74 Y107.72 E246.43236
G1 X105.741 Y114.509 E246.46836
G1 X105.738 Y119.88 E246.49684
G1 X105.577 Y120.567 E246.50058
G1 X105.146 Y120.985 E246.50376
G1 X104.722 Y121.127 E246.50613
G0 F12000 X104.655 Y120.968
G1 F3900 E243.00613
G1 F600 Z1.1
G0 F12000 X104.62 Y120.971 Z1.1
G0 X113.086 Y120.751
;TYPE:WALL-INNER
G1 F600 Z0.9
G1 F3900 E246.50613
G1 F5400 X113.44 Y120.89 E246.51562
G1 X113.582 Y120.898 E246.51917
G1 X125.722 Y120.897 E246.822
G1 X126.13 Y120.744 E246.83287
G1 X126.44 Y120.354 E246.8453
G1 X126.498 Y120.043 E246.85319
G1 X126.496 Y99.875 E247.35628
G1 X126.371 Y99.528 E247.36548
G1 X126.115 Y99.251 E247.37489
G1 X125.761 Y99.111 E247.38439
G1 X125.618 Y99.102 E247.38796
G1 X113.479 Y99.103 E247.69077
G1 X113.067 Y99.257 E247.70174
G1 X112.759 Y99.652 E247.71424
G1 X112.702 Y99.941 E247.72159
G1 X112.703 Y120.054 E248.22331
G1 X112.792 Y120.422 E248.23275
G1 X113.086 Y120.751 E248.24376
G0 F12000 X113.321 Y120.413
;TYPE:WALL-OUTER
G1 F1800 X113.527 Y120.494 E248.24928
G1 X113.594 Y120.498 E248.25095
G1 X125.649 Y120.497 E248.55167
G1 X125.886 Y120.408 E248.55798
G1 X126.065 Y120.183 E248.56515
G1 X126.098 Y120.006 E248.56965
G1 X126.096 Y99.945 E249.07007
G1 X126.022 Y99.74 E249.07551
G1 X125.883 Y99.589 E249.08063
G1 X125.673 Y99.506 E249.08626
G1 X125.606 Y99.502 E249.08793
G1 X113.551 Y99.503 E249.38865
G1 X113.313 Y99.592 E249.39498
G1 X113.133 Y99.823 E249.40229
G1 X113.102 Y99.98 E249.40628
G1 X113.103 Y120.006 E249.90583
G1 X113.157 Y120.23 E249.91158
G1 X113.321 Y120.413 E249.91771
G0 F12000 X113.07 Y120.774
G0 X113.172 Y121.308
;TYPE:WALL-INNER
G1 F5400 X112.923 Y121.198 E249.9245
G1 X112.58 Y120.924 E249.93545
G1 X112.41 Y120.693 E249.94261
G1 X112.298 Y120.446 E249.94937
G1 X112.225 Y119.998 E249.96069
G1 X112.254 Y119.609 E249.97042
G1 X112.215 Y119.435 E249.97487
G1 X112.215 Y100.562 E250.44566
G1 X112.25 Y100.397 E250.44987
G1 X112.235 Y99.825 E250.46414
G1 X112.293 Y99.569 E250.47069
G1 X112.496 Y99.179 E250.48166
G1 X112.731 Y98.934 E250.49013
G1 X113.054 Y98.737 E250.49956
G1 X113.313 Y98.654 E250.50635
G1 X113.634 Y98.62 E250.5144
G1 X125.558 Y98.619 E250.81185
G1 X126.028 Y98.691 E250.82371
G1 X126.29 Y98.809 E250.83087
G1 X126.522 Y98.978 E250.83803
G1 X126.748 Y99.244 E250.84674
G1 X126.91 Y99.581 E250.85607
G1 X126.98 Y100.029 E250.86738
G1 X126.981 Y119.959 E251.36454
G1 X126.909 Y120.426 E251.37632
G1 X126.792 Y120.689 E251.3835
G1 X126.622 Y120.922 E251.3907
G1 X126.348 Y121.154 E251.39965
G1 X125.894 Y121.345 E251.41194
G1 X125.568 Y121.38 E251.42012
G1 X113.641 Y121.381 E251.71764
G1 X113.172 Y121.308 E251.72948
G0 F12000 X113.057 Y121.695
;TYPE:WALL-OUTER
G1 F1800 X112.715 Y121.544 E251.73881
G1 X112.288 Y121.202 E251.75245
G1 X112.065 Y120.9 E251.76182
G1 X111.911 Y120.561 E251.7711
G1 X111.822 Y120.015 E251.7849
G1 X111.851 Y119.638 E251.79434
G1 X111.815 Y119.479 E251.7984
G1 X111.815 Y100.523 E252.27126
G1 X111.849 Y100.361 E252.27539
G1 X111.834 Y99.787 E252.28972
G1 X111.914 Y99.431 E252.29882
G1 X112.167 Y98.944 E252.31251
G1 X112.481 Y98.618 E252.3238
G1 X112.886 Y98.371 E252.33563
G1 X113.229 Y98.26 E252.34462
G1 X113.611 Y98.22 E252.35421
G1 X125.587 Y98.219 E252.65295
G1 X126.144 Y98.305 E252.66701
G1 X126.489 Y98.46 E252.67644
G1 X126.798 Y98.685 E252.68598
G1 X127.085 Y99.023 E252.69704
G1 X127.296 Y99.46 E252.70914
G1 X127.38 Y100 E252.72277
G1 X127.381 Y119.987 E253.22135
G1 X127.296 Y120.54 E253.23531
G1 X127.14 Y120.889 E253.24485
G1 X126.915 Y121.198 E253.25438
G1 X126.577 Y121.485 E253.26544
G1 X126.329 Y121.624 E253.27253
G1 X125.976 Y121.739 E253.28179
G1 X125.591 Y121.78 E253.29145
G1 X113.612 Y121.781 E253.59027
G1 X113.057 Y121.695 E253.60428
G0 F12000 X113.18 Y121.273
G0 X113.091 Y121.011
;TYPE:SKIN
G1 F3000 X112.615 Y120.535 E253.6079
G1 X112.471 Y119.825 E253.61181
G1 X112.458 Y114.72 E253.6393
G1 X112.457 Y106.8 E253.68196
G1 X112.461 Y100.582 E253.71545
G1 X112.492 Y99.764 E253.71985
G1 X112.793 Y99.216 E253.72322
G1 X113.326 Y98.901 E253.72656
G1 X114.983 Y98.861 E253.73548
G1 X122.902 Y98.86 E253.77813
G1 X125.749 Y98.879 E253.79347
G1 X126.368 Y99.215 E253.79726
G1 X126.72 Y99.85 E253.80117
G1 X126.737 Y103.827 E253.82259
G1 X126.738 Y110.898 E253.86067
G1 X126.735 Y119.947 E253.90941
G1 X126.548 Y120.608 E253.91311
G1 X126.096 Y121.004 E253.91635
G1 X125.38 Y121.138 E253.92027
G1 X113.784 Y121.138 E253.98272
G1 X113.488 Y121.125 E253.98432
G0 F12000 X113.495 Y120.954
G1 F3900 E250.48432
G1 F600 Z1.1
;MESH:NONMESH
G0 F12000 X113.528 Y120.959 Z1.1
G0 X89.093 Y103.903
;TIME_ELAPSED:321.162232
;LAYER:5
G0 X89.093 Y103.903 Z1.25
;TYPE:SUPPORT
G1 F600 Z1.05
G1 F3900 E253.98432
G1 F6000 X89.115 Y105.681 E254.02867
G1 X89.579 Y106.147 E254.04508
G1 X89.579 Y103.895 E254.10125
G1 X89.093 Y103.903 E254.11338
G1 F3900 E250.61338
G1 F600 Z1.25
G0 F12000 X89.581 Y113.741 Z1.25
G1 F600 Z1.05
G1 F3900 E254.11338
G1 F6000 X89.581 Y116.118 E254.17267
G1 X89.038 Y116.11 E254.18622
G1 X89.038 Y113.968 E254.23965
G1 X89.328 Y113.982 E254.2469
G1 X89.581 Y113.741 E254.25561
G1 F3900 E250.75561
G1 F600 Z1.25
;MESH:filament_filter_idig3d.stl
G0 F12000 X105.108 Y121.332 Z1.25
;TYPE:WALL-INNER
G1 F600 Z1.05
G1 F3900 E254.25561
G1 F5400 X105.547 Y121.064 E254.26844
G1 X105.862 Y120.663 E254.28116
G1 X106.007 Y120.194 E254.29341
G1 X106.019 Y120.021 E254.29773
G1 X106.019 Y114.9 E254.42548
G1 X106.019 Y105.101 E254.66991
G1 X106.018 Y99.956 E254.79826
G1 X105.932 Y99.492 E254.81003
G1 X105.664 Y99.054 E254.82284
G1 X105.264 Y98.739 E254.83554
G1 X104.791 Y98.593 E254.84789
G1 X104.618 Y98.582 E254.85221
G1 X92.558 Y98.583 E255.15305
G1 X92.093 Y98.668 E255.16484
G1 X91.654 Y98.936 E255.17767
G1 X91.339 Y99.336 E255.19037
G1 X91.194 Y99.807 E255.20266
G1 X91.182 Y99.979 E255.20697
G1 X91.183 Y120.043 E255.70746
G1 X91.268 Y120.507 E255.71923
G1 X91.536 Y120.946 E255.73206
G1 X91.936 Y121.261 E255.74476
G1 X92.409 Y121.407 E255.75711
G1 X92.582 Y121.418 E255.76143
G1 X104.642 Y121.417 E256.06227
G1 X105.108 Y121.332 E256.07409
G0 F12000 X104.963 Y120.952
;TYPE:WALL-OUTER
G1 F1800 X105.277 Y120.76 E256.08327
G1 X105.502 Y120.474 E256.09235
G1 X105.611 Y120.12 E256.10159
G1 X105.619 Y120.007 E256.10441
G1 X105.618 Y99.993 E256.60366
G1 X105.552 Y99.638 E256.61267
G1 X105.36 Y99.324 E256.62185
G1 X105.075 Y99.099 E256.63091
G1 X104.719 Y98.989 E256.6402
G1 X104.606 Y98.982 E256.64303
G1 X92.594 Y98.983 E256.94267
G1 X92.238 Y99.048 E256.9517
G1 X91.924 Y99.24 E256.96088
G1 X91.699 Y99.525 E256.96994
G1 X91.59 Y99.881 E256.97922
G1 X91.582 Y99.993 E256.98202
G1 X91.583 Y120.007 E257.48128
G1 X91.648 Y120.362 E257.49028
G1 X91.84 Y120.676 E257.49946
G1 X92.125 Y120.901 E257.50852
G1 X92.481 Y121.011 E257.51781
G1 X92.594 Y121.018 E257.52064
G1 X104.606 Y121.017 E257.82028
G1 X104.963 Y120.952 E257.82933
G0 F12000 X105.119 Y121.363
G1 F3900 E254.32933
G0 F12000 X105.143 Y121.425
G0 X105.897 Y120.681
G0 X106.052 Y105.17
G1 F3900 E257.82933
G0 F12000 X106.122 Y105.1
;TYPE:WALL-INNER
G1 F5400 X106.135 Y105.1 E257.82965
G1 F3900 E254.32965
G0 F12000 X106.065 Y105.17
G0 X106.066 Y114.83
G1 F3900 E257.82965
G0 F12000 X106.136 Y114.9
G1 F5400 X106.12 Y114.9 E257.83005
G1 F3900 E254.33005
G0 F12000 X106.05 Y114.83
G0 X106.046 Y120.201
G0 X105.573 Y121.093
G0 X104.614 Y121.42
G1 F3900 E257.83005
G0 F12000 X104.639 Y121.919
;TYPE:WALL-OUTER
G1 F1800 X92.612 Y121.921 E258.13007
G1 X92.196 Y121.877 E258.1405
G1 X91.818 Y121.754 E258.15042
G1 X91.468 Y121.55 E258.16052
G1 X91.176 Y121.287 E258.17033
G1 X90.933 Y120.952 E258.18065
G1 X90.774 Y120.592 E258.19047
G1 X90.681 Y120.039 E258.20445
G1 X90.679 Y100.012 E258.70403
G1 X90.723 Y99.596 E258.71447
G1 X90.846 Y99.218 E258.72438
G1 X91.05 Y98.868 E258.73449
G1 X91.313 Y98.576 E258.74429
G1 X91.643 Y98.336 E258.75447
G1 X92.008 Y98.174 E258.76443
G1 X92.561 Y98.081 E258.77842
G1 X104.588 Y98.079 E259.07843
G1 X105.004 Y98.123 E259.08887
G1 X105.382 Y98.246 E259.09878
G1 X105.732 Y98.45 E259.10889
G1 X106.024 Y98.713 E259.11869
G1 X106.264 Y99.043 E259.12887
G1 X106.426 Y99.408 E259.13883
G1 X106.519 Y99.961 E259.15282
G1 X106.522 Y104.7 E259.27104
G1 X106.535 Y104.7 E259.27136
G1 X106.536 Y115.3 E259.53578
G1 X106.52 Y115.3 E259.53618
G1 X106.521 Y119.988 E259.65312
G1 X106.477 Y120.404 E259.66355
G1 X106.283 Y120.921 E259.67733
G1 X106.024 Y121.287 E259.68851
G1 X105.732 Y121.55 E259.69832
G1 X105.382 Y121.754 E259.70842
G1 X105.004 Y121.877 E259.71834
G1 X104.639 Y121.919 E259.7275
G0 F12000 X104.614 Y121.48
G1 F3900 E256.2275
G1 F600 Z1.25
G0 F12000 X112.936 Y121.261 Z1.25
;TYPE:WALL-INNER
G1 F600 Z1.05
G1 F3900 E259.7275
G1 F5400 X113.409 Y121.407 E259.73985
G1 X113.582 Y121.418 E259.74418
G1 X125.642 Y121.417 E260.04501
G1 X126.108 Y121.332 E260.05683
G1 X126.547 Y121.064 E260.06966
G1 X126.862 Y120.663 E260.08238
G1 X127.007 Y120.194 E260.09463
G1 X127.019 Y120.021 E260.09895
G1 X127.018 Y99.956 E260.59948
G1 X126.932 Y99.492 E260.61125
G1 X126.664 Y99.054 E260.62406
G1 X126.264 Y98.739 E260.63676
G1 X125.791 Y98.593 E260.64911
G1 X125.618 Y98.582 E260.65343
G1 X113.558 Y98.583 E260.95427
G1 X113.093 Y98.668 E260.96606
G1 X112.654 Y98.936 E260.97889
G1 X112.339 Y99.336 E260.99159
G1 X112.194 Y99.807 E261.00388
G1 X112.182 Y99.979 E261.00818
G1 X112.182 Y100.565 E261.0228
G1 X112.182 Y103.5 E261.09602
G1 X112.182 Y116.5 E261.4203
G1 X112.182 Y119.619 E261.49811
G1 X112.183 Y120.043 E261.50868
G1 X112.268 Y120.507 E261.52045
G1 X112.536 Y120.946 E261.53328
G1 X112.936 Y121.261 E261.54598
G0 F12000 X113.125 Y120.901
;TYPE:WALL-OUTER
G1 F1800 X113.481 Y121.011 E261.55528
G1 X113.594 Y121.018 E261.5581
G1 X125.606 Y121.017 E261.85774
G1 X125.963 Y120.952 E261.86679
G1 X126.277 Y120.76 E261.87597
G1 X126.502 Y120.474 E261.88505
G1 X126.611 Y120.12 E261.89429
G1 X126.619 Y120.007 E261.89712
G1 X126.618 Y99.993 E262.39637
G1 X126.552 Y99.638 E262.40537
G1 X126.36 Y99.324 E262.41456
G1 X126.075 Y99.099 E262.42361
G1 X125.719 Y98.989 E262.43291
G1 X125.606 Y98.982 E262.43573
G1 X113.594 Y98.983 E262.73537
G1 X113.238 Y99.048 E262.7444
G1 X112.924 Y99.24 E262.75358
G1 X112.699 Y99.525 E262.76264
G1 X112.59 Y99.881 E262.77193
G1 X112.582 Y99.993 E262.77473
G1 X112.583 Y120.007 E263.27398
G1 X112.648 Y120.362 E263.28298
G1 X112.84 Y120.676 E263.29216
G1 X113.125 Y120.901 E263.30122
G0 F12000 X112.921 Y121.29
G1 F3900 E259.80122
G0 F12000 X112.89 Y121.349
G0 X112.205 Y119.611
G1 F3900 E263.30122
G0 F12000 X112.106 Y119.62
;TYPE:WALL-INNER
G1 F5400 X112.065 Y119.428 E263.30612
G1 F3900 E259.80612
G0 F12000 X112.164 Y119.418
G0 X112.134 Y116.57
G1 F3900 E263.30612
G0 F12000 X112.064 Y116.5
G1 F5400 X112.08 Y116.5 E263.30652
G1 F3900 E259.80652
G0 F12000 X112.15 Y116.57
G0 X112.149 Y103.43
G1 F3900 E263.30652
G0 F12000 X112.079 Y103.5
G1 F5400 X112.065 Y103.5 E263.30687
G1 F3900 E259.80687
G0 F12000 X112.135 Y103.43
G0 X112.144 Y120.046
G0 X112.507 Y120.972
G0 X113.306 Y121.388
G1 F3900 E263.30687
G0 F12000 X113.204 Y121.879
;TYPE:WALL-OUTER
G1 F1800 X112.824 Y121.755 E263.31684
G1 X112.475 Y121.556 E263.32686
G1 X112.18 Y121.292 E263.33673
G1 X111.946 Y120.975 E263.34656
G1 X111.777 Y120.604 E263.35673
G1 X111.694 Y120.228 E263.36634
G1 X111.705 Y119.658 E263.38056
G1 X111.665 Y119.469 E263.38538
G1 X111.664 Y116.1 E263.46942
G1 X111.68 Y116.1 E263.46982
G1 X111.679 Y103.9 E263.77415
G1 X111.665 Y103.9 E263.7745
G1 X111.665 Y100.523 E263.85874
G1 X111.704 Y100.335 E263.86353
G1 X111.69 Y99.815 E263.8765
G1 X111.782 Y99.385 E263.88747
G1 X111.944 Y99.029 E263.89723
G1 X112.18 Y98.708 E263.90717
G1 X112.486 Y98.436 E263.91738
G1 X112.966 Y98.188 E263.93086
G1 X113.402 Y98.09 E263.942
G1 X113.561 Y98.081 E263.94598
G1 X125.588 Y98.079 E264.24599
G1 X126.004 Y98.123 E264.25643
G1 X126.382 Y98.246 E264.26634
G1 X126.732 Y98.45 E264.27645
G1 X127.024 Y98.713 E264.28625
G1 X127.264 Y99.043 E264.29643
G1 X127.426 Y99.408 E264.30639
G1 X127.519 Y99.961 E264.32038
G1 X127.521 Y119.988 E264.81995
G1 X127.477 Y120.404 E264.83039
G1 X127.354 Y120.782 E264.84031
G1 X127.15 Y121.132 E264.85041
G1 X126.887 Y121.424 E264.86021
G1 X126.557 Y121.664 E264.87039
G1 X126.192 Y121.826 E264.88035
G1 X125.639 Y121.919 E264.89434
G1 X113.611 Y121.921 E265.19438
G1 X113.204 Y121.879 E265.20459
G0 F12000 X113.295 Y121.449
G1 F3900 E261.70459
G1 F600 Z1.25
;MESH:NONMESH
G0 F12000 X89.163 Y103.971 Z1.25
;TIME_ELAPSED:335.913344
;LAYER:6
G0 X89.163 Y103.971 Z1.4
;TYPE:SUPPORT
G1 F600 Z1.2
G1 F3900 E265.20459
G1 F6000 X89.184 Y105.653 E265.24655
G1 X89.459 Y105.93 E265.25629
G1 X89.459 Y103.966 E265.30528
G1 X89.163 Y103.971 E265.31266
G1 F3900 E261.81266
G1 F600 Z1.4
G0 F12000 X89.459 Y113.926 Z1.4
G1 F600 Z1.2
G1 F3900 E265.31266
G1 F6000 X89.459 Y116.047 E265.36557
G1 X89.107 Y116.042 E265.37435
G1 X89.107 Y114.04 E265.42429
G1 X89.328 Y114.051 E265.42981
G1 X89.459 Y113.926 E265.43433
G1 F3900 E261.93433
G1 F600 Z1.4
;MESH:filament_filter_idig3d.stl
G0 F12000 X104.909 Y121.251 Z1.4
;TYPE:WALL-OUTER
G1 F600 Z1.2
G1 F3900 E265.43433
G1 F1800 X105.331 Y121.063 E265.44585
G1 X105.66 Y120.735 E265.45744
G1 X105.851 Y120.309 E265.46909
G1 X105.889 Y120.006 E265.47671
G1 X105.888 Y99.995 E265.97588
G1 X105.851 Y99.691 E265.98352
G1 X105.661 Y99.267 E265.99511
G1 X105.335 Y98.94 E266.00663
G1 X104.909 Y98.749 E266.01828
G1 X104.606 Y98.711 E266.02589
G1 X92.595 Y98.712 E266.32551
G1 X92.291 Y98.749 E266.33315
G1 X91.867 Y98.939 E266.34474
G1 X91.541 Y99.264 E266.35622
G1 X91.395 Y99.542 E266.36405
G1 X91.32 Y99.844 E266.37182
G1 X91.312 Y99.995 E266.37559
G1 X91.313 Y120.005 E266.87474
G1 X91.349 Y120.309 E266.88238
G1 X91.537 Y120.731 E266.8939
G1 X91.865 Y121.06 E266.90549
G1 X92.291 Y121.251 E266.91714
G1 X92.594 Y121.289 E266.92475
G1 X104.605 Y121.288 E267.22437
G1 X104.909 Y121.251 E267.23201
G0 F12000 X104.591 Y122.041
G1 F1800 X92.586 Y122.041 E267.53147
G1 X92.181 Y121.998 E267.54163
G1 X91.745 Y121.852 E267.5531
G1 X91.397 Y121.649 E267.56315
G1 X91.086 Y121.369 E267.57359
G1 X90.822 Y121.002 E267.58487
G1 X90.65 Y120.606 E267.59564
G1 X90.567 Y120.185 E267.60634
G1 X90.559 Y120 E267.61096
G1 X90.559 Y99.986 E268.11021
G1 X90.602 Y99.581 E268.12037
G1 X90.748 Y99.145 E268.13184
G1 X90.952 Y98.795 E268.14195
G1 X91.231 Y98.486 E268.15233
G1 X91.423 Y98.332 E268.15847
G1 X91.8 Y98.123 E268.16923
G1 X92.168 Y98.005 E268.17887
G1 X92.609 Y97.959 E268.18993
G1 X104.614 Y97.959 E268.48939
G1 X105.019 Y98.002 E268.49955
G1 X105.455 Y98.148 E268.51102
G1 X105.795 Y98.345 E268.52082
G1 X106.114 Y98.631 E268.53151
G1 X106.377 Y98.995 E268.54271
G1 X106.55 Y99.394 E268.55356
G1 X106.633 Y99.815 E268.56427
G1 X106.641 Y100 E268.56889
G1 X106.642 Y104.7 E268.68613
G1 X106.685 Y104.7 E268.6872
G1 X106.686 Y115.3 E268.95162
G1 X106.641 Y115.3 E268.95274
G1 X106.641 Y120.014 E269.07033
G1 X106.599 Y120.415 E269.08039
G1 X106.468 Y120.821 E269.09103
G1 X106.252 Y121.199 E269.10189
G1 X105.973 Y121.51 E269.11231
G1 X105.609 Y121.775 E269.12354
G1 X105.206 Y121.95 E269.1345
G1 X104.79 Y122.032 E269.14508
G1 X104.591 Y122.041 E269.15005
G0 F12000 X104.409 Y121.663
;TYPE:SKIN
G1 F3000 X104.127 Y121.663 E269.15626
G1 X92.813 Y121.663 E269.40543
G1 X92.131 Y121.546 E269.42066
G1 X91.303 Y121.284 E269.43979
G1 X90.951 Y120.084 E269.46733
G1 X90.935 Y116.108 E269.55489
G1 X90.935 Y100.269 E269.90371
G1 X91.022 Y99.508 E269.92058
G1 X91.316 Y98.952 E269.93443
G1 X91.967 Y98.473 E269.95223
G1 X92.683 Y98.34 E269.96827
G1 X98.9 Y98.334 E270.10518
G1 X104.565 Y98.343 E270.22994
G1 X104.906 Y98.401 E270.23756
G1 X105.836 Y98.765 E270.25955
G1 X106.2 Y99.695 E270.28155
G1 X106.263 Y100.889 E270.30788
G1 X106.263 Y104.566 E270.38886
G1 X106.286 Y107.7 E270.45788
G1 X106.286 Y114.772 E270.61362
G1 X106.264 Y117.577 E270.6754
G1 X106.25 Y120.109 E270.73116
G1 X106.058 Y120.766 E270.74623
G1 X105.688 Y121.245 E270.75956
G1 X105.152 Y121.557 E270.77322
G1 X104.681 Y121.651 E270.7838
G1 F3900 E267.2838
G0 F12000 X104.516 Y121.486
G0 X92.042 Y121.741
G1 F3900 E270.7838
G1 F3000 X90.84 Y120.539 E270.805
G1 F3900 E267.305
G0 F12000 X92.281 Y121.289
G0 X104.607 Y121.327
G0 X105.692 Y120.757
G0 X106.387 Y99.598
G1 F3900 E270.805
G1 F3000 X104.991 Y98.202 E270.82962
G0 F12000 X104.932 Y98.349
G1 F3900 E267.32962
G1 F600 Z1.4
G0 F12000 X104.932 Y98.349 Z1.4
G0 X113.291 Y121.251
;TYPE:WALL-OUTER
G1 F600 Z1.2
G1 F3900 E270.82962
G1 F1800 X113.594 Y121.289 E270.83724
G1 X125.605 Y121.288 E271.13686
G1 X125.909 Y121.251 E271.1445
G1 X126.331 Y121.063 E271.15602
G1 X126.66 Y120.735 E271.16761
G1 X126.851 Y120.309 E271.17926
G1 X126.889 Y120.006 E271.18687
G1 X126.888 Y99.995 E271.68605
G1 X126.851 Y99.691 E271.69369
G1 X126.661 Y99.267 E271.70528
G1 X126.335 Y98.94 E271.7168
G1 X125.909 Y98.749 E271.72844
G1 X125.606 Y98.711 E271.73606
G1 X113.595 Y98.712 E272.03568
G1 X113.291 Y98.749 E272.04332
G1 X112.867 Y98.939 E272.05491
G1 X112.541 Y99.264 E272.06639
G1 X112.395 Y99.542 E272.07422
G1 X112.32 Y99.844 E272.08198
G1 X112.312 Y99.995 E272.08576
G1 X112.313 Y120.005 E272.58491
G1 X112.349 Y120.309 E272.59254
G1 X112.537 Y120.731 E272.60407
G1 X112.865 Y121.06 E272.61566
G1 X113.291 Y121.251 E272.6273
G0 F12000 X113.179 Y121.998
G1 F1800 X112.75 Y121.855 E272.63858
G1 X112.408 Y121.658 E272.64843
G1 X112.088 Y121.371 E272.65915
G1 X111.841 Y121.036 E272.66953
G1 X111.653 Y120.616 E272.68101
G1 X111.574 Y120.239 E272.69062
G1 X111.579 Y119.683 E272.70449
G1 X111.516 Y119.47 E272.71003
G1 X111.514 Y116.1 E272.7941
G1 X111.559 Y116.1 E272.79522
G1 X111.558 Y103.9 E273.09955
G1 X111.515 Y103.9 E273.10062
G1 X111.514 Y100.629 E273.18222
G1 X111.544 Y100.406 E273.18783
G1 X111.58 Y100.342 E273.18966
G1 X111.573 Y99.759 E273.20421
G1 X111.669 Y99.338 E273.21498
G1 X111.839 Y98.968 E273.22513
G1 X112.091 Y98.626 E273.23573
G1 X112.429 Y98.328 E273.24697
G1 X112.802 Y98.121 E273.25761
G1 X113.173 Y98.003 E273.26732
G1 X113.609 Y97.959 E273.27826
G1 X125.614 Y97.959 E273.57772
G1 X126.019 Y98.002 E273.58788
G1 X126.455 Y98.148 E273.59935
G1 X126.795 Y98.345 E273.60915
G1 X127.113 Y98.63 E273.61981
G1 X127.377 Y98.995 E273.63104
G1 X127.55 Y99.394 E273.64189
G1 X127.633 Y99.815 E273.6526
G1 X127.641 Y100 E273.65721
G1 X127.641 Y120.014 E274.15647
G1 X127.598 Y120.419 E274.16663
G1 X127.453 Y120.854 E274.17806
G1 X127.25 Y121.202 E274.18811
G1 X126.973 Y121.51 E274.19845
G1 X126.609 Y121.775 E274.20968
G1 X126.206 Y121.95 E274.22064
G1 X125.79 Y122.032 E274.23121
G1 X125.591 Y122.041 E274.23618
G1 X113.586 Y122.041 E274.53565
G1 X113.179 Y121.998 E274.54586
G0 F12000 X113.326 Y121.811
;TYPE:SKIN
G1 F3000 X111.782 Y120.267 E274.57309
G0 F12000 X111.964 Y120.167
G1 F3000 X111.946 Y119.865 E274.57998
G1 X111.912 Y117.852 E274.62584
G1 X111.935 Y114.763 E274.69621
G1 X111.934 Y107.974 E274.85086
G1 X111.934 Y104.014 E274.94106
G1 X111.912 Y101.164 E275.00598
G1 X111.958 Y99.796 E275.03716
G1 X112.17 Y99.16 E275.05243
G1 X112.732 Y98.59 E275.07066
G1 X113.353 Y98.363 E275.08573
G1 X115.87 Y98.334 E275.14306
G1 X125.49 Y98.338 E275.3622
G1 X125.805 Y98.369 E275.36941
G0 F12000 X125.909 Y98.19
G1 F3000 X127.404 Y99.685 E275.39578
G0 F12000 X127.23 Y99.794
G1 F3000 X127.26 Y100.107 E275.40277
G1 X127.263 Y106.616 E275.54757
G1 X127.259 Y119.905 E275.8432
G1 X127.13 Y120.624 E275.85945
G1 X126.651 Y121.277 E275.87747
G1 X126.104 Y121.579 E275.89137
G1 X125.058 Y121.664 E275.91471
G1 X116.572 Y121.663 E276.1035
G1 X113.439 Y121.642 E276.17319
G0 F12000 X112.939 Y121.707
G1 F3000 X111.89 Y120.658 E276.1917
G1 F3900 E272.6917
G0 F12000 X112.281 Y99.839
G0 X112.845 Y98.907
G0 X125.608 Y98.672
G0 X127.284 Y99.282
G1 F3900 E276.1917
G1 F3000 X126.311 Y98.309 E276.20886
G0 F12000 X126.26 Y98.468
G1 F3900 E272.70886
G1 F600 Z1.4
;MESH:NONMESH
G0 F12000 X126.263 Y98.47 Z1.4
G0 X89.233 Y104.039
;TIME_ELAPSED:351.983418
;LAYER:7
G0 X89.233 Y104.039 Z1.55
;TYPE:SUPPORT
G1 F600 Z1.35
G1 F3900 E276.20886
G1 F6000 X89.253 Y105.623 E276.24838
G1 X89.356 Y105.727 E276.25203
G1 X89.356 Y104.037 E276.29419
G1 X89.233 Y104.039 E276.29725
G1 F3900 E272.79725
G1 F600 Z1.55
G0 F12000 X89.176 Y114.112 Z1.55
G1 F600 Z1.35
G1 F3900 E276.29725
G1 F6000 X89.357 Y114.12 E276.30177
G1 X89.357 Y115.977 E276.3481
G1 X89.176 Y115.974 E276.35261
G1 X89.176 Y114.112 E276.39906
G1 F3900 E272.89906
G1 F600 Z1.55
;MESH:filament_filter_idig3d.stl
G0 F12000 X104.959 Y121.447 Z1.55
;TYPE:WALL-OUTER
G1 F600 Z1.35
G1 F3900 E276.39906
G1 F1800 X105.29 Y121.322 E276.40789
G1 X105.588 Y121.119 E276.41688
G1 X105.825 Y120.851 E276.4258
G1 X105.994 Y120.53 E276.43485
G1 X106.081 Y120.179 E276.44387
G1 X106.091 Y120.009 E276.44812
G1 X106.09 Y99.995 E276.94737
G1 X106.047 Y99.643 E276.95622
G1 X105.922 Y99.31 E276.96509
G1 X105.716 Y99.01 E276.97417
G1 X105.451 Y98.775 E276.98301
G1 X105.13 Y98.606 E276.99206
G1 X104.779 Y98.519 E277.00108
G1 X104.609 Y98.509 E277.00532
G1 X92.595 Y98.51 E277.30501
G1 X92.241 Y98.553 E277.31391
G1 X91.91 Y98.678 E277.32274
G1 X91.614 Y98.88 E277.33168
G1 X91.375 Y99.149 E277.34065
G1 X91.206 Y99.47 E277.3497
G1 X91.12 Y99.82 E277.35869
G1 X91.109 Y99.994 E277.36304
G1 X91.11 Y120.006 E277.86224
G1 X91.153 Y120.358 E277.87109
G1 X91.278 Y120.69 E277.87994
G1 X91.48 Y120.986 E277.88888
G1 X91.749 Y121.225 E277.89785
G1 X92.071 Y121.394 E277.90692
G1 X92.421 Y121.481 E277.91592
G1 X92.591 Y121.491 E277.92017
G1 X104.605 Y121.49 E278.21986
G1 X104.959 Y121.447 E278.22875
G0 F12000 X104.59 Y122.143
G1 F1800 X92.611 Y122.144 E278.52757
G1 X92.155 Y122.097 E278.53901
G1 X91.719 Y121.954 E278.55045
G1 X91.343 Y121.736 E278.56129
G1 X91.01 Y121.437 E278.57246
G1 X90.743 Y121.072 E278.58374
G1 X90.558 Y120.652 E278.59519
G1 X90.462 Y120.112 E278.60887
G1 X90.457 Y120 E278.61167
G1 X90.456 Y100.011 E279.11029
G1 X90.504 Y99.554 E279.12176
G1 X90.646 Y99.119 E279.13317
G1 X90.864 Y98.743 E279.14401
G1 X91.163 Y98.41 E279.15518
G1 X91.528 Y98.143 E279.16646
G1 X91.944 Y97.959 E279.1778
G1 X92.37 Y97.869 E279.18867
G1 X92.61 Y97.857 E279.19466
G1 X104.589 Y97.856 E279.49348
G1 X105.045 Y97.903 E279.50491
G1 X105.481 Y98.046 E279.51636
G1 X105.857 Y98.264 E279.5272
G1 X106.19 Y98.563 E279.53836
G1 X106.457 Y98.928 E279.54965
G1 X106.642 Y99.348 E279.56109
G1 X106.731 Y99.766 E279.57175
G1 X106.743 Y100 E279.5776
G1 X106.743 Y104.7 E279.69484
G1 X106.835 Y104.7 E279.69714
G1 X106.836 Y115.3 E279.96155
G1 X106.743 Y115.3 E279.96387
G1 X106.744 Y119.989 E280.08084
G1 X106.697 Y120.445 E280.09228
G1 X106.554 Y120.88 E280.1037
G1 X106.336 Y121.257 E280.11456
G1 X106.037 Y121.59 E280.12573
G1 X105.672 Y121.857 E280.13701
G1 X105.256 Y122.041 E280.14835
G1 X104.83 Y122.131 E280.15922
G1 X104.59 Y122.143 E280.16521
G0 F12000 X104.759 Y121.796
;TYPE:SKIN
G1 F3000 X105.124 Y121.714 E280.17145
G1 X105.864 Y121.257 E280.18597
G1 X106.311 Y120.527 E280.20026
G1 X106.417 Y119.574 E280.21627
G1 X106.417 Y115.331 E280.2871
G1 X106.463 Y113.87 E280.3115
G1 X106.462 Y107.366 E280.42007
G1 X106.461 Y105.104 E280.45783
G1 X106.415 Y104.018 E280.47597
G1 X106.413 Y100.061 E280.54203
G1 X106.281 Y99.345 E280.55418
G1 X105.823 Y98.671 E280.56778
G1 X105.314 Y98.331 E280.578
G1 X104.607 Y98.19 E280.59003
G1 X98.675 Y98.182 E280.68906
G1 X92.735 Y98.182 E280.78821
G1 X92.066 Y98.286 E280.79951
G1 X91.331 Y98.738 E280.81392
G1 X90.89 Y99.462 E280.82807
G1 X90.782 Y100.418 E280.84413
G1 X90.784 Y119.932 E281.16987
G1 X90.916 Y120.649 E281.18204
G1 X91.227 Y121.187 E281.19242
G1 X91.88 Y121.664 E281.20592
G1 X92.585 Y121.808 E281.21793
G1 X98.518 Y121.816 E281.31697
G1 X104.458 Y121.816 E281.41612
G0 F12000 X104.578 Y121.742
G1 F3900 E277.91612
G1 F600 Z1.55
G0 F12000 X104.578 Y121.743 Z1.55
G0 X113.071 Y121.394
;TYPE:WALL-OUTER
G1 F600 Z1.35
G1 F3900 E281.41612
G1 F1800 X113.421 Y121.481 E281.42512
G1 X113.591 Y121.491 E281.42937
G1 X125.605 Y121.49 E281.72906
G1 X125.959 Y121.447 E281.73795
G1 X126.29 Y121.322 E281.74678
G1 X126.588 Y121.119 E281.75577
G1 X126.825 Y120.851 E281.7647
G1 X126.994 Y120.53 E281.77375
G1 X127.081 Y120.179 E281.78277
G1 X127.091 Y120.009 E281.78702
G1 X127.09 Y99.995 E282.28627
G1 X127.047 Y99.643 E282.29511
G1 X126.922 Y99.31 E282.30398
G1 X126.716 Y99.01 E282.31306
G1 X126.451 Y98.775 E282.3219
G1 X126.13 Y98.606 E282.33095
G1 X125.779 Y98.519 E282.33997
G1 X125.609 Y98.509 E282.34422
G1 X113.595 Y98.51 E282.64391
G1 X113.241 Y98.553 E282.6528
G1 X112.91 Y98.678 E282.66163
G1 X112.614 Y98.88 E282.67057
G1 X112.375 Y99.149 E282.67954
G1 X112.206 Y99.47 E282.68859
G1 X112.12 Y99.82 E282.69758
G1 X112.109 Y99.994 E282.70193
G1 X112.11 Y120.006 E283.20113
G1 X112.153 Y120.358 E283.20998
G1 X112.278 Y120.69 E283.21883
G1 X112.48 Y120.986 E283.22777
G1 X112.749 Y121.225 E283.23674
G1 X113.071 Y121.394 E283.24582
G0 F12000 X113.149 Y122.095
G1 F1800 X112.734 Y121.96 E283.2567
G1 X112.345 Y121.736 E283.2679
G1 X112.015 Y121.442 E283.27892
G1 X111.748 Y121.079 E283.29017
G1 X111.537 Y120.577 E283.30375
G1 X111.457 Y120.013 E283.31796
G1 X111.467 Y119.695 E283.3259
G1 X111.366 Y119.473 E283.33198
G1 X111.364 Y116.1 E283.41612
G1 X111.457 Y116.1 E283.41844
G1 X111.456 Y103.9 E283.72277
G1 X111.365 Y103.9 E283.72504
G1 X111.364 Y100.69 E283.80511
G1 X111.407 Y100.387 E283.81275
G1 X111.473 Y100.311 E283.81526
G1 X111.471 Y99.753 E283.82918
G1 X111.569 Y99.315 E283.84037
G1 X111.757 Y98.906 E283.8516
G1 X112.02 Y98.552 E283.8626
G1 X112.352 Y98.257 E283.87368
G1 X112.739 Y98.037 E283.88479
G1 X113.263 Y97.885 E283.8984
G1 X113.61 Y97.857 E283.90708
G1 X125.589 Y97.856 E284.2059
G1 X126.045 Y97.903 E284.21733
G1 X126.481 Y98.046 E284.22878
G1 X126.857 Y98.264 E284.23962
G1 X127.189 Y98.562 E284.25075
G1 X127.457 Y98.928 E284.26207
G1 X127.642 Y99.348 E284.27351
G1 X127.731 Y99.77 E284.28427
G1 X127.743 Y100 E284.29002
G1 X127.744 Y119.989 E284.78865
G1 X127.697 Y120.445 E284.80008
G1 X127.556 Y120.877 E284.81142
G1 X127.336 Y121.257 E284.82237
G1 X127.037 Y121.59 E284.83353
G1 X126.672 Y121.857 E284.84481
G1 X126.256 Y122.041 E284.85616
G1 X125.83 Y122.131 E284.86702
G1 X125.59 Y122.143 E284.87302
G1 X113.611 Y122.144 E285.17183
G1 X113.149 Y122.095 E285.18342
G0 F12000 X113.262 Y121.779
;TYPE:SKIN
G1 F3000 X113.042 Y121.716 E285.18716
G1 X112.335 Y121.291 E285.20065
G1 X111.898 Y120.597 E285.21406
G1 X111.783 Y119.863 E285.22621
G1 X111.737 Y118.212 E285.25321
G1 X111.736 Y116.233 E285.28556
G1 X111.782 Y114.773 E285.30944
G1 X111.781 Y106.572 E285.44352
G1 X111.781 Y103.743 E285.48977
G1 X111.736 Y102.658 E285.50752
G1 X111.746 Y100.384 E285.5447
G1 X111.819 Y99.745 E285.55522
G1 X111.94 Y99.341 E285.56211
G1 X112.301 Y98.698 E285.57417
G1 X112.937 Y98.344 E285.58607
G1 X113.662 Y98.186 E285.5982
G1 X120.171 Y98.183 E285.70461
G1 X125.54 Y98.187 E285.79239
G1 X126.263 Y98.313 E285.80439
G1 X126.935 Y98.772 E285.81769
G1 X127.342 Y99.497 E285.83129
G1 X127.415 Y100.555 E285.84862
G1 X127.416 Y111.868 E286.03358
G1 X127.409 Y120.076 E286.16777
G1 X127.349 Y120.42 E286.17348
G1 X126.819 Y121.233 E286.18934
G1 X126.023 Y121.745 E286.20482
G1 X124.821 Y121.816 E286.2245
G1 X113.79 Y121.816 E286.40485
G1 X113.519 Y121.805 E286.40928
G1 F3900 E282.90928
G0 F12000 X113.403 Y121.921
G0 X126.875 Y121.46
G1 F3900 E286.40928
G1 F3000 X126.963 Y121.372 E286.41083
G0 F12000 X126.928 Y121.339
G1 F3900 E282.91083
G1 F600 Z1.55
;MESH:NONMESH
G0 F12000 X126.929 Y121.338 Z1.55
G0 X89.245 Y114.184
;TIME_ELAPSED:367.031111
;LAYER:8
G0 X89.245 Y114.184 Z1.7
;TYPE:SUPPORT
G1 F600 Z1.5
G1 F3900 E286.41083
G1 F6000 X89.263 Y114.185 E286.41128
G1 X89.263 Y115.906 E286.45421
G1 X89.245 Y115.906 E286.45466
G1 X89.245 Y114.184 E286.49762
G1 F3900 E282.99762
G1 F600 Z1.7
;MESH:filament_filter_idig3d.stl
G0 F12000 X104.996 Y121.603 Z1.7
;TYPE:WALL-OUTER
G1 F600 Z1.5
G1 F3900 E286.49762
G1 F1800 X105.369 Y121.461 E286.50757
G1 X105.695 Y121.236 E286.51745
G1 X105.959 Y120.937 E286.5274
G1 X106.143 Y120.586 E286.53729
G1 X106.239 Y120.199 E286.54724
G1 X106.25 Y120.006 E286.55206
G1 X106.249 Y99.995 E287.05124
G1 X106.204 Y99.608 E287.06095
G1 X106.061 Y99.231 E287.07101
G1 X105.836 Y98.905 E287.08089
G1 X105.538 Y98.642 E287.09081
G1 X105.186 Y98.457 E287.10073
G1 X104.799 Y98.362 E287.11067
G1 X104.606 Y98.35 E287.11549
G1 X92.594 Y98.351 E287.41513
G1 X92.204 Y98.397 E287.42493
G1 X91.832 Y98.539 E287.43486
G1 X91.505 Y98.764 E287.44476
G1 X91.242 Y99.062 E287.45468
G1 X91.057 Y99.414 E287.4646
G1 X90.962 Y99.802 E287.47456
G1 X90.95 Y99.99 E287.47926
G1 X90.951 Y120.006 E287.97856
G1 X90.997 Y120.396 E287.98836
G1 X91.139 Y120.769 E287.99831
G1 X91.362 Y121.092 E288.0081
G1 X91.662 Y121.358 E288.01811
G1 X92.015 Y121.543 E288.02805
G1 X92.401 Y121.638 E288.03796
G1 X92.594 Y121.65 E288.04279
G1 X104.606 Y121.649 E288.34243
G1 X104.996 Y121.603 E288.35222
G0 F12000 X104.613 Y122.237
G1 F1800 X92.61 Y122.238 E288.65164
G1 X92.16 Y122.193 E288.66292
G1 X91.681 Y122.039 E288.67547
G1 X91.279 Y121.805 E288.68708
G1 X90.935 Y121.494 E288.69864
G1 X90.657 Y121.109 E288.71049
G1 X90.482 Y120.72 E288.72113
G1 X90.38 Y120.266 E288.73274
G1 X90.363 Y120.013 E288.73906
G1 X90.362 Y100.011 E289.23801
G1 X90.407 Y99.561 E289.2493
G1 X90.561 Y99.081 E289.26187
G1 X90.793 Y98.682 E289.27338
G1 X91.107 Y98.335 E289.28506
G1 X91.488 Y98.059 E289.29679
G1 X91.88 Y97.882 E289.30752
G1 X92.336 Y97.779 E289.31918
G1 X92.587 Y97.763 E289.32546
G1 X104.59 Y97.762 E289.62487
G1 X105.04 Y97.807 E289.63616
G1 X105.488 Y97.947 E289.64786
G1 X105.912 Y98.188 E289.66003
G1 X106.26 Y98.5 E289.67169
G1 X106.543 Y98.891 E289.68373
G1 X106.717 Y99.276 E289.69427
G1 X106.821 Y99.733 E289.70596
G1 X106.837 Y99.987 E289.71231
G1 X106.838 Y104.7 E289.82987
G1 X106.985 Y104.7 E289.83354
G1 X106.986 Y115.3 E290.09796
G1 X106.837 Y115.3 E290.10168
G1 X106.838 Y119.99 E290.21867
G1 X106.793 Y120.44 E290.22995
G1 X106.639 Y120.918 E290.24248
G1 X106.407 Y121.318 E290.25401
G1 X106.1 Y121.66 E290.26548
G1 X105.726 Y121.933 E290.27703
G1 X105.32 Y122.118 E290.28816
G1 X104.865 Y122.221 E290.29979
G1 X104.613 Y122.237 E290.30609
G0 F12000 X104.406 Y121.942
;TYPE:SKIN
G1 F3000 X104.123 Y121.942 E290.3098
G1 X92.521 Y121.937 E290.46179
G1 X92.183 Y121.882 E290.46627
G1 X91.131 Y121.395 E290.48146
G1 X90.713 Y120.412 E290.49545
G1 X90.656 Y119.223 E290.51105
G1 X90.656 Y100.272 E290.75931
G1 X90.735 Y99.503 E290.76944
G1 X90.993 Y98.913 E290.77787
G1 X91.571 Y98.359 E290.78836
G1 X92.174 Y98.113 E290.79689
G1 X93.247 Y98.056 E290.81097
G1 X104.562 Y98.057 E290.9592
G1 X105.27 Y98.199 E290.96866
G1 X105.988 Y98.634 E290.97965
G1 X106.407 Y99.336 E290.99036
G1 X106.54 Y100.034 E290.99967
G1 X106.542 Y104.562 E291.05899
G1 X106.616 Y105.485 E291.07112
G1 X106.617 Y113.405 E291.17487
G1 X106.617 Y114.82 E291.19341
G1 X106.543 Y115.594 E291.20359
G1 X106.532 Y120.109 E291.26274
G1 X106.367 Y120.792 E291.27195
G1 X105.892 Y121.449 E291.28257
G1 X105.166 Y121.853 E291.29345
G1 X104.683 Y121.936 E291.29987
G0 F12000 X104.594 Y121.837
G1 F3900 E287.79987
G1 F600 Z1.7
G0 F12000 X104.594 Y121.837 Z1.7
G0 X113.015 Y121.543
;TYPE:WALL-OUTER
G1 F600 Z1.5
G1 F3900 E291.29987
G1 F1800 X113.401 Y121.638 E291.30979
G1 X113.594 Y121.65 E291.31461
G1 X125.606 Y121.649 E291.61425
G1 X125.996 Y121.603 E291.62405
G1 X126.369 Y121.461 E291.634
G1 X126.695 Y121.236 E291.64388
G1 X126.958 Y120.938 E291.6538
G1 X127.143 Y120.586 E291.66372
G1 X127.239 Y120.199 E291.67366
G1 X127.25 Y120.006 E291.67849
G1 X127.249 Y99.995 E292.17766
G1 X127.204 Y99.608 E292.18738
G1 X127.061 Y99.231 E292.19744
G1 X126.836 Y98.905 E292.20732
G1 X126.538 Y98.642 E292.21724
G1 X126.186 Y98.457 E292.22716
G1 X125.799 Y98.362 E292.2371
G1 X125.606 Y98.35 E292.24192
G1 X113.594 Y98.351 E292.54156
G1 X113.204 Y98.397 E292.55136
G1 X112.832 Y98.539 E292.56129
G1 X112.505 Y98.764 E292.57119
G1 X112.242 Y99.062 E292.5811
G1 X112.057 Y99.414 E292.59102
G1 X111.962 Y99.802 E292.60099
G1 X111.95 Y99.99 E292.60569
G1 X111.951 Y120.006 E293.10499
G1 X111.997 Y120.396 E293.11479
G1 X112.139 Y120.769 E293.12474
G1 X112.362 Y121.092 E293.13453
G1 X112.662 Y121.358 E293.14453
G1 X113.015 Y121.543 E293.15448
G0 F12000 X113.164 Y122.194
G1 F1800 X112.696 Y122.046 E293.16672
G1 X112.288 Y121.811 E293.17846
G1 X111.946 Y121.505 E293.18991
G1 X111.668 Y121.128 E293.2016
G1 X111.482 Y120.722 E293.21274
G1 X111.379 Y120.261 E293.22452
G1 X111.371 Y119.733 E293.23769
G1 X111.235 Y119.547 E293.24344
G1 X111.216 Y119.473 E293.24535
G1 X111.214 Y116.1 E293.32949
G1 X111.363 Y116.1 E293.3332
G1 X111.362 Y103.9 E293.63753
G1 X111.215 Y103.9 E293.6412
G1 X111.214 Y100.751 E293.71975
G1 X111.251 Y100.396 E293.72866
G1 X111.373 Y100.274 E293.73296
G1 X111.377 Y99.753 E293.74596
G1 X111.481 Y99.283 E293.75796
G1 X111.676 Y98.858 E293.76963
G1 X111.951 Y98.49 E293.78109
G1 X112.293 Y98.185 E293.79252
G1 X112.676 Y97.962 E293.80357
G1 X113.123 Y97.814 E293.81532
G1 X113.587 Y97.763 E293.82696
G1 X125.59 Y97.762 E294.12638
G1 X126.04 Y97.807 E294.13766
G1 X126.488 Y97.947 E294.14937
G1 X126.912 Y98.188 E294.16154
G1 X127.259 Y98.499 E294.17316
G1 X127.543 Y98.891 E294.18524
G1 X127.717 Y99.276 E294.19577
G1 X127.821 Y99.733 E294.20747
G1 X127.837 Y99.987 E294.21381
G1 X127.838 Y119.99 E294.71279
G1 X127.793 Y120.44 E294.72407
G1 X127.64 Y120.916 E294.73654
G1 X127.408 Y121.317 E294.7481
G1 X127.1 Y121.66 E294.7596
G1 X126.726 Y121.933 E294.77115
G1 X126.32 Y122.118 E294.78228
G1 X125.865 Y122.221 E294.79392
G1 X125.613 Y122.237 E294.80022
G1 X113.61 Y122.238 E295.09963
G1 X113.164 Y122.194 E295.11081
G0 F12000 X113.099 Y121.867
;TYPE:SKIN
G1 F3000 X112.276 Y121.327 E295.12333
G1 X111.745 Y120.513 E295.13569
G1 X111.582 Y119.502 E295.14872
G1 X111.582 Y116.673 E295.1847
G1 X111.656 Y115.616 E295.19817
G1 X111.655 Y108.261 E295.29172
G1 X111.655 Y104.018 E295.34568
G1 X111.581 Y103.096 E295.35745
G1 X111.586 Y100.838 E295.38617
G1 X111.673 Y99.793 E295.3995
G1 X111.967 Y98.956 E295.41079
G1 X112.529 Y98.387 E295.42096
G1 X113.115 Y98.124 E295.42913
G1 X114.178 Y98.056 E295.44267
G1 X125.492 Y98.056 E295.58657
G1 X126.145 Y98.143 E295.59495
G1 X126.935 Y98.651 E295.6069
G1 X127.439 Y99.437 E295.61877
G1 X127.542 Y100.389 E295.63095
G1 X127.542 Y119.905 E295.87917
G1 X127.424 Y120.635 E295.88857
G1 X126.994 Y121.337 E295.89904
G1 X126.318 Y121.792 E295.9094
G1 X125.616 Y121.939 E295.91853
G1 X119.397 Y121.943 E295.99762
G1 X113.74 Y121.943 E296.06957
G1 X113.443 Y121.929 E296.07335
G0 F12000 X113.316 Y121.808
G1 F3900 E292.57335
G1 F600 Z1.7
;MESH:NONMESH
G0 F12000 X113.286 Y121.805 Z1.7
G0 X105.025 Y121.728
;TIME_ELAPSED:381.467213
;LAYER:9
;MESH:filament_filter_idig3d.stl
G0 X105.025 Y121.728 Z1.85
;TYPE:WALL-OUTER
G1 F600 Z1.65
G1 F3900 E296.07335
G1 F1800 X105.427 Y121.575 E296.08408
G1 X105.78 Y121.332 E296.09477
G1 X106.065 Y121.011 E296.10548
G1 X106.264 Y120.635 E296.11609
G1 X106.366 Y120.215 E296.12688
G1 X106.379 Y120.006 E296.1321
G1 X106.378 Y99.994 E296.6313
G1 X106.328 Y99.575 E296.64183
G1 X106.175 Y99.173 E296.65256
G1 X105.932 Y98.82 E296.66325
G1 X105.611 Y98.535 E296.67395
G1 X105.235 Y98.336 E296.68457
G1 X104.814 Y98.234 E296.69537
G1 X104.609 Y98.221 E296.7005
G1 X92.594 Y98.222 E297.00021
G1 X92.175 Y98.272 E297.01074
G1 X91.773 Y98.425 E297.02147
G1 X91.42 Y98.668 E297.03216
G1 X91.135 Y98.989 E297.04287
G1 X90.936 Y99.365 E297.05348
G1 X90.834 Y99.786 E297.06428
G1 X90.821 Y99.991 E297.06941
G1 X90.822 Y120.006 E297.56868
G1 X90.872 Y120.425 E297.57921
G1 X91.025 Y120.827 E297.58994
G1 X91.268 Y121.18 E297.60063
G1 X91.589 Y121.465 E297.61134
G1 X91.965 Y121.664 E297.62195
G1 X92.386 Y121.766 E297.63276
G1 X92.591 Y121.779 E297.63788
G1 X104.606 Y121.778 E297.93759
G1 X105.025 Y121.728 E297.94812
G0 F12000 X104.591 Y122.314
G1 F1800 X92.611 Y122.315 E298.24696
G1 X92.114 Y122.262 E298.25943
G1 X91.658 Y122.114 E298.27139
G1 X91.246 Y121.874 E298.28328
G1 X90.884 Y121.55 E298.2954
G1 X90.595 Y121.154 E298.30763
G1 X90.378 Y120.641 E298.32153
G1 X90.294 Y120.171 E298.33344
G1 X90.286 Y120 E298.33771
G1 X90.285 Y100.011 E298.83633
G1 X90.338 Y99.514 E298.8488
G1 X90.488 Y99.055 E298.86085
G1 X90.728 Y98.642 E298.87276
G1 X91.05 Y98.284 E298.88478
G1 X91.444 Y97.996 E298.89695
G1 X91.953 Y97.78 E298.91074
G1 X92.609 Y97.686 E298.92727
G1 X104.589 Y97.685 E299.22612
G1 X105.086 Y97.738 E299.23858
G1 X105.544 Y97.888 E299.25061
G1 X105.958 Y98.128 E299.26254
G1 X106.312 Y98.444 E299.27438
G1 X106.605 Y98.846 E299.28679
G1 X106.82 Y99.353 E299.30053
G1 X106.906 Y99.829 E299.31259
G1 X106.914 Y100 E299.31686
G1 X106.915 Y104.7 E299.4341
G1 X107.135 Y104.7 E299.43959
G1 X107.136 Y115.3 E299.70401
G1 X106.914 Y115.3 E299.70955
G1 X106.915 Y119.989 E299.82652
G1 X106.862 Y120.486 E299.83898
G1 X106.714 Y120.942 E299.85094
G1 X106.472 Y121.358 E299.86295
G1 X106.156 Y121.712 E299.87479
G1 X105.754 Y122.005 E299.88719
G1 X105.247 Y122.221 E299.90094
G1 X104.771 Y122.306 E299.913
G1 X104.591 Y122.314 E299.9175
G0 F12000 X104.814 Y122.025
;TYPE:SKIN
G1 F3000 X105.176 Y121.945 E299.92407
G0 F12000 X106.012 Y121.391
G1 F3000 X106.56 Y120.561 E299.93471
G1 X106.646 Y119.627 E299.94475
G1 X106.646 Y115.384 E299.99014
G1 X106.756 Y114.708 E299.99747
G1 X106.756 Y105.092 E300.10035
G1 X106.645 Y104.637 E300.10536
G1 X106.63 Y99.844 E300.15664
G1 X106.366 Y98.977 E300.16634
G1 X105.835 Y98.377 E300.17491
G1 X105.062 Y98.018 E300.18403
G1 X103.996 Y97.952 E300.19545
G1 X92.682 Y97.952 E300.3165
G1 X92.012 Y98.057 E300.32376
G1 X91.184 Y98.601 E300.33436
G1 X90.64 Y99.429 E300.34496
G1 X90.553 Y100.364 E300.355
G1 X90.553 Y119.88 E300.5638
G1 X90.661 Y120.621 E300.57181
G1 X91.065 Y121.349 E300.58072
G1 X91.712 Y121.833 E300.58936
G1 X92.37 Y122.024 E300.59669
G1 X95.459 Y122.045 E300.62974
G1 X104.511 Y122.045 E300.72659
G0 F12000 X104.58 Y121.914
G1 F3900 E297.22659
G1 F600 Z1.85
G0 F12000 X104.58 Y121.914 Z1.85
G0 X112.965 Y121.664
;TYPE:WALL-OUTER
G1 F600 Z1.65
G1 F3900 E300.72659
G1 F1800 X113.386 Y121.766 E300.7374
G1 X113.591 Y121.779 E300.74252
G1 X125.606 Y121.778 E301.04224
G1 X126.025 Y121.728 E301.05276
G1 X126.427 Y121.575 E301.06349
G1 X126.78 Y121.332 E301.07418
G1 X127.065 Y121.011 E301.08489
G1 X127.264 Y120.635 E301.0955
G1 X127.366 Y120.215 E301.10628
G1 X127.379 Y120.006 E301.11151
G1 X127.378 Y99.994 E301.61071
G1 X127.328 Y99.575 E301.62123
G1 X127.175 Y99.173 E301.63196
G1 X126.932 Y98.82 E301.64265
G1 X126.611 Y98.535 E301.65336
G1 X126.235 Y98.336 E301.66397
G1 X125.814 Y98.234 E301.67478
G1 X125.609 Y98.221 E301.6799
G1 X113.594 Y98.222 E301.97962
G1 X113.175 Y98.272 E301.99015
G1 X112.773 Y98.425 E302.00087
G1 X112.42 Y98.668 E302.01157
G1 X112.135 Y98.989 E302.02227
G1 X111.936 Y99.365 E302.03289
G1 X111.834 Y99.786 E302.04369
G1 X111.821 Y99.991 E302.04881
G1 X111.822 Y120.006 E302.54809
G1 X111.872 Y120.425 E302.55862
G1 X112.025 Y120.827 E302.56935
G1 X112.268 Y121.18 E302.58004
G1 X112.589 Y121.465 E302.59075
G1 X112.965 Y121.664 E302.60136
G0 F12000 X113.118 Y122.263
G1 F1800 X112.66 Y122.115 E302.61336
G1 X112.245 Y121.874 E302.62533
G1 X111.891 Y121.559 E302.63716
G1 X111.602 Y121.166 E302.64932
G1 X111.408 Y120.738 E302.66105
G1 X111.296 Y120.193 E302.67493
G1 X111.286 Y119.775 E302.68536
G1 X111.088 Y119.56 E302.69265
G1 X111.066 Y119.475 E302.69484
G1 X111.064 Y116.1 E302.77903
G1 X111.286 Y116.1 E302.78456
G1 X111.285 Y103.9 E303.08889
G1 X111.065 Y103.9 E303.09438
G1 X111.064 Y100.812 E303.17141
G1 X111.072 Y100.492 E303.1794
G1 X111.158 Y100.336 E303.18384
G1 X111.298 Y100.227 E303.18827
G1 X111.304 Y99.72 E303.20092
G1 X111.41 Y99.255 E303.21281
G1 X111.605 Y98.83 E303.22448
G1 X111.893 Y98.44 E303.23657
G1 X112.252 Y98.119 E303.24858
G1 X112.662 Y97.884 E303.26037
G1 X113.192 Y97.724 E303.27418
G1 X113.609 Y97.686 E303.28463
G1 X125.589 Y97.685 E303.58347
G1 X126.086 Y97.738 E303.59594
G1 X126.544 Y97.888 E303.60796
G1 X126.958 Y98.128 E303.6199
G1 X127.312 Y98.444 E303.63173
G1 X127.605 Y98.846 E303.64414
G1 X127.82 Y99.353 E303.65788
G1 X127.906 Y99.829 E303.66995
G1 X127.914 Y100 E303.67422
G1 X127.915 Y119.989 E304.17284
G1 X127.862 Y120.486 E304.18531
G1 X127.714 Y120.942 E304.19727
G1 X127.472 Y121.358 E304.20928
G1 X127.156 Y121.712 E304.22111
G1 X126.756 Y122.004 E304.23347
G1 X126.247 Y122.221 E304.24727
G1 X125.771 Y122.306 E304.25933
G1 X125.591 Y122.314 E304.26383
G1 X113.611 Y122.315 E304.56267
G1 X113.118 Y122.263 E304.57503
G0 F12000 X113.305 Y122.019
;TYPE:SKIN
G1 F3000 X113.567 Y122.04 E304.57738
G1 X119.784 Y122.046 E304.6328
G1 X125.441 Y122.046 E304.68322
G1 X126.077 Y121.975 E304.68893
G1 X126.558 Y121.776 E304.69357
G0 F12000 X127.403 Y120.931
G1 F3000 X127.578 Y120.474 E304.69852
G1 X127.645 Y119.275 E304.71069
G1 X127.644 Y100.042 E304.90549
G1 X127.515 Y99.323 E304.91289
G1 X127.097 Y98.61 E304.92126
G1 X126.438 Y98.138 E304.92948
G1 X125.759 Y97.968 E304.93656
G1 X121.532 Y97.953 E304.97938
G1 X113.609 Y97.956 E305.05963
G1 X112.906 Y98.093 E305.06688
G1 X112.147 Y98.57 E305.07596
G1 X111.683 Y99.316 E305.08486
G1 X111.56 Y100.005 E305.09195
G1 X111.442 Y100.689 E305.09898
G1 X111.442 Y103.518 E305.12764
G1 X111.552 Y103.973 E305.13238
G1 X111.553 Y115.286 E305.24696
G1 X111.553 Y116.134 E305.25555
G1 X111.326 Y116.36 E305.2588
G1 X111.442 Y116.81 E305.26351
G1 X111.461 Y119.337 E305.2891
G1 X111.596 Y120.333 E305.29928
G1 X111.803 Y120.974 E305.3061
G1 X112.324 Y121.585 E305.31424
G1 X113.077 Y121.964 E305.32278
G0 F12000 X113.166 Y121.859
G1 F3900 E301.82278
G1 F600 Z1.85
;MESH:NONMESH
G0 F12000 X113.184 Y121.865 Z1.85
G0 X105.054 Y121.829
;TIME_ELAPSED:395.696688
;LAYER:10
;MESH:filament_filter_idig3d.stl
G0 X105.054 Y121.829 Z2
;TYPE:WALL-OUTER
G1 F600 Z1.8
G1 F3900 E305.32278
G1 F1800 X105.476 Y121.669 E305.33403
G1 X105.85 Y121.411 E305.34537
G1 X106.151 Y121.072 E305.35668
G1 X106.362 Y120.669 E305.36802
G1 X106.471 Y120.228 E305.37936
G1 X106.484 Y120.006 E305.3849
G1 X106.483 Y99.995 E305.88408
G1 X106.43 Y99.548 E305.89531
G1 X106.27 Y99.124 E305.90661
G1 X106.011 Y98.75 E305.91796
G1 X105.671 Y98.449 E305.92929
G1 X105.271 Y98.238 E305.94057
G1 X104.828 Y98.129 E305.95195
G1 X104.606 Y98.116 E305.9575
G1 X92.595 Y98.117 E306.25711
G1 X92.148 Y98.171 E306.26834
G1 X91.724 Y98.331 E306.27965
G1 X91.35 Y98.589 E306.29098
G1 X91.049 Y98.929 E306.30231
G1 X90.838 Y99.329 E306.31359
G1 X90.729 Y99.772 E306.32497
G1 X90.716 Y99.994 E306.33052
G1 X90.717 Y120.005 E306.8297
G1 X90.771 Y120.454 E306.84098
G1 X90.931 Y120.876 E306.85224
G1 X91.19 Y121.251 E306.8636
G1 X91.529 Y121.551 E306.8749
G1 X91.929 Y121.762 E306.88618
G1 X92.372 Y121.871 E306.89756
G1 X92.594 Y121.884 E306.9031
G1 X104.605 Y121.883 E307.20272
G1 X105.054 Y121.829 E307.214
G0 F12000 X104.594 Y122.382
G1 F1800 X92.611 Y122.383 E307.51292
G1 X92.1 Y122.329 E307.52574
G1 X91.633 Y122.177 E307.53799
G1 X91.197 Y121.924 E307.55056
G1 X90.827 Y121.591 E307.56298
G1 X90.536 Y121.188 E307.57538
G1 X90.332 Y120.727 E307.58795
G1 X90.231 Y120.247 E307.60019
G1 X90.218 Y120 E307.60636
G1 X90.215 Y102.477 E308.04347
G1 X90.218 Y101.588 E308.06565
G1 X90.218 Y100.009 E308.10504
G1 X90.271 Y99.5 E308.1178
G1 X90.423 Y99.033 E308.13005
G1 X90.676 Y98.596 E308.14265
G1 X91.009 Y98.228 E308.15503
G1 X91.412 Y97.936 E308.16745
G1 X91.87 Y97.733 E308.17994
G1 X92.353 Y97.631 E308.19226
G1 X92.606 Y97.618 E308.19858
G1 X104.589 Y97.617 E308.49749
G1 X105.1 Y97.671 E308.51031
G1 X105.567 Y97.823 E308.52256
G1 X106.004 Y98.076 E308.53516
G1 X106.367 Y98.402 E308.54733
G1 X106.664 Y98.812 E308.55996
G1 X106.867 Y99.27 E308.57245
G1 X106.969 Y99.753 E308.58477
G1 X106.982 Y100 E308.59094
G1 X106.984 Y104.7 E308.70818
G1 X107.284 Y104.7 E308.71566
G1 X107.285 Y115.3 E308.98008
G1 X106.982 Y115.3 E308.98764
G1 X106.983 Y119.989 E309.10461
G1 X106.931 Y120.493 E309.11725
G1 X106.777 Y120.967 E309.12968
G1 X106.524 Y121.404 E309.14228
G1 X106.197 Y121.768 E309.15448
G1 X105.788 Y122.064 E309.16708
G1 X105.331 Y122.267 E309.17955
G1 X104.847 Y122.369 E309.19189
G1 X104.594 Y122.382 E309.19821
G0 F12000 X104.593 Y122.129
;TYPE:SKIN
G1 F3000 X104.312 Y122.131 E309.20003
G1 X95.828 Y122.132 E309.25518
G1 X92.419 Y122.117 E309.27733
G1 X92.076 Y122.057 E309.2796
G1 X91.613 Y121.878 E309.28282
G0 F12000 X90.74 Y121.005
G1 F3000 X90.544 Y120.525 E309.28771
G1 X90.467 Y119.599 E309.29646
G1 X90.466 Y112.245 E309.36573
G1 X90.467 Y100.083 E309.48028
G1 X90.653 Y99.138 E309.48935
G1 X91.12 Y98.474 E309.497
G1 X91.809 Y98.032 E309.50471
G1 X92.498 Y97.872 E309.51137
G1 X98.714 Y97.866 E309.56992
G1 X104.658 Y97.87 E309.62591
G1 X105.386 Y98.032 E309.63294
G1 X106.099 Y98.462 E309.64078
G1 X106.576 Y99.222 E309.64923
G1 X106.724 Y99.936 E309.6561
G1 X106.732 Y104.752 E309.70146
G1 X106.981 Y105.002 E309.70478
G1 X106.882 Y105.468 E309.70927
G1 X106.883 Y113.106 E309.78121
G1 X106.883 Y114.803 E309.7972
G1 X106.732 Y115.218 E309.80136
G1 X106.727 Y120.021 E309.8466
G1 X106.594 Y120.736 E309.85345
G1 X106.16 Y121.434 E309.86119
G1 X105.511 Y121.916 E309.8688
G1 X104.852 Y122.106 E309.87526
G0 F12000 X104.814 Y121.969
G1 F3900 E306.37526
G1 F600 Z2
G0 F12000 X104.788 Y121.973 Z2
G0 X111.315 Y103.5
;TYPE:WALL-INNER
G1 F600 Z1.8
G1 F3900 E309.87526
G1 F5400 X111.314 Y100.882 E309.94057
G1 X111.316 Y100.775 E309.94324
G1 F3900 E306.44324
G0 F12000 X111.705 Y120.232
G0 X112.11 Y121.203
G0 X112.894 Y121.855
G1 F3900 E309.94324
G0 F12000 X112.929 Y121.762
;TYPE:WALL-OUTER
G1 F1800 X113.372 Y121.871 E309.95462
G1 X113.594 Y121.884 E309.96017
G1 X125.605 Y121.883 E310.25978
G1 X126.054 Y121.829 E310.27106
G1 X126.476 Y121.669 E310.28232
G1 X126.85 Y121.411 E310.29366
G1 X127.151 Y121.072 E310.30496
G1 X127.362 Y120.669 E310.31631
G1 X127.471 Y120.228 E310.32764
G1 X127.484 Y120.006 E310.33319
G1 X127.483 Y99.995 E310.83237
G1 X127.43 Y99.548 E310.8436
G1 X127.27 Y99.124 E310.8549
G1 X127.011 Y98.75 E310.86625
G1 X126.671 Y98.449 E310.87758
G1 X126.271 Y98.238 E310.88886
G1 X125.828 Y98.129 E310.90024
G1 X125.606 Y98.116 E310.90579
G1 X113.595 Y98.117 E311.2054
G1 X113.148 Y98.171 E311.21663
G1 X112.724 Y98.331 E311.22794
G1 X112.35 Y98.589 E311.23927
G1 X112.049 Y98.929 E311.2506
G1 X111.838 Y99.329 E311.26188
G1 X111.729 Y99.772 E311.27326
G1 X111.716 Y99.994 E311.27881
G1 X111.717 Y120.005 E311.77798
G1 X111.771 Y120.454 E311.78927
G1 X111.931 Y120.876 E311.80052
G1 X112.19 Y121.251 E311.81189
G1 X112.529 Y121.551 E311.82318
G1 X112.929 Y121.762 E311.83447
G0 F12000 X113.104 Y122.33
G1 F1800 X112.632 Y122.177 E311.84684
G1 X112.205 Y121.93 E311.85915
G1 X111.84 Y121.605 E311.87134
G1 X111.543 Y121.2 E311.88387
G1 X111.34 Y120.752 E311.89614
G1 X111.235 Y120.28 E311.9082
G1 X111.219 Y119.791 E311.9204
G1 X110.95 Y119.598 E311.92866
G1 X110.916 Y119.474 E311.93187
G1 X110.914 Y116.1 E312.01603
G1 X111.218 Y116.1 E312.02362
G1 X111.216 Y103.9 E312.32795
G1 X110.915 Y103.9 E312.33546
G1 X110.914 Y100.874 E312.41094
G1 X110.921 Y100.506 E312.42012
G1 X110.953 Y100.397 E312.42295
G1 X111.223 Y100.207 E312.43119
G1 X111.236 Y99.716 E312.44344
G1 X111.344 Y99.237 E312.45569
G1 X111.548 Y98.791 E312.46793
G1 X111.838 Y98.398 E312.48011
G1 X112.212 Y98.063 E312.49263
G1 X112.634 Y97.822 E312.50476
G1 X113.102 Y97.671 E312.51702
G1 X113.61 Y97.618 E312.52976
G1 X125.589 Y97.617 E312.82858
G1 X126.1 Y97.671 E312.8414
G1 X126.567 Y97.823 E312.85365
G1 X127.004 Y98.076 E312.86625
G1 X127.366 Y98.401 E312.87838
G1 X127.664 Y98.812 E312.89105
G1 X127.867 Y99.27 E312.90354
G1 X127.969 Y99.753 E312.91586
G1 X127.982 Y100 E312.92203
G1 X127.983 Y119.989 E313.42065
G1 X127.929 Y120.5 E313.43347
G1 X127.777 Y120.967 E313.44572
G1 X127.525 Y121.403 E313.45829
G1 X127.197 Y121.768 E313.47053
G1 X126.79 Y122.063 E313.48307
G1 X126.331 Y122.267 E313.4956
G1 X125.847 Y122.369 E313.50793
G1 X125.594 Y122.382 E313.51425
G1 X113.611 Y122.383 E313.81317
G1 X113.104 Y122.33 E313.82589
G0 F12000 X112.981 Y122.032
;TYPE:SKIN
G1 F3000 X112.355 Y121.689 E313.83301
G1 X111.845 Y121.178 E313.84022
G1 X111.576 Y120.627 E313.84634
G1 X111.468 Y119.954 E313.85314
G1 X111.315 Y119.235 E313.86048
G1 X111.314 Y116.688 E313.8859
G1 X111.466 Y116.275 E313.89029
G1 X111.465 Y107.222 E313.98065
G1 X111.465 Y103.828 E314.01453
G1 F3900 E310.51453
G0 F12000 X111.413 Y103.777
G0 X111.338 Y100.59
G0 X111.273 Y100.525
G1 F3900 E314.01453
G1 F3000 X111.444 Y100.414 E314.01584
G1 X111.562 Y99.4 E314.02238
G1 X111.953 Y98.659 E314.02776
G1 X112.566 Y98.141 E314.0329
G1 X113.187 Y97.913 E314.03714
G1 X114.837 Y97.866 E314.04773
G1 X125.585 Y97.867 E314.11666
G1 X126.264 Y97.979 E314.12107
G1 X127.096 Y98.529 E314.12747
G1 X127.608 Y99.324 E314.13353
G1 X127.73 Y100.012 E314.13801
G1 X127.731 Y106.518 E314.17974
G1 X127.732 Y113.873 E314.2269
G1 X127.723 Y120.086 E314.26675
G1 X127.576 Y120.788 E314.27135
G1 X127.127 Y121.47 E314.27658
G1 X126.462 Y121.936 E314.28179
G1 X125.793 Y122.116 E314.28624
G1 X121.849 Y122.132 E314.31153
G1 X113.647 Y122.132 E314.36413
G1 X113.337 Y122.105 E314.36612
G0 F12000 X113.267 Y121.945
G1 F3900 E310.86612
G1 F600 Z2
;MESH:NONMESH
G0 F12000 X113.225 Y121.941 Z2
G0 X106.97 Y105.1
;TIME_ELAPSED:410.621991
;LAYER:11
;MESH:filament_filter_idig3d.stl
G0 X106.97 Y105.1 Z2.15
;TYPE:WALL-INNER
G1 F600 Z1.95
G1 F3900 E314.36612
G1 F5400 X107.034 Y105.1 E314.36772
G1 X107.035 Y114.9 E314.61218
G1 X106.971 Y114.9 E314.61378
G1 F3900 E311.11378
G0 F12000 X106.596 Y120.246
G0 X105.935 Y121.505
G0 X105.096 Y122.012
G1 F3900 E314.61378
G0 F12000 X105.072 Y121.915
;TYPE:WALL-OUTER
G1 F1800 X105.516 Y121.746 E314.62563
G1 X105.908 Y121.476 E314.6375
G1 X106.223 Y121.119 E314.64938
G1 X106.443 Y120.699 E314.66121
G1 X106.557 Y120.238 E314.67305
G1 X106.571 Y120.006 E314.67885
G1 X106.57 Y99.994 E315.17805
G1 X106.515 Y99.526 E315.18981
G1 X106.345 Y99.084 E315.20162
G1 X106.076 Y98.692 E315.21348
G1 X105.719 Y98.378 E315.22534
G1 X105.299 Y98.158 E315.23717
G1 X104.838 Y98.043 E315.24902
G1 X104.606 Y98.029 E315.25482
G1 X92.594 Y98.03 E315.55446
G1 X92.129 Y98.085 E315.56614
G1 X91.684 Y98.254 E315.57801
G1 X91.294 Y98.524 E315.58984
G1 X90.978 Y98.881 E315.60174
G1 X90.758 Y99.301 E315.61356
G1 X90.643 Y99.762 E315.62542
G1 X90.629 Y99.994 E315.63121
G1 X90.63 Y120.006 E316.13042
G1 X90.685 Y120.472 E316.14212
G1 X90.854 Y120.916 E316.15397
G1 X91.124 Y121.308 E316.16585
G1 X91.48 Y121.622 E316.17769
G1 X91.901 Y121.842 E316.18954
G1 X92.362 Y121.957 E316.20139
G1 X92.594 Y121.971 E316.20719
G1 X104.606 Y121.97 E316.50683
G1 X105.072 Y121.915 E316.51853
G0 F12000 X104.589 Y122.44
G1 F1800 X92.612 Y122.441 E316.8173
G1 X92.085 Y122.384 E316.83052
G1 X91.605 Y122.227 E316.84312
G1 X91.16 Y121.968 E316.85596
G1 X90.79 Y121.636 E316.86836
G1 X90.486 Y121.216 E316.8813
G1 X90.276 Y120.744 E316.89418
G1 X90.174 Y120.253 E316.90669
G1 X90.16 Y119.989 E316.91329
G1 X90.157 Y115.696 E317.02038
G1 X90.158 Y113.351 E317.07887
G1 X90.206 Y113.35 E317.08007
G1 X90.206 Y106.65 E317.2472
G1 X90.158 Y106.649 E317.2484
G1 X90.16 Y105.312 E317.28175
G1 X90.16 Y100.011 E317.41399
G1 X90.216 Y99.482 E317.42726
G1 X90.373 Y99.005 E317.43978
G1 X90.629 Y98.564 E317.4525
G1 X90.964 Y98.19 E317.46503
G1 X91.384 Y97.886 E317.47796
G1 X91.853 Y97.677 E317.49077
G1 X92.347 Y97.574 E317.50336
G1 X92.611 Y97.56 E317.50995
G1 X104.588 Y97.559 E317.80872
G1 X105.115 Y97.616 E317.82194
G1 X105.595 Y97.773 E317.83454
G1 X106.03 Y98.024 E317.84707
G1 X106.41 Y98.364 E317.85979
G1 X106.714 Y98.784 E317.87272
G1 X106.924 Y99.256 E317.88561
G1 X107.026 Y99.747 E317.89812
G1 X107.04 Y100.011 E317.90471
G1 X107.041 Y104.7 E318.02168
G1 X107.434 Y104.7 E318.03148
G1 X107.435 Y115.3 E318.2959
G1 X107.04 Y115.3 E318.30576
G1 X107.041 Y119.988 E318.4227
G1 X106.984 Y120.515 E318.43592
G1 X106.827 Y120.995 E318.44852
G1 X106.571 Y121.436 E318.46124
G1 X106.236 Y121.81 E318.47376
G1 X105.824 Y122.111 E318.48649
G1 X105.347 Y122.323 E318.49951
G1 X104.853 Y122.426 E318.5121
G1 X104.589 Y122.44 E318.51869
G0 F12000 X104.639 Y122.199
;TYPE:SKIN
G1 F3000 X104.955 Y122.166 E318.52032
G1 X105.337 Y122.067 E318.52234
G1 X106.145 Y121.542 E318.52728
G1 X106.67 Y120.734 E318.53222
G1 X106.806 Y119.751 E318.5373
G1 X106.806 Y115.225 E318.56049
G1 F3900 E315.06049
G0 F12000 X106.871 Y115.191
G0 X106.596 Y120.246
G0 X105.935 Y121.505
G0 X104.388 Y122.168
G0 X104.352 Y122.204
G1 F3900 E318.56049
G1 F3000 X104.069 Y122.204 E318.56176
G1 X92.755 Y122.204 E318.61277
G1 X91.785 Y122.043 E318.61721
G1 X91.098 Y121.597 E318.6209
G1 X90.619 Y120.947 E318.62454
G1 X90.426 Y120.291 E318.62762
G1 X90.394 Y118.343 E318.63641
G1 X90.393 Y113.818 E318.65681
G1 X90.37 Y113.558 E318.65799
G1 F3900 E315.15799
G0 F12000 X90.385 Y113.544
G0 X90.357 Y106.218
G0 X90.393 Y106.182
G1 F3900 E318.65799
G1 F3000 X90.393 Y105.898 E318.6593
G1 X90.397 Y99.955 E318.68671
G1 X90.533 Y99.253 E318.69001
G1 X91.045 Y98.458 E318.69437
G1 X91.853 Y97.932 E318.69882
G1 X92.553 Y97.798 E318.70211
G1 X98.781 Y97.794 E318.73084
G1 X104.709 Y97.805 E318.75818
G1 X105.409 Y97.954 E318.76149
G1 X106.095 Y98.398 E318.76526
G1 X106.577 Y99.047 E318.76898
G1 X106.771 Y99.702 E318.77214
G1 X106.804 Y101.65 E318.78112
G1 X106.804 Y104.761 E318.79547
G0 F12000 X107.171 Y105.3
G1 F3900 E315.29547
G1 F600 Z2.15
G0 F12000 X107.171 Y105.3 Z2.15
G0 X111.165 Y103.5
;TYPE:WALL-INNER
G1 F600 Z1.95
G1 F3900 E318.79547
G1 F5400 X111.166 Y100.618 E318.86737
G1 X111.229 Y100.591 E318.86908
G1 F3900 E315.36908
G0 F12000 X111.229 Y103.5
G1 F3900 E318.86908
G1 F5400 X111.165 Y103.5 E318.87067
G1 F3900 E315.37067
G0 F12000 X111.164 Y116.5
G1 F3900 E318.87067
G1 F5400 X111.23 Y116.5 E318.87232
G1 X111.23 Y119.406 E318.94481
G1 X111.166 Y119.378 E318.94655
G1 F3900 E315.44655
G0 F12000 X111.819 Y120.935
G0 X112.866 Y121.935
G1 F3900 E318.94655
G0 F12000 X112.901 Y121.842
;TYPE:WALL-OUTER
G1 F1800 X113.362 Y121.957 E318.9584
G1 X113.594 Y121.971 E318.9642
G1 X125.606 Y121.97 E319.26384
G1 X126.072 Y121.915 E319.27555
G1 X126.516 Y121.746 E319.2874
G1 X126.908 Y121.476 E319.29927
G1 X127.223 Y121.119 E319.31115
G1 X127.443 Y120.699 E319.32298
G1 X127.557 Y120.238 E319.33482
G1 X127.571 Y120.006 E319.34062
G1 X127.57 Y99.994 E319.83982
G1 X127.515 Y99.526 E319.85158
G1 X127.345 Y99.084 E319.86339
G1 X127.076 Y98.692 E319.87525
G1 X126.719 Y98.378 E319.88711
G1 X126.299 Y98.158 E319.89894
G1 X125.838 Y98.043 E319.91079
G1 X125.606 Y98.029 E319.91659
G1 X113.594 Y98.03 E320.21623
G1 X113.129 Y98.085 E320.22791
G1 X112.684 Y98.254 E320.23978
G1 X112.294 Y98.524 E320.25161
G1 X111.978 Y98.881 E320.26351
G1 X111.758 Y99.301 E320.27533
G1 X111.643 Y99.762 E320.28718
G1 X111.629 Y99.994 E320.29298
G1 X111.63 Y120.006 E320.79218
G1 X111.685 Y120.472 E320.80389
G1 X111.854 Y120.916 E320.81574
G1 X112.124 Y121.308 E320.82761
G1 X112.48 Y121.622 E320.83945
G1 X112.901 Y121.842 E320.8513
G0 F12000 X113.092 Y122.386
G1 F1800 X112.609 Y122.23 E320.86397
G1 X112.172 Y121.977 E320.87656
G1 X111.796 Y121.641 E320.88914
G1 X111.492 Y121.228 E320.90193
G1 X111.287 Y120.776 E320.91431
G1 X111.177 Y120.283 E320.92691
G1 X111.163 Y119.813 E320.93864
G1 X110.905 Y119.7 E320.94567
G1 X110.798 Y119.589 E320.94951
G1 X110.766 Y119.473 E320.95252
G1 X110.764 Y116.1 E321.03666
G1 X111.16 Y116.1 E321.04653
G1 X111.159 Y103.9 E321.35086
G1 X110.765 Y103.9 E321.36069
G1 X110.766 Y100.529 E321.44478
G1 X110.803 Y100.4 E321.44813
G1 X110.938 Y100.28 E321.45264
G1 X111.158 Y100.187 E321.45859
G1 X111.219 Y99.469 E321.47657
G1 X111.381 Y98.986 E321.48928
G1 X111.633 Y98.558 E321.50167
G1 X111.982 Y98.175 E321.51459
G1 X112.389 Y97.882 E321.5271
G1 X112.856 Y97.676 E321.53984
G1 X113.349 Y97.573 E321.5524
G1 X113.61 Y97.56 E321.55892
G1 X125.588 Y97.559 E321.85771
G1 X126.115 Y97.616 E321.87093
G1 X126.595 Y97.773 E321.88353
G1 X127.03 Y98.024 E321.89606
G1 X127.409 Y98.363 E321.90874
G1 X127.714 Y98.784 E321.92171
G1 X127.924 Y99.256 E321.9346
G1 X128.026 Y99.747 E321.94711
G1 X128.04 Y100.011 E321.9537
G1 X128.041 Y119.988 E322.45203
G1 X127.984 Y120.515 E322.46525
G1 X127.827 Y120.995 E322.47785
G1 X127.571 Y121.436 E322.49057
G1 X127.236 Y121.81 E322.5031
G1 X126.824 Y122.111 E322.51582
G1 X126.347 Y122.323 E322.52885
G1 X125.853 Y122.426 E322.54143
G1 X125.589 Y122.44 E322.54803
G1 X113.611 Y122.441 E322.84682
G1 X113.092 Y122.386 E322.85984
G0 F12000 X113.169 Y122.154
;TYPE:SKIN
G1 F3000 X113.419 Y122.188 E322.86105
G1 X117.361 Y122.204 E322.8799
G1 X125.564 Y122.204 E322.91912
G1 X126.236 Y122.098 E322.92237
G1 X126.764 Y121.853 E322.92516
G0 F12000 X127.472 Y121.145
G1 F3000 X127.7 Y120.634 E322.92768
G1 X127.804 Y119.682 E322.932
G1 X127.803 Y108.086 E322.98428
G1 X127.796 Y99.891 E323.02122
G1 X127.557 Y98.998 E323.02539
G1 X127.059 Y98.365 E323.02902
G1 X126.356 Y97.937 E323.03273
G1 X125.645 Y97.799 E323.03599
G1 X119.428 Y97.794 E323.06402
G1 X113.477 Y97.805 E323.09085
G1 X112.735 Y97.981 E323.09429
G1 F3900 E319.59429
G0 F12000 X112.672 Y98.045
G0 X111.66 Y99.057
G0 X111.589 Y99.128
G1 F3900 E323.09429
G1 F3000 X111.456 Y99.544 E323.09703
G1 X111.391 Y100.173 E323.10101
G1 F3900 E319.60101
G0 F12000 X111.329 Y100.21
G0 X111.329 Y103.813
G1 F3900 E323.10101
G0 F12000 X111.393 Y103.849
G1 F3000 X111.393 Y104.132 E323.1023
G1 X111.394 Y112.616 E323.1408
G1 X111.401 Y116.286 E323.15745
G1 F3900 E319.65745
G0 F12000 X111.33 Y116.315
G0 X111.33 Y119.68
G1 F3900 E323.15745
G0 F12000 X111.38 Y119.701
G1 F3000 X111.398 Y119.965 E323.15867
G1 X111.515 Y120.697 E323.16209
G1 X111.921 Y121.422 E323.16593
G1 X112.552 Y121.923 E323.16965
G1 X112.949 Y122.092 E323.17164
G0 F12000 X113.03 Y121.945
G1 F3900 E319.67164
G1 F600 Z2.15
;MESH:NONMESH
G0 F12000 X113.051 Y121.952 Z2.15
G0 X107.041 Y105.1
;TIME_ELAPSED:426.732244
;LAYER:12
;MESH:filament_filter_idig3d.stl
G0 X107.041 Y105.1 Z2.3
;TYPE:WALL-INNER
G1 F600 Z2.1
G1 F3900 E323.17164
G1 F5400 X107.184 Y105.1 E323.17521
G1 X107.185 Y114.9 E323.41967
G1 X107.042 Y114.9 E323.42323
G1 F3900 E319.92323
G0 F12000 X106.667 Y120.254
G0 X106.314 Y121.184
G0 X105.113 Y122.081
G1 F3900 E323.42323
G0 F12000 X105.089 Y121.984
;TYPE:WALL-OUTER
G1 F1800 X105.55 Y121.809 E323.43554
G1 X105.993 Y121.49 E323.44915
G1 X106.282 Y121.161 E323.46008
G1 X106.51 Y120.726 E323.47233
G1 X106.628 Y120.246 E323.48466
G1 X106.642 Y120.006 E323.49065
G1 X106.641 Y99.995 E323.98983
G1 X106.584 Y99.511 E324.00199
G1 X106.409 Y99.05 E324.01429
G1 X106.084 Y98.601 E324.02812
G1 X105.761 Y98.318 E324.03883
G1 X105.326 Y98.09 E324.05108
G1 X104.846 Y97.972 E324.06341
G1 X104.606 Y97.958 E324.06941
G1 X92.595 Y97.959 E324.36902
G1 X92.111 Y98.016 E324.38118
G1 X91.65 Y98.191 E324.39348
G1 X91.208 Y98.51 E324.40708
G1 X90.918 Y98.839 E324.41802
G1 X90.691 Y99.274 E324.43026
G1 X90.572 Y99.754 E324.44259
G1 X90.558 Y99.994 E324.44859
G1 X90.558 Y106.486 E324.61053
G1 X90.558 Y113.523 E324.78607
G1 X90.559 Y120.005 E324.94777
G1 X90.616 Y120.489 E324.95992
G1 X90.79 Y120.95 E324.97221
G1 X91.07 Y121.355 E324.9845
G1 X91.439 Y121.682 E324.9968
G1 X91.874 Y121.91 E325.00905
G1 X92.354 Y122.028 E325.02138
G1 X92.594 Y122.042 E325.02737
G1 X104.605 Y122.041 E325.32699
G1 X105.089 Y121.984 E325.33915
G0 F12000 X104.589 Y122.487
G1 F1800 X92.611 Y122.488 E325.63794
G1 X92.079 Y122.431 E325.65129
G1 X91.585 Y122.27 E325.66425
G1 X91.142 Y122.014 E325.67701
G1 X90.755 Y121.668 E325.68996
G1 X90.448 Y121.247 E325.70296
G1 X90.231 Y120.758 E325.7163
G1 X90.127 Y120.258 E325.72904
G1 X90.113 Y119.989 E325.73576
G1 X90.11 Y113.526 E325.89698
G1 X90.357 Y113.524 E325.90314
G1 F3900 E322.40314
G0 F12000 X90.427 Y113.594
G0 X90.428 Y106.418
G1 F3900 E325.90314
G0 F12000 X90.356 Y106.486
G1 F1800 X90.111 Y106.472 E325.90926
G1 X90.11 Y103.808 E325.97572
G1 X90.113 Y102.07 E326.01907
G1 X90.113 Y100.011 E326.07043
G1 X90.169 Y99.476 E326.08385
G1 X90.33 Y98.985 E326.09674
G1 X90.586 Y98.542 E326.10951
G1 X90.932 Y98.155 E326.12245
G1 X91.353 Y97.848 E326.13545
G1 X91.838 Y97.632 E326.1487
G1 X92.342 Y97.527 E326.16154
G1 X92.611 Y97.513 E326.16826
G1 X104.589 Y97.512 E326.46705
G1 X105.121 Y97.569 E326.4804
G1 X105.616 Y97.73 E326.49338
G1 X106.062 Y97.989 E326.50625
G1 X106.445 Y98.332 E326.51907
G1 X106.752 Y98.753 E326.53207
G1 X106.969 Y99.242 E326.54542
G1 X107.073 Y99.742 E326.55815
G1 X107.087 Y100.011 E326.56487
G1 X107.088 Y104.7 E326.68184
G1 X107.584 Y104.7 E326.69421
G1 X107.585 Y115.3 E326.95863
G1 X107.087 Y115.3 E326.97106
G1 X107.088 Y119.989 E327.08802
G1 X107.031 Y120.521 E327.10137
G1 X106.87 Y121.015 E327.11433
G1 X106.614 Y121.458 E327.12709
G1 X106.268 Y121.845 E327.14004
G1 X105.843 Y122.154 E327.15315
G1 X105.362 Y122.368 E327.16628
G1 X104.864 Y122.472 E327.17897
G1 X104.589 Y122.487 E327.18584
G0 F12000 X104.568 Y122.441
G1 F3900 E323.68584
G1 F600 Z2.3
G0 F12000 X104.569 Y122.441 Z2.3
G0 X111.015 Y119.367
;TYPE:WALL-INNER
G1 F600 Z2.1
G1 F3900 E327.18584
G1 F5400 X111.014 Y116.5 E327.25736
G1 X111.159 Y116.5 E327.26098
G1 F3900 E323.76098
G0 F12000 X111.159 Y119.418
G1 F3900 E327.26098
G1 F5400 X111.015 Y119.367 E327.26479
G1 F3900 E323.76479
G0 F12000 X111.141 Y116.328
G0 X111.14 Y103.672
G0 X111.015 Y103.5
G1 F3900 E327.26479
G1 F5400 X111.016 Y100.632 E327.33633
G1 X111.158 Y100.581 E327.3401
G1 F3900 E323.8401
G0 F12000 X111.158 Y103.5
G1 F3900 E327.3401
G1 F5400 X111.015 Y103.5 E327.34366
G1 F3900 E323.84366
G0 F12000 X111.327 Y119.939
G0 X111.755 Y120.968
G0 X112.839 Y122.003
G1 F3900 E327.34366
G0 F12000 X112.874 Y121.91
;TYPE:WALL-OUTER
G1 F1800 X113.354 Y122.028 E327.35599
G1 X113.594 Y122.042 E327.36199
G1 X125.605 Y122.041 E327.66161
G1 X126.089 Y121.984 E327.67376
G1 X126.55 Y121.809 E327.68606
G1 X126.993 Y121.49 E327.69968
G1 X127.282 Y121.161 E327.7106
G1 X127.51 Y120.726 E327.72286
G1 X127.628 Y120.246 E327.73519
G1 X127.642 Y120.006 E327.74118
G1 X127.642 Y103.898 E328.143
G1 X127.639 Y99.95 E328.24148
G1 X127.584 Y99.511 E328.25252
G1 X127.409 Y99.05 E328.26482
G1 X127.084 Y98.601 E328.27864
G1 X126.761 Y98.318 E328.28936
G1 X126.326 Y98.09 E328.30161
G1 X125.846 Y97.972 E328.31394
G1 X125.606 Y97.958 E328.31994
G1 X113.595 Y97.959 E328.61955
G1 X113.111 Y98.016 E328.63171
G1 X112.65 Y98.191 E328.64401
G1 X112.208 Y98.51 E328.65761
G1 X111.918 Y98.839 E328.66855
G1 X111.691 Y99.274 E328.68079
G1 X111.572 Y99.754 E328.69312
G1 X111.558 Y99.994 E328.69912
G1 X111.559 Y120.005 E329.1983
G1 X111.616 Y120.489 E329.21045
G1 X111.79 Y120.95 E329.22274
G1 X112.07 Y121.355 E329.23503
G1 X112.439 Y121.682 E329.24732
G1 X112.874 Y121.91 E329.25958
G0 F12000 X113.082 Y122.432
G1 F1800 X112.594 Y122.274 E329.27237
G1 X112.146 Y122.017 E329.28526
G1 X111.761 Y121.673 E329.29813
G1 X111.451 Y121.252 E329.31118
G1 X111.242 Y120.79 E329.32382
G1 X111.13 Y120.287 E329.33668
G1 X111.101 Y119.821 E329.34833
G1 X110.751 Y119.698 E329.35758
G1 X110.649 Y119.591 E329.36127
G1 X110.615 Y119.469 E329.36443
G1 X110.614 Y116.1 E329.44847
G1 X111.113 Y116.1 E329.46092
G1 X111.112 Y103.9 E329.76525
G1 X110.615 Y103.9 E329.77764
G1 X110.616 Y100.53 E329.86171
G1 X110.653 Y100.401 E329.86506
G1 X110.752 Y100.301 E329.86857
G1 X111.101 Y100.177 E329.87781
G1 X111.158 Y99.537 E329.89383
G1 X111.338 Y98.966 E329.90877
G1 X111.606 Y98.516 E329.92183
G1 X111.945 Y98.144 E329.93439
G1 X112.369 Y97.839 E329.94742
G1 X112.842 Y97.631 E329.96031
G1 X113.344 Y97.526 E329.9731
G1 X113.61 Y97.513 E329.97974
G1 X125.589 Y97.512 E330.27856
G1 X126.121 Y97.569 E330.29191
G1 X126.616 Y97.73 E330.30489
G1 X127.062 Y97.989 E330.31776
G1 X127.443 Y98.33 E330.33051
G1 X127.752 Y98.753 E330.34358
G1 X127.969 Y99.242 E330.35692
G1 X128.073 Y99.742 E330.36966
G1 X128.087 Y100.011 E330.37638
G1 X128.088 Y119.989 E330.87474
G1 X128.031 Y120.521 E330.88808
G1 X127.87 Y121.015 E330.90104
G1 X127.614 Y121.458 E330.91381
G1 X127.268 Y121.845 E330.92676
G1 X126.845 Y122.153 E330.93981
G1 X126.362 Y122.368 E330.953
G1 X125.864 Y122.472 E330.96569
G1 X125.589 Y122.487 E330.97256
G1 X113.611 Y122.488 E331.27135
G1 X113.082 Y122.432 E331.28462
G0 F12000 X113.157 Y122.208
;TYPE:SKIN
G1 F3000 X112.757 Y122.091 E331.28586
G1 X113.778 Y122.263 E331.28893
G1 X125.654 Y122.26 E331.32419
G1 X126.563 Y122.037 E331.32697
G1 X127.221 Y121.564 E331.32938
G1 X127.676 Y120.888 E331.3318
G1 X127.863 Y119.944 E331.33465
G1 X127.862 Y101.275 E331.39008
G1 X127.851 Y99.849 E331.39432
G1 X127.662 Y99.095 E331.39663
G1 F3900 E327.89663
G0 F12000 X127.622 Y99.055
G0 X126.549 Y97.982
G0 X126.501 Y97.934
G1 F3900 E331.39663
G1 F3000 X126.082 Y97.797 E331.39959
G1 F3900 E327.89959
G0 F12000 X126.046 Y97.761
G0 X113.228 Y97.963
G0 X112.182 Y98.481
G0 X111.326 Y100.058
G0 X111.327 Y119.939
G0 X111.465 Y120.799
G0 X111.51 Y120.844
G1 F3900 E331.39959
G1 F3000 X111.949 Y121.566 E331.40388
G0 F12000 X111.924 Y121.759
G1 F3900 E327.90388
G1 F600 Z2.3
;MESH:NONMESH
G0 F12000 X111.925 Y121.76 Z2.3
G0 X107.099 Y114.9
;TIME_ELAPSED:440.928593
;LAYER:13
;MESH:filament_filter_idig3d.stl
G0 X107.099 Y114.9 Z2.45
;TYPE:WALL-INNER
G1 F600 Z2.25
G1 F3900 E331.40388
G1 F5400 X107.099 Y105.1 E331.64835
G1 X107.334 Y105.1 E331.65421
G1 F3900 E328.15421
G0 F12000 X107.335 Y114.9
G1 F3900 E331.65421
G1 F5400 X107.099 Y114.9 E331.6601
G1 F3900 E328.1601
G0 F12000 X106.724 Y120.263
G0 X106.361 Y121.215
G0 X104.585 Y122.426
G1 F3900 E331.6601
G0 F12000 X104.589 Y122.527
;TYPE:WALL-OUTER
G1 F1800 X92.57 Y122.526 E331.95991
G1 X92.071 Y122.471 E331.97243
G1 X91.568 Y122.306 E331.98564
G1 X91.109 Y122.04 E331.99887
G1 X90.725 Y121.694 E332.01177
G1 X90.41 Y121.26 E332.02514
G1 X90.195 Y120.775 E332.03838
G1 X90.087 Y120.263 E332.05143
G1 X90.073 Y119.989 E332.05827
G1 X90.07 Y117.766 E332.11373
G1 X90.072 Y113.69 E332.2154
G1 X90.501 Y113.682 E332.22611
G1 X90.501 Y120.006 E332.38386
G1 X90.56 Y120.503 E332.39634
G1 X90.741 Y120.976 E332.40898
G1 X91.027 Y121.393 E332.42159
G1 X91.408 Y121.729 E332.43426
G1 X91.855 Y121.964 E332.44686
G1 X92.347 Y122.085 E332.4595
G1 X92.594 Y122.1 E332.46567
G1 X104.606 Y122.099 E332.76531
G1 X105.103 Y122.04 E332.7778
G1 X105.577 Y121.859 E332.79045
G1 X105.993 Y121.573 E332.80305
G1 X106.329 Y121.193 E332.8157
G1 X106.564 Y120.745 E332.82832
G1 X106.685 Y120.253 E332.84096
G1 X106.699 Y120.014 E332.84693
G1 X106.699 Y99.994 E333.34633
G1 X106.64 Y99.497 E333.35882
G1 X106.459 Y99.023 E333.37147
G1 X106.173 Y98.607 E333.38407
G1 X105.793 Y98.271 E333.39672
G1 X105.346 Y98.036 E333.40932
G1 X104.853 Y97.915 E333.42198
G1 X104.606 Y97.9 E333.42815
G1 X92.594 Y97.901 E333.72779
G1 X92.097 Y97.96 E333.74028
G1 X91.623 Y98.141 E333.75293
G1 X91.207 Y98.427 E333.76553
G1 X90.871 Y98.807 E333.77818
G1 X90.637 Y99.255 E333.79079
G1 X90.515 Y99.747 E333.80343
G1 X90.5 Y99.994 E333.80961
G1 X90.5 Y106.315 E333.96728
G1 X90.072 Y106.313 E333.97796
G1 X90.074 Y99.97 E334.13619
G1 X90.129 Y99.471 E334.14871
G1 X90.294 Y98.968 E334.16192
G1 X90.559 Y98.511 E334.17509
G1 X90.906 Y98.125 E334.18804
G1 X91.34 Y97.81 E334.20142
G1 X91.825 Y97.595 E334.21465
G1 X92.337 Y97.487 E334.22771
G1 X92.611 Y97.473 E334.23455
G1 X104.63 Y97.474 E334.53436
G1 X105.13 Y97.529 E334.54691
G1 X105.632 Y97.694 E334.56009
G1 X106.089 Y97.959 E334.57327
G1 X106.475 Y98.306 E334.58622
G1 X106.79 Y98.74 E334.5996
G1 X107.005 Y99.225 E334.61283
G1 X107.113 Y99.737 E334.62588
G1 X107.127 Y100.011 E334.63273
G1 X107.128 Y104.7 E334.74969
G1 X107.734 Y104.7 E334.76481
G1 X107.735 Y115.3 E335.02923
G1 X107.127 Y115.3 E335.0444
G1 X107.128 Y119.989 E335.16136
G1 X107.071 Y120.529 E335.17491
G1 X106.906 Y121.032 E335.18811
G1 X106.641 Y121.489 E335.20129
G1 X106.294 Y121.875 E335.21424
G1 X105.86 Y122.19 E335.22762
G1 X105.375 Y122.405 E335.24085
G1 X104.863 Y122.513 E335.2539
G1 X104.589 Y122.527 E335.26075
G1 F3900 E331.76075
G1 F600 Z2.45
G0 F12000 X104.57 Y122.499 Z2.45
G0 X90.58 Y113.348
;TYPE:SKIN
G1 F600 Z2.25
G1 F3900 E335.26075
G1 F3000 X90.502 Y113.143 E335.26629
G1 X90.502 Y106.921 E335.42359
G1 X90.458 Y106.682 E335.42974
G1 F3900 E331.92974
G1 F600 Z2.45
G0 F12000 X110.865 Y103.5 Z2.45
;TYPE:WALL-INNER
G1 F600 Z2.25
G1 F3900 E335.42974
G1 F5400 X110.865 Y100.625 E335.50145
G1 X111.1 Y100.577 E335.50744
G1 F3900 E332.00744
G0 F12000 X111.1 Y103.5
G1 F3900 E335.50744
G1 F5400 X110.865 Y103.5 E335.5133
G1 F3900 E332.0133
G0 F12000 X111.101 Y116.328
G0 X110.864 Y116.5
G1 F3900 E335.5133
G1 F5400 X111.101 Y116.5 E335.51921
G1 X111.101 Y119.422 E335.5921
G1 X110.866 Y119.363 E335.59815
G1 F3900 E332.09815
G0 F12000 X111.706 Y120.995
G0 X112.82 Y122.057
G1 F3900 E335.59815
G0 F12000 X112.855 Y121.964
;TYPE:WALL-OUTER
G1 F1800 X113.347 Y122.085 E335.61078
G1 X113.594 Y122.1 E335.61696
G1 X125.606 Y122.099 E335.9166
G1 X126.103 Y122.04 E335.92908
G1 X126.577 Y121.859 E335.94174
G1 X126.993 Y121.573 E335.95433
G1 X127.33 Y121.193 E335.967
G1 X127.564 Y120.745 E335.97961
G1 X127.685 Y120.253 E335.99225
G1 X127.7 Y120.006 E335.99842
G1 X127.699 Y99.994 E336.49762
G1 X127.64 Y99.497 E336.51011
G1 X127.459 Y99.024 E336.52274
G1 X127.172 Y98.606 E336.53539
G1 X126.793 Y98.271 E336.54801
G1 X126.346 Y98.036 E336.5606
G1 X125.853 Y97.915 E336.57327
G1 X125.606 Y97.9 E336.57944
G1 X113.594 Y97.901 E336.87908
G1 X113.097 Y97.96 E336.89157
G1 X112.623 Y98.141 E336.90422
G1 X112.207 Y98.427 E336.91681
G1 X111.871 Y98.807 E336.92947
G1 X111.637 Y99.255 E336.94208
G1 X111.515 Y99.747 E336.95472
G1 X111.5 Y99.994 E336.96089
G1 X111.501 Y120.006 E337.4601
G1 X111.56 Y120.503 E337.47258
G1 X111.741 Y120.976 E337.48521
G1 X112.027 Y121.393 E337.49783
G1 X112.408 Y121.729 E337.5105
G1 X112.855 Y121.964 E337.5231
G0 F12000 X113.075 Y122.472
G1 F1800 X112.574 Y122.309 E337.53624
G1 X112.124 Y122.051 E337.54918
G1 X111.734 Y121.703 E337.56222
G1 X111.422 Y121.281 E337.57531
G1 X111.205 Y120.805 E337.58836
G1 X111.091 Y120.296 E337.60137
G1 X111.089 Y119.825 E337.61312
G1 X110.767 Y119.773 E337.62125
G1 X110.566 Y119.662 E337.62698
G1 X110.495 Y119.578 E337.62973
G1 X110.466 Y119.395 E337.63435
G1 X110.464 Y116.1 E337.71654
G1 X111.073 Y116.1 E337.73173
G1 X111.072 Y103.9 E338.03606
G1 X110.465 Y103.9 E338.05121
G1 X110.465 Y100.539 E338.13505
G1 X110.495 Y100.422 E338.13806
G1 X110.633 Y100.289 E338.14284
G1 X110.794 Y100.22 E338.14721
G1 X111.06 Y100.179 E338.15392
G1 X111.135 Y99.443 E338.17238
G1 X111.303 Y98.947 E338.18544
G1 X111.57 Y98.497 E338.19849
G1 X111.924 Y98.11 E338.21158
G1 X112.342 Y97.809 E338.22443
G1 X112.83 Y97.593 E338.23774
G1 X113.339 Y97.487 E338.25071
G1 X113.611 Y97.473 E338.2575
G1 X125.63 Y97.474 E338.55732
G1 X126.13 Y97.529 E338.56986
G1 X126.632 Y97.694 E338.58305
G1 X127.089 Y97.959 E338.59622
G1 X127.475 Y98.306 E338.60917
G1 X127.79 Y98.74 E338.62255
G1 X128.005 Y99.225 E338.63578
G1 X128.113 Y99.737 E338.64884
G1 X128.127 Y100.011 E338.65568
G1 X128.126 Y120.03 E339.15506
G1 X128.071 Y120.529 E339.16758
G1 X127.906 Y121.032 E339.18078
G1 X127.641 Y121.489 E339.19396
G1 X127.294 Y121.875 E339.20691
G1 X126.86 Y122.19 E339.22029
G1 X126.375 Y122.405 E339.23352
G1 X125.863 Y122.513 E339.24657
G1 X125.589 Y122.527 E339.25342
G1 X113.571 Y122.526 E339.55321
G1 X113.075 Y122.472 E339.56565
G0 F12000 X113.071 Y122.429
G1 F3900 E336.06565
G1 F600 Z2.45
;MESH:NONMESH
G0 F12000 X113.095 Y122.435 Z2.45
G0 X107.141 Y114.9
;TIME_ELAPSED:453.726925
;LAYER:14
;MESH:filament_filter_idig3d.stl
G0 X107.141 Y114.9 Z2.6
;TYPE:WALL-INNER
G1 F600 Z2.4
G1 F3900 E339.56565
G1 F5400 X107.14 Y105.1 E339.81012
G1 X107.484 Y105.1 E339.8187
G1 F3900 E336.3187
G0 F12000 X107.485 Y114.9
G1 F3900 E339.8187
G1 F5400 X107.141 Y114.9 E339.82728
G1 F3900 E336.32728
G0 F12000 X106.762 Y120.28
G0 X106.395 Y121.239
G0 X104.584 Y122.455
G1 F3900 E339.82728
G0 F12000 X104.589 Y122.556
;TYPE:WALL-OUTER
G1 F1800 X92.612 Y122.557 E340.12604
G1 X92.062 Y122.497 E340.13985
G1 X91.556 Y122.332 E340.15312
G1 X91.094 Y122.064 E340.16645
G1 X90.704 Y121.713 E340.17953
G1 X90.386 Y121.274 E340.19306
G1 X90.166 Y120.779 E340.20657
G1 X90.059 Y120.266 E340.21964
G1 X90.044 Y119.989 E340.22656
G1 X90.041 Y113.844 E340.37985
G1 X90.46 Y113.84 E340.3903
G1 X90.46 Y120.006 E340.54411
G1 X90.52 Y120.513 E340.55685
G1 X90.704 Y120.995 E340.56972
G1 X90.998 Y121.421 E340.58263
G1 X91.382 Y121.762 E340.59544
G1 X91.84 Y122.002 E340.60834
G1 X92.341 Y122.126 E340.62121
G1 X92.594 Y122.141 E340.62754
G1 X104.606 Y122.14 E340.92718
G1 X105.113 Y122.08 E340.93991
G1 X105.595 Y121.896 E340.95278
G1 X106.021 Y121.602 E340.96569
G1 X106.362 Y121.218 E340.9785
G1 X106.602 Y120.76 E340.9914
G1 X106.726 Y120.258 E341.0043
G1 X106.741 Y120.007 E341.01057
G1 X106.74 Y99.994 E341.5098
G1 X106.68 Y99.487 E341.52253
G1 X106.496 Y99.005 E341.5354
G1 X106.202 Y98.579 E341.54832
G1 X105.818 Y98.238 E341.56113
G1 X105.36 Y97.998 E341.57403
G1 X104.859 Y97.874 E341.5869
G1 X104.606 Y97.859 E341.59322
G1 X92.594 Y97.86 E341.89286
G1 X92.087 Y97.92 E341.9056
G1 X91.605 Y98.104 E341.91847
G1 X91.179 Y98.398 E341.93138
G1 X90.838 Y98.782 E341.94419
G1 X90.597 Y99.241 E341.95712
G1 X90.474 Y99.741 E341.96997
G1 X90.459 Y99.994 E341.97629
G1 X90.459 Y106.161 E342.13013
G1 X90.042 Y106.156 E342.14053
G1 X90.041 Y103.984 E342.19471
G1 X90.045 Y102.295 E342.23684
G1 X90.044 Y100.011 E342.29382
G1 X90.103 Y99.459 E342.30766
G1 X90.268 Y98.957 E342.32085
G1 X90.536 Y98.494 E342.33419
G1 X90.887 Y98.104 E342.34728
G1 X91.326 Y97.785 E342.36082
G1 X91.817 Y97.567 E342.37422
G1 X92.334 Y97.459 E342.38739
G1 X92.611 Y97.444 E342.39431
G1 X104.588 Y97.443 E342.69308
G1 X105.139 Y97.503 E342.70691
G1 X105.644 Y97.668 E342.72016
G1 X106.106 Y97.936 E342.73348
G1 X106.496 Y98.287 E342.74657
G1 X106.815 Y98.726 E342.76011
G1 X107.034 Y99.221 E342.77361
G1 X107.141 Y99.734 E342.78668
G1 X107.156 Y100.011 E342.7936
G1 X107.157 Y104.7 E342.91057
G1 X107.884 Y104.7 E342.9287
G1 X107.885 Y115.3 E343.19312
G1 X107.156 Y115.3 E343.21131
G1 X107.157 Y119.988 E343.32825
G1 X107.097 Y120.538 E343.34205
G1 X106.932 Y121.044 E343.35533
G1 X106.664 Y121.506 E343.36865
G1 X106.313 Y121.896 E343.38174
G1 X105.874 Y122.215 E343.39528
G1 X105.382 Y122.433 E343.4087
G1 X104.866 Y122.541 E343.42185
G1 X104.589 Y122.556 E343.42877
G1 F3900 E339.92877
G1 F600 Z2.6
G0 F12000 X104.569 Y122.54 Z2.6
G0 X90.557 Y113.467
;TYPE:SKIN
G1 F600 Z2.4
G1 F3900 E343.42877
G1 F3000 X90.557 Y113.184 E343.43252
G1 X90.557 Y106.679 E343.51874
G1 X90.598 Y106.437 E343.522
G1 F3900 E340.022
G1 F600 Z2.6
G0 F12000 X110.715 Y103.5 Z2.6
;TYPE:WALL-INNER
G1 F600 Z2.4
G1 F3900 E343.522
G1 F5400 X110.714 Y100.643 E343.59326
G1 X111.059 Y100.599 E343.60194
G1 F3900 E340.10194
G0 F12000 X111.059 Y103.5
G1 F3900 E343.60194
G1 F5400 X110.715 Y103.5 E343.61052
G1 F3900 E340.11052
G0 F12000 X111.072 Y116.328
G0 X110.714 Y116.5
G1 F3900 E343.61052
G1 F5400 X111.06 Y116.5 E343.61915
G1 X111.06 Y119.439 E343.69246
G1 X110.727 Y119.374 E343.70093
G1 X110.716 Y119.278 E343.70334
G1 X110.714 Y116.5 E343.76611
G1 F3900 E340.26611
G0 F12000 X111.23 Y119.913
G0 X111.668 Y121.011
G0 X112.805 Y122.095
G1 F3900 E343.76611
G0 F12000 X112.84 Y122.002
;TYPE:WALL-OUTER
G1 F1800 X113.341 Y122.126 E343.77899
G1 X113.594 Y122.141 E343.78531
G1 X125.606 Y122.14 E344.08495
G1 X126.113 Y122.08 E344.09769
G1 X126.595 Y121.896 E344.11056
G1 X127.021 Y121.602 E344.12347
G1 X127.362 Y121.218 E344.13628
G1 X127.602 Y120.76 E344.14918
G1 X127.726 Y120.259 E344.16205
G1 X127.741 Y120.006 E344.16837
G1 X127.74 Y99.994 E344.66757
G1 X127.68 Y99.487 E344.68031
G1 X127.496 Y99.005 E344.69318
G1 X127.202 Y98.579 E344.70609
G1 X126.818 Y98.238 E344.7189
G1 X126.36 Y97.998 E344.7318
G1 X125.859 Y97.874 E344.74468
G1 X125.606 Y97.859 E344.751
G1 X113.594 Y97.86 E345.05064
G1 X113.087 Y97.92 E345.06337
G1 X112.605 Y98.104 E345.07624
G1 X112.179 Y98.398 E345.08915
G1 X111.838 Y98.782 E345.10197
G1 X111.597 Y99.241 E345.1149
G1 X111.474 Y99.741 E345.12774
G1 X111.459 Y99.994 E345.13406
G1 X111.46 Y120.006 E345.63327
G1 X111.52 Y120.513 E345.646
G1 X111.704 Y120.995 E345.65887
G1 X111.998 Y121.421 E345.67178
G1 X112.382 Y121.762 E345.68459
G1 X112.84 Y122.002 E345.69749
G0 F12000 X113.068 Y122.499
G1 F1800 X112.562 Y122.335 E345.71076
G1 X112.107 Y122.074 E345.72385
G1 X111.713 Y121.722 E345.73702
G1 X111.398 Y121.296 E345.75024
G1 X111.177 Y120.812 E345.76351
G1 X111.061 Y120.288 E345.7769
G1 X111.016 Y119.838 E345.78818
G1 X110.595 Y119.76 E345.79886
G1 X110.432 Y119.665 E345.80357
G1 X110.344 Y119.555 E345.80708
G1 X110.316 Y119.305 E345.81336
G1 X110.314 Y116.1 E345.89331
G1 X111.044 Y116.1 E345.91152
G1 X111.043 Y103.9 E346.21585
G1 X110.315 Y103.9 E346.23401
G1 X110.314 Y100.562 E346.31727
G1 X110.342 Y100.449 E346.32018
G1 X110.475 Y100.308 E346.32501
G1 X110.702 Y100.216 E346.33112
G1 X111.029 Y100.2 E346.33929
G1 X111.064 Y99.691 E346.35202
G1 X111.18 Y99.183 E346.36502
G1 X111.396 Y98.708 E346.37803
G1 X111.716 Y98.275 E346.39146
G1 X112.111 Y97.923 E346.40466
G1 X112.573 Y97.661 E346.41791
G1 X113.065 Y97.502 E346.43081
G1 X113.611 Y97.444 E346.4445
G1 X125.588 Y97.443 E346.74327
G1 X126.139 Y97.503 E346.7571
G1 X126.644 Y97.668 E346.77035
G1 X127.106 Y97.936 E346.78367
G1 X127.496 Y98.287 E346.79676
G1 X127.815 Y98.726 E346.8103
G1 X128.034 Y99.221 E346.8238
G1 X128.141 Y99.734 E346.83687
G1 X128.156 Y100.011 E346.84379
G1 X128.157 Y119.988 E347.34212
G1 X128.097 Y120.538 E347.35592
G1 X127.932 Y121.044 E347.3692
G1 X127.664 Y121.506 E347.38252
G1 X127.313 Y121.896 E347.39561
G1 X126.874 Y122.215 E347.40915
G1 X126.382 Y122.433 E347.42257
G1 X125.866 Y122.541 E347.43572
G1 X125.589 Y122.556 E347.44264
G1 X113.611 Y122.557 E347.74143
G1 X113.068 Y122.499 E347.75506
G0 F12000 X113.061 Y122.469
G1 F3900 E344.25506
G1 F600 Z2.6
;MESH:NONMESH
G0 F12000 X113.086 Y122.475 Z2.6
G0 X107.171 Y114.9
;TIME_ELAPSED:466.658171
;LAYER:15
;MESH:filament_filter_idig3d.stl
G0 X107.171 Y114.9 Z2.75
;TYPE:WALL-INNER
G1 F600 Z2.55
G1 F3900 E347.75506
G1 F5400 X107.17 Y105.1 E347.99952
G1 X107.634 Y105.1 E348.01109
G1 X107.635 Y114.9 E348.25556
G1 X107.171 Y114.9 E348.26713
G1 F3900 E344.76713
G0 F12000 X106.795 Y120.271
G0 X106.421 Y121.254
G0 X105.819 Y121.825
G0 X104.584 Y122.479
G1 F3900 E348.26713
G0 F12000 X104.589 Y122.58
;TYPE:WALL-OUTER
G1 F1800 X92.581 Y122.579 E348.56667
G1 X92.059 Y122.522 E348.57977
G1 X91.549 Y122.356 E348.59315
G1 X91.089 Y122.09 E348.6064
G1 X90.69 Y121.732 E348.61978
G1 X90.371 Y121.295 E348.63327
G1 X90.147 Y120.796 E348.64692
G1 X90.035 Y120.263 E348.6605
G1 X90.02 Y119.989 E348.66735
G1 X90.02 Y113.993 E348.81692
G1 X90.427 Y113.993 E348.82707
G1 X90.43 Y120.005 E348.97704
G1 X90.491 Y120.52 E348.98998
G1 X90.678 Y121.009 E349.0029
G1 X90.974 Y121.44 E349.01594
G1 X91.366 Y121.788 E349.02902
G1 X91.829 Y122.03 E349.04205
G1 X92.337 Y122.156 E349.05505
G1 X92.594 Y122.171 E349.06147
G1 X104.605 Y122.17 E349.36109
G1 X105.12 Y122.109 E349.37402
G1 X105.609 Y121.922 E349.38708
G1 X106.04 Y121.626 E349.40012
G1 X106.388 Y121.234 E349.4132
G1 X106.63 Y120.771 E349.42623
G1 X106.756 Y120.262 E349.43931
G1 X106.771 Y120.007 E349.44568
G1 X106.77 Y99.995 E349.94489
G1 X106.709 Y99.48 E349.95782
G1 X106.522 Y98.991 E349.97088
G1 X106.226 Y98.56 E349.98392
G1 X105.834 Y98.212 E349.997
G1 X105.371 Y97.97 E350.01003
G1 X104.863 Y97.844 E350.02309
G1 X104.606 Y97.829 E350.02951
G1 X92.595 Y97.83 E350.32913
G1 X92.08 Y97.891 E350.34206
G1 X91.591 Y98.078 E350.35512
G1 X91.16 Y98.374 E350.36816
G1 X90.812 Y98.766 E350.38124
G1 X90.57 Y99.229 E350.39427
G1 X90.444 Y99.737 E350.40733
G1 X90.429 Y99.994 E350.41375
G1 X90.427 Y106.006 E350.56372
G1 X90.02 Y106.007 E350.57387
G1 X90.021 Y99.981 E350.72419
G1 X90.078 Y99.459 E350.73723
G1 X90.243 Y98.954 E350.75048
G1 X90.51 Y98.488 E350.76388
G1 X90.868 Y98.09 E350.77723
G1 X91.309 Y97.767 E350.79087
G1 X91.805 Y97.547 E350.80429
G1 X92.332 Y97.435 E350.81773
G1 X92.611 Y97.42 E350.8247
G1 X104.619 Y97.421 E351.12424
G1 X105.141 Y97.478 E351.13727
G1 X105.65 Y97.644 E351.15063
G1 X106.111 Y97.91 E351.1639
G1 X106.51 Y98.268 E351.17728
G1 X106.833 Y98.709 E351.19091
G1 X107.053 Y99.204 E351.20431
G1 X107.165 Y99.732 E351.21778
G1 X107.18 Y100.011 E351.22475
G1 X107.181 Y104.7 E351.34171
G1 X108.034 Y104.7 E351.36299
G1 X108.035 Y115.3 E351.62741
G1 X107.18 Y115.3 E351.64874
G1 X107.179 Y120.018 E351.76643
G1 X107.122 Y120.542 E351.77951
G1 X106.956 Y121.05 E351.79284
G1 X106.69 Y121.511 E351.80612
G1 X106.332 Y121.91 E351.81949
G1 X105.891 Y122.233 E351.83313
G1 X105.396 Y122.453 E351.84653
G1 X104.868 Y122.565 E351.85999
G1 X104.589 Y122.58 E351.86696
G0 F12000 X104.569 Y122.57
G1 F3900 E348.36696
G1 F600 Z2.75
G0 F12000 X104.569 Y122.57 Z2.75
G0 X110.582 Y119.357
;TYPE:WALL-INNER
G1 F600 Z2.55
G1 F3900 E351.86696
G1 F5400 X110.565 Y119.217 E351.87048
G1 X110.564 Y116.5 E351.93826
G1 X111.03 Y116.5 E351.94988
G1 X111.03 Y119.407 E352.0224
G1 X110.582 Y119.357 E352.03364
G1 F3900 E348.53364
G0 F12000 X111.048 Y116.328
G0 X111.047 Y103.672
G0 X110.565 Y103.5
G1 F3900 E352.03364
G1 F5400 X110.566 Y100.674 E352.10414
G1 X110.714 Y100.604 E352.10822
G1 X111.029 Y100.592 E352.11608
G1 X111.029 Y103.5 E352.18862
G1 X110.565 Y103.5 E352.2002
G1 F3900 E348.7002
G0 F12000 X111.201 Y119.849
G0 X111.643 Y121.028
G0 X112.794 Y122.123
G1 F3900 E352.2002
G0 F12000 X112.829 Y122.03
;TYPE:WALL-OUTER
G1 F1800 X113.337 Y122.156 E352.21325
G1 X113.594 Y122.171 E352.21968
G1 X125.605 Y122.17 E352.51929
G1 X126.12 Y122.109 E352.53223
G1 X126.609 Y121.922 E352.54529
G1 X127.04 Y121.626 E352.55833
G1 X127.388 Y121.234 E352.57141
G1 X127.63 Y120.771 E352.58444
G1 X127.756 Y120.263 E352.59749
G1 X127.771 Y120.006 E352.60392
G1 X127.77 Y99.995 E353.10309
G1 X127.709 Y99.48 E353.11603
G1 X127.522 Y98.991 E353.12909
G1 X127.226 Y98.56 E353.14213
G1 X126.834 Y98.212 E353.15521
G1 X126.371 Y97.97 E353.16824
G1 X125.863 Y97.844 E353.1813
G1 X125.606 Y97.829 E353.18772
G1 X113.595 Y97.83 E353.48733
G1 X113.08 Y97.891 E353.50027
G1 X112.591 Y98.078 E353.51333
G1 X112.16 Y98.374 E353.52637
G1 X111.812 Y98.766 E353.53945
G1 X111.57 Y99.229 E353.55248
G1 X111.444 Y99.737 E353.56554
G1 X111.429 Y99.994 E353.57196
G1 X111.43 Y120.005 E354.07113
G1 X111.491 Y120.52 E354.08407
G1 X111.678 Y121.009 E354.09713
G1 X111.974 Y121.44 E354.11017
G1 X112.366 Y121.788 E354.12325
G1 X112.829 Y122.03 E354.13628
G0 F12000 X113.063 Y122.523
G1 F1800 X112.556 Y122.359 E354.14957
G1 X112.092 Y122.092 E354.16293
G1 X111.689 Y121.731 E354.17642
G1 X111.378 Y121.308 E354.18952
G1 X111.156 Y120.822 E354.20271
G1 X111.039 Y120.302 E354.216
G1 X111.02 Y119.807 E354.22836
G1 X110.617 Y119.786 E354.23843
G1 X110.426 Y119.734 E354.24337
G1 X110.278 Y119.633 E354.24783
G1 X110.178 Y119.452 E354.25299
G1 X110.165 Y119.217 E354.25886
G1 X110.164 Y116.1 E354.33662
G1 X111.02 Y116.1 E354.35797
G1 X111.019 Y103.9 E354.6623
G1 X110.165 Y103.9 E354.6836
G1 X110.166 Y100.596 E354.76602
G1 X110.217 Y100.447 E354.76995
G1 X110.427 Y100.266 E354.77687
G1 X110.657 Y100.206 E354.7828
G1 X111.007 Y100.193 E354.79153
G1 X111.04 Y99.687 E354.80418
G1 X111.157 Y99.174 E354.81731
G1 X111.376 Y98.695 E354.83034
G1 X111.697 Y98.259 E354.8437
G1 X112.091 Y97.908 E354.85678
G1 X112.555 Y97.642 E354.87013
G1 X113.061 Y97.478 E354.88339
G1 X113.61 Y97.42 E354.89713
G1 X125.619 Y97.421 E355.1967
G1 X126.141 Y97.478 E355.20973
G1 X126.65 Y97.644 E355.22309
G1 X127.111 Y97.91 E355.23637
G1 X127.51 Y98.268 E355.24974
G1 X127.833 Y98.709 E355.26337
G1 X128.053 Y99.204 E355.27677
G1 X128.165 Y99.732 E355.29024
G1 X128.18 Y100.011 E355.29721
G1 X128.179 Y120.019 E355.79631
G1 X128.122 Y120.541 E355.80934
G1 X127.956 Y121.05 E355.8227
G1 X127.69 Y121.511 E355.83598
G1 X127.332 Y121.91 E355.84935
G1 X126.891 Y122.233 E355.86298
G1 X126.396 Y122.453 E355.87638
G1 X125.868 Y122.565 E355.88985
G1 X125.589 Y122.58 E355.89682
G1 X113.58 Y122.579 E356.19638
G1 X113.063 Y122.523 E356.2093
G0 F12000 X113.054 Y122.498
G1 F3900 E352.7093
G1 F600 Z2.75
;MESH:NONMESH
G0 F12000 X113.079 Y122.504 Z2.75
G0 X90.154 Y106.967
;TIME_ELAPSED:479.075519
;LAYER:16
G0 X90.154 Y106.967 Z2.9
;TYPE:SUPPORT
G1 F600 Z2.7
G1 F3900 E356.2093
G1 F6000 X90.155 Y113.033 E356.36062
G1 X90.257 Y113.033 E356.36317
G1 X90.256 Y106.967 E356.51448
G1 X90.154 Y106.967 E356.51703
G0 F12000 X90.859 Y106.966
G1 F6000 X90.9 Y106.965 E356.51805
G1 X90.9 Y113.033 E356.66942
G1 X90.86 Y113.033 E356.67041
G1 X90.859 Y106.966 E356.82176
G1 F3900 E353.32176
G1 F600 Z2.9
;MESH:filament_filter_idig3d.stl
G0 F12000 X107.192 Y114.9 Z2.9
;TYPE:WALL-INNER
G1 F600 Z2.7
G1 F3900 E356.82176
G1 F5400 X107.191 Y105.1 E357.06622
G1 X107.784 Y105.1 E357.08101
G1 X107.785 Y114.9 E357.32547
G1 X107.192 Y114.9 E357.34027
G1 F3900 E353.84027
G0 F12000 X106.815 Y120.271
G0 X106.435 Y121.267
G0 X104.584 Y122.49
G1 F3900 E357.34027
G0 F12000 X104.589 Y122.591
;TYPE:WALL-OUTER
G1 F1800 X92.612 Y122.592 E357.63903
G1 X92.057 Y122.533 E357.65296
G1 X91.542 Y122.364 E357.66648
G1 X91.074 Y122.093 E357.67997
G1 X90.677 Y121.736 E357.69329
G1 X90.358 Y121.297 E357.70682
G1 X90.135 Y120.795 E357.72052
G1 X90.024 Y120.265 E357.73403
G1 X90.009 Y119.989 E357.74093
G1 X90.007 Y114.133 E357.88701
G1 X90.408 Y114.133 E357.89701
G1 X90.409 Y120.006 E358.04333
G1 X90.472 Y120.524 E358.05616
G1 X90.667 Y121.032 E358.06939
G1 X90.96 Y121.453 E358.08195
G1 X91.355 Y121.803 E358.09491
G1 X91.798 Y122.038 E358.10742
G1 X92.335 Y122.175 E358.12108
G1 X92.593 Y122.192 E358.12753
G1 X104.606 Y122.191 E358.42533
G1 X105.124 Y122.128 E358.43835
G1 X105.632 Y121.933 E358.45192
G1 X106.053 Y121.64 E358.46471
G1 X106.403 Y121.245 E358.47788
G1 X106.638 Y120.802 E358.49039
G1 X106.776 Y120.265 E358.50422
G1 X106.792 Y120.006 E358.51069
G1 X106.792 Y115.301 E358.62806
G1 X106.791 Y104.684 E358.8929
G1 X106.791 Y99.995 E359.00987
G1 X106.727 Y99.476 E359.02291
G1 X106.533 Y98.968 E359.03648
G1 X106.24 Y98.547 E359.04927
G1 X105.845 Y98.197 E359.06244
G1 X105.402 Y97.962 E359.07495
G1 X104.865 Y97.825 E359.08877
G1 X104.607 Y97.808 E359.09522
G1 X92.594 Y97.809 E359.39489
G1 X92.076 Y97.872 E359.4079
G1 X91.568 Y98.067 E359.42148
G1 X91.147 Y98.36 E359.43427
G1 X90.797 Y98.755 E359.44744
G1 X90.562 Y99.198 E359.45995
G1 X90.425 Y99.735 E359.47377
G1 X90.408 Y99.993 E359.48022
G1 X90.408 Y102.379 E359.53974
G1 X90.407 Y103.591 E359.56997
G1 X90.407 Y105.866 E359.62672
G1 X90.008 Y105.867 E359.63668
G1 X90.006 Y103.592 E359.69336
G1 X90.009 Y102.379 E359.72358
G1 X90.009 Y100.011 E359.7822
G1 X90.067 Y99.457 E359.7961
G1 X90.236 Y98.943 E359.80959
G1 X90.504 Y98.478 E359.82271
G1 X90.864 Y98.077 E359.83593
G1 X91.308 Y97.755 E359.84938
G1 X91.805 Y97.535 E359.86261
G1 X92.33 Y97.424 E359.87582
G1 X92.611 Y97.409 E359.88282
G1 X104.588 Y97.408 E360.17972
G1 X105.143 Y97.467 E360.19348
G1 X105.658 Y97.636 E360.207
G1 X106.126 Y97.907 E360.22049
G1 X106.523 Y98.264 E360.2336
G1 X106.845 Y98.708 E360.24706
G1 X107.065 Y99.205 E360.2603
G1 X107.176 Y99.73 E360.27353
G1 X107.191 Y100.011 E360.28053
G1 X107.192 Y104.7 E360.39735
G1 X108.184 Y104.7 E360.4221
G1 X108.185 Y115.3 E360.68652
G1 X107.191 Y115.3 E360.71131
G1 X107.192 Y119.988 E360.82811
G1 X107.133 Y120.543 E360.84187
G1 X106.964 Y121.058 E360.85539
G1 X106.693 Y121.526 E360.86888
G1 X106.336 Y121.923 E360.88199
G1 X105.892 Y122.245 E360.89545
G1 X105.395 Y122.465 E360.90868
G1 X104.87 Y122.576 E360.92188
G1 X104.589 Y122.591 E360.92888
G1 F3900 E357.42888
G0 F12000 X104.584 Y122.49
G0 X105.645 Y121.97
G0 X106.435 Y121.267
G0 X106.831 Y120.007
G0 X107.163 Y115.072
G0 X107.487 Y114.558
;TYPE:SKIN
G1 F3900 E360.92888
G1 F3000 X107.487 Y114.275 E360.93247
G1 X107.486 Y106.638 E361.02925
G1 X107.486 Y105.506 E361.0436
G0 F12000 X107.392 Y105.41
G1 F3900 E357.5436
G1 F600 Z2.9
G0 F12000 X107.392 Y105.41 Z2.9
G0 X110.415 Y103.5
;TYPE:WALL-INNER
G1 F600 Z2.7
G1 F3900 E361.0436
G1 F5400 X110.415 Y100.706 E361.11329
G1 X110.59 Y100.62 E361.11816
G1 X111.008 Y100.591 E361.12861
G1 X111.008 Y103.5 E361.20117
G1 X110.415 Y103.5 E361.21597
G1 F3900 E357.71597
G0 F12000 X111.037 Y116.328
G0 X110.414 Y116.5
G1 F3900 E361.21597
G1 F5400 X111.009 Y116.5 E361.23081
G1 X111.009 Y119.408 E361.30335
G1 X110.487 Y119.351 E361.31645
G1 X110.427 Y119.294 E361.31851
G1 X110.416 Y119.12 E361.32286
G1 X110.414 Y116.5 E361.38822
G1 F3900 E357.88822
G0 F12000 X111.18 Y119.854
G0 X111.632 Y121.05
G0 X112.762 Y122.131
G1 F3900 E361.38822
G0 F12000 X112.798 Y122.038
;TYPE:WALL-OUTER
G1 F1800 X113.335 Y122.175 E361.40204
G1 X113.593 Y122.192 E361.40849
G1 X125.606 Y122.191 E361.70816
G1 X126.124 Y122.128 E361.72117
G1 X126.632 Y121.933 E361.73475
G1 X127.053 Y121.64 E361.74754
G1 X127.403 Y121.245 E361.76071
G1 X127.638 Y120.802 E361.77322
G1 X127.776 Y120.265 E361.78705
G1 X127.792 Y120.006 E361.79352
G1 X127.792 Y103.254 E362.2114
G1 X127.789 Y99.956 E362.29367
G1 X127.727 Y99.476 E362.30574
G1 X127.533 Y98.968 E362.31931
G1 X127.24 Y98.547 E362.3321
G1 X126.845 Y98.197 E362.34527
G1 X126.402 Y97.962 E362.35778
G1 X125.865 Y97.825 E362.3716
G1 X125.607 Y97.808 E362.37805
G1 X113.594 Y97.809 E362.67772
G1 X113.076 Y97.872 E362.69073
G1 X112.568 Y98.067 E362.70431
G1 X112.147 Y98.36 E362.7171
G1 X111.797 Y98.755 E362.73027
G1 X111.562 Y99.198 E362.74278
G1 X111.425 Y99.735 E362.7566
G1 X111.408 Y99.993 E362.76305
G1 X111.408 Y103.9 E362.86051
G1 X111.408 Y116.099 E363.16482
G1 X111.409 Y120.006 E363.26228
G1 X111.472 Y120.524 E363.27529
G1 X111.667 Y121.032 E363.28887
G1 X111.96 Y121.453 E363.30166
G1 X112.355 Y121.803 E363.31483
G1 X112.798 Y122.038 E363.32734
G0 F12000 X113.061 Y122.534
G1 F1800 X112.544 Y122.365 E363.3409
G1 X112.087 Y122.103 E363.35381
G1 X111.682 Y121.741 E363.36715
G1 X111.361 Y121.304 E363.38044
G1 X111.141 Y120.815 E363.3935
G1 X111.027 Y120.292 E363.40667
G1 X111.001 Y119.808 E363.41876
G1 X110.482 Y119.773 E363.43174
G1 X110.275 Y119.701 E363.43721
G1 X110.038 Y119.476 E363.44536
G1 X110.016 Y119.129 E363.45403
G1 X110.014 Y116.1 E363.52959
G1 X111.009 Y116.1 E363.55441
G1 X111.008 Y103.9 E363.85836
G1 X110.015 Y103.9 E363.88313
G1 X110.015 Y100.645 E363.96433
G1 X110.039 Y100.524 E363.96741
G1 X110.203 Y100.346 E363.97344
G1 X110.498 Y100.225 E363.9814
G1 X110.997 Y100.191 E363.99387
G1 X111.066 Y99.455 E364.01191
G1 X111.24 Y98.93 E364.02571
G1 X111.523 Y98.453 E364.03954
G1 X111.876 Y98.066 E364.05244
G1 X112.312 Y97.751 E364.06572
G1 X112.808 Y97.534 E364.07892
G1 X113.333 Y97.423 E364.09213
G1 X113.61 Y97.409 E364.09904
G1 X125.588 Y97.408 E364.39596
G1 X126.143 Y97.467 E364.40973
G1 X126.658 Y97.636 E364.42325
G1 X127.126 Y97.907 E364.43674
G1 X127.523 Y98.264 E364.44985
G1 X127.845 Y98.708 E364.46331
G1 X128.065 Y99.205 E364.47655
G1 X128.176 Y99.73 E364.48976
G1 X128.191 Y100.011 E364.49677
G1 X128.191 Y103.254 E364.57756
G1 X128.191 Y119.989 E364.99398
G1 X128.133 Y120.542 E365.00785
G1 X127.965 Y121.055 E365.02131
G1 X127.693 Y121.526 E365.03462
G1 X127.336 Y121.923 E365.04771
G1 X126.892 Y122.245 E365.06117
G1 X126.395 Y122.465 E365.0744
G1 X125.87 Y122.576 E365.0876
G1 X125.589 Y122.591 E365.09461
G1 X113.611 Y122.592 E365.39153
G1 X113.061 Y122.534 E365.40532
G0 F12000 X113.05 Y122.514
G1 F3900 E361.90532
G1 F600 Z2.9
;MESH:NONMESH
G0 F12000 X113.075 Y122.52 Z2.9
G0 X90.154 Y106.732
;TIME_ELAPSED:492.507024
;LAYER:17
G0 X90.154 Y106.732 Z3.05
;TYPE:SUPPORT
G1 F600 Z2.85
G1 F3900 E365.40532
G1 F6000 X90.155 Y113.268 E365.56836
G1 X90.257 Y113.268 E365.57091
G1 X90.257 Y112.863 E365.58101
G1 X90.408 Y112.863 E365.58478
G1 X90.407 Y107.136 E365.72764
G1 X90.256 Y107.136 E365.73141
G1 X90.256 Y106.732 E365.74148
G1 X90.154 Y106.732 E365.74403
G0 F12000 X90.859 Y106.732
G1 F6000 X90.9 Y106.732 E365.74505
G1 X90.9 Y113.268 E365.90809
G1 X90.86 Y113.268 E365.90909
G1 X90.86 Y112.863 E365.91919
G1 X90.827 Y112.863 E365.92002
G1 X90.826 Y108.363 E366.03227
G1 X90.827 Y107.136 E366.06288
G1 X90.859 Y107.136 E366.06367
G1 X90.859 Y106.732 E366.07375
G1 F3900 E362.57375
G1 F600 Z3.05
;MESH:filament_filter_idig3d.stl
G0 F12000 X107.199 Y114.9 Z3.05
;TYPE:WALL-INNER
G1 F600 Z2.85
G1 F3900 E366.07375
G1 F5400 X107.198 Y105.1 E366.31821
G1 X107.934 Y105.1 E366.33657
G1 X107.935 Y114.9 E366.58104
G1 X107.199 Y114.9 E366.5994
G1 F3900 E363.0994
G0 F12000 X106.818 Y120.287
G0 X106.444 Y121.267
G0 X105.601 Y121.968
G0 X104.585 Y122.497
G1 F3900 E366.5994
G0 F12000 X104.59 Y122.598
;TYPE:WALL-OUTER
G1 F1800 X92.588 Y122.598 E366.89879
G1 X92.041 Y122.537 E366.91252
G1 X91.54 Y122.372 E366.92567
G1 X91.066 Y122.097 E366.93934
G1 X90.672 Y121.742 E366.95257
G1 X90.348 Y121.296 E366.96632
G1 X90.129 Y120.801 E366.97983
G1 X90.017 Y120.278 E366.99317
G1 X90.002 Y119.99 E367.00036
G1 X90 Y118.44 E367.03903
G1 X90.001 Y114.268 E367.1431
G1 X90.401 Y114.268 E367.15308
G1 X90.402 Y118.456 E367.25755
G1 X90.402 Y120.006 E367.29616
G1 X90.45 Y120.464 E367.3075
G1 X90.653 Y121.021 E367.32194
G1 X90.955 Y121.458 E367.33495
G1 X91.35 Y121.809 E367.34791
G1 X91.821 Y122.056 E367.36118
G1 X92.336 Y122.183 E367.37422
G1 X92.594 Y122.199 E367.38067
G1 X104.605 Y122.198 E367.67953
G1 X105.065 Y122.15 E367.69107
G1 X105.622 Y121.947 E367.70586
G1 X106.058 Y121.645 E367.71909
G1 X106.412 Y121.245 E367.73241
G1 X106.656 Y120.779 E367.74554
G1 X106.783 Y120.264 E367.75877
G1 X106.799 Y120.006 E367.76521
G1 X106.799 Y115.301 E367.88258
G1 X106.798 Y104.685 E368.1474
G1 X106.798 Y99.995 E368.26439
G1 X106.75 Y99.535 E368.27593
G1 X106.547 Y98.979 E368.29069
G1 X106.245 Y98.542 E368.30394
G1 X105.845 Y98.188 E368.31727
G1 X105.379 Y97.944 E368.33039
G1 X104.864 Y97.817 E368.34362
G1 X104.606 Y97.801 E368.35007
G1 X92.595 Y97.802 E368.64969
G1 X92.135 Y97.85 E368.66122
G1 X91.579 Y98.053 E368.67599
G1 X91.142 Y98.354 E368.68922
G1 X90.788 Y98.755 E368.70257
G1 X90.544 Y99.221 E368.71569
G1 X90.418 Y99.736 E368.72891
G1 X90.401 Y99.993 E368.73534
G1 X90.401 Y105.732 E368.8785
G1 X90.001 Y105.732 E368.88848
G1 X90.002 Y99.988 E369.03122
G1 X90.063 Y99.441 E369.04477
G1 X90.228 Y98.94 E369.05793
G1 X90.497 Y98.475 E369.07133
G1 X90.864 Y98.067 E369.08485
G1 X91.304 Y97.748 E369.09822
G1 X91.799 Y97.529 E369.11137
G1 X92.322 Y97.417 E369.12456
G1 X92.61 Y97.402 E369.13174
G1 X104.612 Y97.402 E369.42964
G1 X105.159 Y97.463 E369.44318
G1 X105.66 Y97.628 E369.45633
G1 X106.125 Y97.897 E369.46973
G1 X106.524 Y98.253 E369.48286
G1 X106.852 Y98.704 E369.49653
G1 X107.071 Y99.199 E369.50969
G1 X107.183 Y99.722 E369.52288
G1 X107.198 Y100.01 E369.53006
G1 X107.199 Y104.7 E369.64691
G1 X108.334 Y104.7 E369.67522
G1 X108.335 Y115.3 E369.93964
G1 X107.198 Y115.3 E369.968
G1 X107.198 Y120.012 E370.08525
G1 X107.137 Y120.559 E370.09878
G1 X106.972 Y121.06 E370.11194
G1 X106.703 Y121.525 E370.12534
G1 X106.347 Y121.924 E370.13847
G1 X105.896 Y122.252 E370.15214
G1 X105.401 Y122.471 E370.16529
G1 X104.878 Y122.583 E370.17849
G1 X104.59 Y122.598 E370.18567
G1 F3900 E366.68567
G0 F12000 X104.585 Y122.497
G0 X105.641 Y121.982
G0 X106.444 Y121.267
G0 X106.838 Y120.007
G0 X107.17 Y115.072
G0 X107.566 Y114.465
;TYPE:SKIN
G1 F3900 E370.18567
G1 F3000 X107.674 Y114.639 E370.19
G1 X107.566 Y113.899 E370.20581
G1 X107.565 Y107.111 E370.34931
G1 X107.538 Y105.44 E370.38465
G0 F12000 X107.399 Y105.584
G1 F3900 E366.88465
G1 F600 Z3.05
G0 F12000 X107.399 Y105.584 Z3.05
G0 X110.265 Y103.5
;TYPE:WALL-INNER
G1 F600 Z2.85
G1 F3900 E370.38465
G1 F5400 X110.266 Y100.756 E370.45309
G1 X110.319 Y100.699 E370.45504
G1 X110.567 Y100.621 E370.46152
G1 X111.001 Y100.59 E370.47238
G1 X111.001 Y103.5 E370.54497
G1 X110.265 Y103.5 E370.56333
G1 F3900 E367.06333
G0 F12000 X111.03 Y116.328
G0 X110.264 Y116.5
G1 F3900 E370.56333
G1 F5400 X111.002 Y116.5 E370.58173
G1 X111.002 Y119.408 E370.65428
G1 X110.563 Y119.378 E370.66525
G1 X110.265 Y119.264 E370.67321
G1 X110.264 Y116.5 E370.74216
G1 F3900 E367.24216
G0 F12000 X111.173 Y119.854
G0 X111.618 Y121.039
G0 X112.786 Y122.149
G1 F3900 E370.74216
G0 F12000 X112.821 Y122.056
;TYPE:WALL-OUTER
G1 F1800 X113.336 Y122.183 E370.75539
G1 X113.594 Y122.199 E370.76184
G1 X125.605 Y122.198 E371.06145
G1 X126.065 Y122.15 E371.07299
G1 X126.622 Y121.947 E371.08778
G1 X127.058 Y121.645 E371.10101
G1 X127.412 Y121.245 E371.11433
G1 X127.656 Y120.779 E371.12746
G1 X127.783 Y120.264 E371.14069
G1 X127.799 Y120.006 E371.14714
G1 X127.798 Y99.995 E371.64631
G1 X127.75 Y99.535 E371.65785
G1 X127.547 Y98.979 E371.67261
G1 X127.245 Y98.542 E371.68586
G1 X126.845 Y98.188 E371.69919
G1 X126.379 Y97.944 E371.71231
G1 X125.864 Y97.817 E371.72554
G1 X125.606 Y97.801 E371.73199
G1 X113.595 Y97.802 E372.03161
G1 X113.135 Y97.85 E372.04314
G1 X112.579 Y98.053 E372.05791
G1 X112.142 Y98.354 E372.07114
G1 X111.788 Y98.755 E372.08449
G1 X111.544 Y99.221 E372.09761
G1 X111.418 Y99.736 E372.11084
G1 X111.401 Y99.993 E372.11726
G1 X111.401 Y103.9 E372.21472
G1 X111.401 Y116.099 E372.51903
G1 X111.402 Y120.006 E372.61649
G1 X111.45 Y120.464 E372.62797
G1 X111.653 Y121.021 E372.64276
G1 X111.955 Y121.458 E372.65601
G1 X112.35 Y121.809 E372.66919
G1 X112.821 Y122.056 E372.68246
G0 F12000 X113.046 Y122.538
G1 F1800 X112.55 Y122.376 E372.69548
G1 X112.08 Y122.108 E372.70897
G1 X111.667 Y121.737 E372.72264
G1 X111.349 Y121.298 E372.73594
G1 X111.128 Y120.8 E372.74919
G1 X111.016 Y120.273 E372.76242
G1 X111.009 Y119.81 E372.77383
G1 X110.488 Y119.774 E372.78686
G1 X110.102 Y119.654 E372.79694
G1 X109.973 Y119.548 E372.80111
G1 X109.888 Y119.419 E372.80496
G1 X109.865 Y119.305 E372.80786
G1 X109.864 Y116.1 E372.88781
G1 X111.002 Y116.1 E372.9162
G1 X111.001 Y103.9 E373.22015
G1 X109.865 Y103.9 E373.24848
G1 X109.866 Y100.695 E373.32843
G1 X109.897 Y100.566 E373.33174
G1 X110.098 Y100.35 E373.3391
G1 X110.494 Y100.225 E373.34946
G1 X110.992 Y100.19 E373.36191
G1 X111.059 Y99.453 E373.37994
G1 X111.23 Y98.933 E373.39359
G1 X111.497 Y98.474 E373.40684
G1 X111.864 Y98.066 E373.42034
G1 X112.306 Y97.747 E373.43371
G1 X112.801 Y97.528 E373.44686
G1 X113.332 Y97.416 E373.46024
G1 X113.61 Y97.402 E373.46717
G1 X125.612 Y97.402 E373.76581
G1 X126.159 Y97.463 E373.77935
G1 X126.66 Y97.628 E373.79251
G1 X127.125 Y97.897 E373.80591
G1 X127.524 Y98.253 E373.81904
G1 X127.852 Y98.704 E373.83271
G1 X128.071 Y99.199 E373.84586
G1 X128.183 Y99.722 E373.85905
G1 X128.198 Y100.01 E373.86623
G1 X128.198 Y120.012 E374.36394
G1 X128.137 Y120.559 E374.37748
G1 X127.972 Y121.06 E374.39064
G1 X127.706 Y121.521 E374.40391
G1 X127.347 Y121.924 E374.41718
G1 X126.896 Y122.252 E374.43085
G1 X126.401 Y122.471 E374.444
G1 X125.878 Y122.583 E374.45719
G1 X125.59 Y122.598 E374.46437
G1 X113.588 Y122.598 E374.76302
G1 X113.046 Y122.538 E374.77643
G1 F3900 E371.27643
G0 F12000 X113.067 Y122.441
G0 X111.926 Y121.484
G0 X111.262 Y120.022
G0 X110.759 Y119.192
G0 X110.78 Y119.17
;TYPE:SKIN
G1 F3900 E374.77643
G1 F3000 X110.661 Y119.006 E374.78083
G1 X110.632 Y117.054 E374.82315
G1 X110.585 Y116.82 E374.82833
G1 F3900 E371.32833
G0 F12000 X110.707 Y116.698
G0 X111.029 Y103.672
G0 X110.664 Y103.163
G1 F3900 E374.82833
G1 F3000 X110.632 Y102.913 E374.83451
G1 X110.612 Y100.953 E374.88262
G0 F12000 X110.758 Y100.808
G1 F3900 E371.38262
G1 F600 Z3.05
;MESH:NONMESH
G0 F12000 X110.756 Y100.808 Z3.05
G0 X90.154 Y106.61
;TIME_ELAPSED:506.618782
;LAYER:18
G0 X90.154 Y106.61 Z3.2
;TYPE:SUPPORT
G1 F600 Z3
G1 F3900 E374.88262
G1 F6000 X90.155 Y113.391 E375.05177
G1 X90.9 Y113.389 E375.07036
G1 X90.9 Y106.608 E375.23951
G1 X90.154 Y106.61 E375.25812
G1 F3900 E371.75812
G1 F600 Z3.2
;MESH:filament_filter_idig3d.stl
G0 F12000 X107.6 Y114.5 Z3.2
;TYPE:WALL-INNER
G1 F600 Z3
G1 F3900 E375.25812
G1 F5400 X107.6 Y105.5 E375.48263
G1 X107.684 Y105.5 E375.48472
G1 F3900 E371.98472
G0 F12000 X107.685 Y114.5
G1 F3900 E375.48472
G1 F5400 X107.6 Y114.5 E375.48684
G0 F12000 X107.2 Y114.9
G1 F5400 X107.2 Y105.1 E375.7313
G1 X108.084 Y105.1 E375.75335
G1 X108.085 Y114.9 E375.99782
G1 X107.2 Y114.9 E376.01989
G1 F3900 E372.51989
G0 F12000 X106.824 Y120.268
G0 X106.448 Y121.265
G0 X105.6 Y121.972
G0 X104.586 Y122.499
G1 F3900 E376.01989
G0 F12000 X104.59 Y122.6
;TYPE:WALL-OUTER
G1 F1800 X92.61 Y122.6 E376.31874
G1 X92.055 Y122.542 E376.33266
G1 X91.538 Y122.373 E376.34622
G1 X91.068 Y122.1 E376.35978
G1 X90.671 Y121.743 E376.3731
G1 X90.346 Y121.296 E376.38689
G1 X90.126 Y120.798 E376.40047
G1 X90.014 Y120.271 E376.41391
G1 X90 Y119.99 E376.42093
G1 X90 Y114.391 E376.56059
G1 X90.4 Y114.39 E376.57057
G1 X90.4 Y120.006 E376.71065
G1 X90.465 Y120.533 E376.72373
G1 X90.652 Y121.023 E376.7365
G1 X90.954 Y121.46 E376.74951
G1 X91.356 Y121.815 E376.76266
G1 X91.823 Y122.058 E376.77579
G1 X92.337 Y122.184 E376.78882
G1 X92.594 Y122.2 E376.79524
G1 X104.606 Y122.2 E377.09488
G1 X105.133 Y122.135 E377.10813
G1 X105.624 Y121.947 E377.12125
G1 X106.06 Y121.646 E377.13446
G1 X106.416 Y121.243 E377.14788
G1 X106.658 Y120.777 E377.16097
G1 X106.785 Y120.26 E377.17425
G1 X106.8 Y120.001 E377.18073
G1 X106.8 Y115.3 E377.29799
G1 X106.8 Y104.7 E377.56241
G1 X106.8 Y99.993 E377.67983
G1 X106.735 Y99.467 E377.69305
G1 X106.548 Y98.977 E377.70613
G1 X106.246 Y98.54 E377.71938
G1 X105.843 Y98.184 E377.7328
G1 X105.377 Y97.942 E377.74589
G1 X104.863 Y97.816 E377.7591
G1 X104.606 Y97.8 E377.76552
G1 X92.594 Y97.8 E378.06516
G1 X92.067 Y97.865 E378.0784
G1 X91.577 Y98.052 E378.09149
G1 X91.14 Y98.354 E378.10474
G1 X90.784 Y98.757 E378.11815
G1 X90.542 Y99.223 E378.13125
G1 X90.416 Y99.737 E378.14445
G1 X90.4 Y99.994 E378.15088
G1 X90.4 Y105.609 E378.29094
G1 X90 Y105.61 E378.30092
G1 X90 Y100.01 E378.44009
G1 X90.058 Y99.455 E378.45383
G1 X90.227 Y98.938 E378.4674
G1 X90.496 Y98.474 E378.48078
G1 X90.863 Y98.066 E378.49424
G1 X91.303 Y97.747 E378.50756
G1 X91.802 Y97.526 E378.52085
G1 X92.329 Y97.414 E378.53413
G1 X92.61 Y97.4 E378.54114
G1 X104.59 Y97.4 E378.83886
G1 X105.145 Y97.458 E378.8526
G1 X105.662 Y97.627 E378.86617
G1 X106.126 Y97.896 E378.87955
G1 X106.525 Y98.252 E378.89266
G1 X106.853 Y98.703 E378.90633
G1 X107.076 Y99.207 E378.91976
G1 X107.186 Y99.736 E378.93307
G1 X107.2 Y100.007 E378.93983
G1 X107.2 Y104.7 E379.0569
G1 X108.484 Y104.7 E379.08892
G1 X108.485 Y115.3 E379.35334
G1 X107.2 Y115.3 E379.3854
G1 X107.2 Y119.992 E379.50244
G1 X107.145 Y120.533 E379.51582
G1 X106.973 Y121.062 E379.5297
G1 X106.704 Y121.526 E379.54308
G1 X106.348 Y121.925 E379.55619
G1 X105.897 Y122.253 E379.56986
G1 X105.398 Y122.474 E379.58315
G1 X104.871 Y122.586 E379.59643
G1 X104.59 Y122.6 E379.60344
G1 F3900 E376.10344
G1 F600 Z3.2
G0 F12000 X110.516 Y118.952 Z3.2
;TYPE:WALL-INNER
G1 F600 Z3
G1 F3900 E379.60344
G1 F5400 X110.514 Y116.9 E379.65462
G1 X110.6 Y116.9 E379.65677
G1 F3900 E376.15677
G0 F12000 X110.6 Y118.972
G1 F3900 E379.65677
G1 F5400 X110.516 Y118.952 E379.65892
G1 F3900 E376.15892
G0 F12000 X111.028 Y116.328
G0 X111.028 Y103.672
G0 X110.515 Y103.1
G1 F3900 E379.65892
G1 F5400 X110.516 Y101.049 E379.71009
G1 X110.6 Y101.028 E379.71225
G1 F3900 E376.21225
G0 F12000 X110.6 Y103.1
G1 F3900 E379.71225
G1 F5400 X110.515 Y103.1 E379.71437
G0 F12000 X110.115 Y103.5
G1 F5400 X110.116 Y100.832 E379.78092
G1 X110.159 Y100.749 E379.78325
G1 X110.489 Y100.635 E379.79196
G1 X111 Y100.592 E379.80475
G1 X111 Y103.5 E379.87729
G1 X110.115 Y103.5 E379.89937
G1 F3900 E376.39937
G0 F12000 X111.028 Y103.672
G0 X111.028 Y116.328
G0 X110.114 Y116.5
G1 F3900 E379.89937
G1 F5400 X111 Y116.5 E379.92147
G1 X111 Y119.409 E379.99404
G1 X110.481 Y119.364 E380.00703
G1 X110.19 Y119.263 E380.01472
G1 X110.129 Y119.194 E380.01701
G1 X110.116 Y118.952 E380.02306
G1 X110.114 Y116.5 E380.08422
G1 F3900 E376.58422
G0 F12000 X111.426 Y120.539
G0 X111.92 Y121.478
G0 X112.788 Y122.151
G1 F3900 E380.08422
G0 F12000 X112.823 Y122.058
;TYPE:WALL-OUTER
G1 F1800 X113.337 Y122.184 E380.09742
G1 X113.594 Y122.2 E380.10385
G1 X125.606 Y122.2 E380.40349
G1 X126.133 Y122.135 E380.41673
G1 X126.624 Y121.947 E380.42985
G1 X127.06 Y121.646 E380.44307
G1 X127.416 Y121.243 E380.45648
G1 X127.658 Y120.777 E380.46958
G1 X127.785 Y120.263 E380.48279
G1 X127.8 Y120.006 E380.48921
G1 X127.8 Y115.693 E380.5968
G1 X127.8 Y104.291 E380.88122
G1 X127.8 Y99.994 E380.98841
G1 X127.735 Y99.467 E381.00165
G1 X127.548 Y98.977 E381.01474
G1 X127.246 Y98.54 E381.02799
G1 X126.843 Y98.184 E381.0414
G1 X126.377 Y97.942 E381.0545
G1 X125.863 Y97.816 E381.0677
G1 X125.606 Y97.8 E381.07412
G1 X113.594 Y97.8 E381.37376
G1 X113.067 Y97.865 E381.38701
G1 X112.577 Y98.052 E381.40009
G1 X112.14 Y98.354 E381.41334
G1 X111.784 Y98.757 E381.42676
G1 X111.542 Y99.223 E381.43986
G1 X111.416 Y99.737 E381.45306
G1 X111.4 Y99.994 E381.45948
G1 X111.4 Y103.9 E381.55692
G1 X111.4 Y116.1 E381.86125
G1 X111.4 Y120.006 E381.95868
G1 X111.465 Y120.533 E381.97193
G1 X111.652 Y121.023 E381.98501
G1 X111.954 Y121.46 E381.99826
G1 X112.356 Y121.815 E382.01164
G1 X112.823 Y122.058 E382.02477
G0 F12000 X113.056 Y122.542
G1 F1800 X112.552 Y122.379 E382.03799
G1 X112.079 Y122.109 E382.05157
G1 X111.671 Y121.743 E382.06511
G1 X111.346 Y121.296 E382.07872
G1 X111.126 Y120.798 E382.09198
G1 X111.014 Y120.271 E382.10525
G1 X110.991 Y119.81 E382.11677
G1 X110.398 Y119.759 E382.13162
G1 X109.96 Y119.607 E382.14318
G1 X109.737 Y119.356 E382.15156
G1 X109.716 Y118.952 E382.16165
G1 X109.714 Y116.1 E382.23279
G1 X111 Y116.1 E382.26487
G1 X111 Y103.9 E382.5692
G1 X109.715 Y103.9 E382.60125
G1 X109.716 Y100.749 E382.67986
G1 X109.818 Y100.514 E382.68625
G1 X109.956 Y100.396 E382.69078
G1 X110.409 Y100.24 E382.70273
G1 X111 Y100.19 E382.71752
G1 X111.018 Y99.693 E382.72991
G1 X111.132 Y99.181 E382.74281
G1 X111.358 Y98.682 E382.75618
G1 X111.665 Y98.263 E382.76885
G1 X112.093 Y97.882 E382.7829
G1 X112.554 Y97.621 E382.79612
G1 X113.059 Y97.457 E382.80936
G1 X113.61 Y97.4 E382.82302
G1 X125.59 Y97.4 E383.12187
G1 X126.145 Y97.458 E383.13561
G1 X126.662 Y97.627 E383.14918
G1 X127.126 Y97.896 E383.16256
G1 X127.525 Y98.252 E383.17567
G1 X127.853 Y98.703 E383.18934
G1 X128.074 Y99.202 E383.20264
G1 X128.186 Y99.729 E383.21591
G1 X128.2 Y100.01 E383.22292
G1 X128.2 Y104.291 E383.32971
G1 X128.321 Y104.474 E383.33518
G1 X128.326 Y104.516 E383.33624
G1 X128.325 Y115.486 E383.60989
G1 X128.266 Y115.633 E383.61384
G1 X128.2 Y115.693 E383.61606
G1 X128.2 Y119.99 E383.72325
G1 X128.142 Y120.545 E383.73698
G1 X127.973 Y121.062 E383.75055
G1 X127.704 Y121.526 E383.76393
G1 X127.348 Y121.925 E383.77704
G1 X126.897 Y122.253 E383.79071
G1 X126.398 Y122.474 E383.80401
G1 X125.871 Y122.586 E383.81728
G1 X125.59 Y122.6 E383.82429
G1 X113.61 Y122.6 E384.12313
G1 X113.056 Y122.542 E384.13685
G1 F3900 E380.63685
G0 F12000 X113.076 Y122.445
G0 X125.612 Y122.239
G0 X126.642 Y121.982
G0 X127.448 Y121.265
G0 X127.811 Y120.157
G0 X127.998 Y115.27
G0 X128.062 Y115.334
;TYPE:SKIN
G1 F3900 E384.13685
G1 F3000 X128.062 Y115.051 E384.13916
G1 X128.062 Y104.586 E384.22442
G0 F12000 X127.924 Y104.557
G1 F3900 E380.72442
G1 F600 Z3.2
;MESH:NONMESH
G0 F12000 X127.926 Y104.557 Z3.2
G0 X90.154 Y106.49
;TIME_ELAPSED:521.552609
;LAYER:19
G0 X90.154 Y106.49 Z3.35
;TYPE:SUPPORT
G1 F600 Z3.15
G1 F3900 E384.22442
G1 F6000 X90.155 Y113.511 E384.39956
G1 X90.9 Y113.509 E384.41814
G1 X90.9 Y106.488 E384.59328
G1 X90.154 Y106.49 E384.61189
G1 F3900 E381.11189
G1 F600 Z3.35
;MESH:filament_filter_idig3d.stl
G0 F12000 X107.6 Y114.5 Z3.35
;TYPE:WALL-INNER
G1 F600 Z3.15
G1 F3900 E384.61189
G1 F5400 X107.6 Y105.5 E384.8364
G1 X107.834 Y105.5 E384.84224
G1 F3900 E381.34224
G0 F12000 X107.835 Y114.5
G1 F3900 E384.84224
G1 F5400 X107.6 Y114.5 E384.8481
G0 F12000 X107.2 Y114.9
G1 F5400 X107.2 Y105.1 E385.09256
G1 X108.234 Y105.1 E385.11835
G1 X108.235 Y114.9 E385.36282
G1 X107.2 Y114.9 E385.38863
G1 F3900 E381.88863
G0 F12000 X106.825 Y120.262
G0 X106.452 Y121.259
G0 X105.838 Y121.845
G0 X104.586 Y122.499
G1 F3900 E385.38863
G0 F12000 X104.59 Y122.6
;TYPE:WALL-OUTER
G1 F1800 X92.61 Y122.6 E385.68748
G1 X92.055 Y122.542 E385.7014
G1 X91.538 Y122.373 E385.71496
G1 X91.068 Y122.1 E385.72852
G1 X90.671 Y121.743 E385.74184
G1 X90.346 Y121.296 E385.75563
G1 X90.126 Y120.798 E385.76921
G1 X90.014 Y120.266 E385.78277
G1 X90 Y119.99 E385.78966
G1 X90 Y114.511 E385.92634
G1 X90.4 Y114.51 E385.93632
G1 X90.4 Y120.006 E386.07341
G1 X90.462 Y120.522 E386.0862
G1 X90.654 Y121.026 E386.09933
G1 X90.955 Y121.461 E386.1123
G1 X91.362 Y121.818 E386.12558
G1 X91.826 Y122.059 E386.13862
G1 X92.339 Y122.184 E386.15162
G1 X92.594 Y122.2 E386.15799
G1 X104.606 Y122.2 E386.45763
G1 X105.122 Y122.138 E386.47059
G1 X105.627 Y121.945 E386.48408
G1 X106.061 Y121.645 E386.49724
G1 X106.419 Y121.237 E386.51078
G1 X106.659 Y120.774 E386.52379
G1 X106.786 Y120.254 E386.53714
G1 X106.8 Y119.994 E386.54364
G1 X106.8 Y115.3 E386.66073
G1 X106.8 Y104.7 E386.92515
G1 X106.8 Y99.991 E387.04262
G1 X106.738 Y99.478 E387.05551
G1 X106.546 Y98.974 E387.06896
G1 X106.245 Y98.539 E387.08215
G1 X105.837 Y98.181 E387.09569
G1 X105.374 Y97.941 E387.1087
G1 X104.861 Y97.816 E387.12188
G1 X104.606 Y97.8 E387.12825
G1 X92.594 Y97.8 E387.42789
G1 X92.078 Y97.862 E387.44085
G1 X91.574 Y98.054 E387.45431
G1 X91.139 Y98.355 E387.4675
G1 X90.781 Y98.763 E387.48104
G1 X90.541 Y99.226 E387.49405
G1 X90.416 Y99.739 E387.50722
G1 X90.4 Y99.994 E387.5136
G1 X90.4 Y105.489 E387.65067
G1 X90 Y105.49 E387.66065
G1 X90 Y100.01 E387.79683
G1 X90.058 Y99.455 E387.81058
G1 X90.227 Y98.938 E387.82415
G1 X90.496 Y98.474 E387.83753
G1 X90.863 Y98.066 E387.85104
G1 X91.303 Y97.747 E387.8644
G1 X91.802 Y97.526 E387.87768
G1 X92.329 Y97.414 E387.89095
G1 X92.61 Y97.4 E387.89796
G1 X104.59 Y97.4 E388.19568
G1 X105.145 Y97.458 E388.20942
G1 X105.662 Y97.627 E388.22299
G1 X106.126 Y97.896 E388.23637
G1 X106.525 Y98.252 E388.24948
G1 X106.853 Y98.703 E388.26316
G1 X107.076 Y99.207 E388.27657
G1 X107.188 Y99.752 E388.29026
G1 X107.2 Y100.016 E388.29684
G1 X107.2 Y104.7 E388.41369
G1 X108.634 Y104.7 E388.44946
G1 X108.635 Y115.3 E388.71388
G1 X107.2 Y115.3 E388.74967
G1 X107.2 Y119.994 E388.86677
G1 X107.147 Y120.519 E388.87975
G1 X106.973 Y121.062 E388.89398
G1 X106.704 Y121.526 E388.90736
G1 X106.348 Y121.925 E388.92047
G1 X105.897 Y122.253 E388.93415
G1 X105.398 Y122.474 E388.94744
G1 X104.871 Y122.586 E388.96071
G1 X104.59 Y122.6 E388.96772
G1 F3900 E385.46772
G1 F600 Z3.35
G0 F12000 X110.366 Y118.914 Z3.35
;TYPE:WALL-INNER
G1 F600 Z3.15
G1 F3900 E388.96772
G1 F5400 X110.364 Y116.9 E389.01796
G1 X110.6 Y116.9 E389.02385
G1 F3900 E385.52385
G0 F12000 X110.6 Y118.976
G1 F3900 E389.02385
G1 F5400 X110.366 Y118.914 E389.02989
G1 F3900 E385.52989
G0 F12000 X111.028 Y116.328
G0 X111.028 Y103.672
G0 X110.365 Y103.1
G1 F3900 E389.02989
G1 F5400 X110.366 Y101.088 E389.08008
G1 X110.6 Y101.026 E389.08612
G1 F3900 E385.58612
G0 F12000 X110.6 Y103.1
G1 F3900 E389.08612
G1 F5400 X110.365 Y103.1 E389.09198
G0 F12000 X109.965 Y103.5
G1 F5400 X109.966 Y100.895 E389.15696
G1 X109.989 Y100.839 E389.15847
G1 X110.143 Y100.733 E389.16313
G1 X110.564 Y100.621 E389.174
G1 X111 Y100.591 E389.1849
G1 X111 Y103.5 E389.25747
G1 X109.965 Y103.5 E389.28329
G1 F3900 E385.78329
G0 F12000 X111.028 Y103.672
G0 X111.028 Y116.328
G0 X109.964 Y116.5
G1 F3900 E389.28329
G1 F5400 X111 Y116.5 E389.30913
G1 X111 Y119.41 E389.38172
G1 X110.558 Y119.379 E389.39277
G1 X110.157 Y119.273 E389.40312
G1 X109.988 Y119.157 E389.40823
G1 X109.966 Y119.104 E389.40966
G1 X109.964 Y116.5 E389.47462
G1 F3900 E385.97462
G0 F12000 X111.619 Y121.044
G0 X112.79 Y122.153
G1 F3900 E389.47462
G0 F12000 X112.826 Y122.059
;TYPE:WALL-OUTER
G1 F1800 X113.339 Y122.184 E389.48779
G1 X113.594 Y122.2 E389.49417
G1 X125.606 Y122.2 E389.79381
G1 X126.122 Y122.138 E389.80677
G1 X126.627 Y121.945 E389.82026
G1 X127.061 Y121.645 E389.83342
G1 X127.419 Y121.237 E389.84696
G1 X127.659 Y120.774 E389.85997
G1 X127.785 Y120.262 E389.87312
G1 X127.8 Y120.006 E389.87952
G1 X127.8 Y115.776 E389.98503
G1 X127.8 Y104.219 E390.27333
G1 X127.8 Y99.994 E390.37872
G1 X127.738 Y99.478 E390.39168
G1 X127.546 Y98.974 E390.40514
G1 X127.245 Y98.539 E390.41833
G1 X126.837 Y98.181 E390.43187
G1 X126.374 Y97.941 E390.44488
G1 X125.861 Y97.816 E390.45805
G1 X125.606 Y97.8 E390.46443
G1 X113.594 Y97.8 E390.76407
G1 X113.078 Y97.862 E390.77703
G1 X112.574 Y98.054 E390.79048
G1 X112.139 Y98.355 E390.80368
G1 X111.781 Y98.763 E390.81722
G1 X111.541 Y99.226 E390.83023
G1 X111.416 Y99.739 E390.8434
G1 X111.4 Y99.994 E390.84977
G1 X111.4 Y103.9 E390.94721
G1 X111.4 Y116.1 E391.25154
G1 X111.4 Y120.006 E391.34898
G1 X111.462 Y120.522 E391.36194
G1 X111.654 Y121.026 E391.37539
G1 X111.955 Y121.461 E391.38859
G1 X112.362 Y121.818 E391.40209
G1 X112.826 Y122.059 E391.41514
G0 F12000 X113.056 Y122.542
G1 F1800 X112.552 Y122.379 E391.42835
G1 X112.079 Y122.109 E391.44194
G1 X111.671 Y121.743 E391.45548
G1 X111.346 Y121.296 E391.4691
G1 X111.126 Y120.798 E391.48236
G1 X111.014 Y120.271 E391.49563
G1 X110.991 Y119.81 E391.50714
G1 X110.491 Y119.775 E391.51964
G1 X109.989 Y119.642 E391.5326
G1 X109.662 Y119.42 E391.54246
G1 X109.566 Y119.184 E391.54881
G1 X109.564 Y116.1 E391.62574
G1 X111 Y116.1 E391.66156
G1 X111 Y103.9 E391.96589
G1 X109.565 Y103.9 E392.00169
G1 X109.566 Y100.817 E392.0786
G1 X109.662 Y100.579 E392.085
G1 X109.972 Y100.365 E392.09439
G1 X110.5 Y100.224 E392.10803
G1 X110.997 Y100.19 E392.12045
G1 X111.018 Y99.693 E392.13278
G1 X111.134 Y99.175 E392.14586
G1 X111.353 Y98.691 E392.15885
G1 X111.665 Y98.263 E392.17179
G1 X112.068 Y97.9 E392.18511
G1 X112.554 Y97.621 E392.19909
G1 X113.059 Y97.457 E392.21233
G1 X113.61 Y97.4 E392.226
G1 X125.59 Y97.4 E392.52484
G1 X126.145 Y97.458 E392.53858
G1 X126.662 Y97.627 E392.55215
G1 X127.126 Y97.896 E392.56553
G1 X127.525 Y98.252 E392.57864
G1 X127.853 Y98.703 E392.59231
G1 X128.074 Y99.202 E392.60559
G1 X128.186 Y99.729 E392.61886
G1 X128.2 Y100.01 E392.62587
G1 X128.2 Y104.219 E392.73086
G1 X128.433 Y104.389 E392.73806
G1 X128.476 Y104.511 E392.74129
G1 X128.474 Y115.508 E393.01561
G1 X128.37 Y115.678 E393.02058
G1 X128.2 Y115.776 E393.02547
G1 X128.2 Y119.99 E393.13059
G1 X128.142 Y120.545 E393.14432
G1 X127.973 Y121.062 E393.15789
G1 X127.704 Y121.526 E393.17127
G1 X127.348 Y121.925 E393.18438
G1 X126.897 Y122.253 E393.19807
G1 X126.398 Y122.474 E393.21136
G1 X125.871 Y122.586 E393.22463
G1 X125.59 Y122.6 E393.23164
G1 X113.61 Y122.6 E393.53048
G1 X113.056 Y122.542 E393.5442
G1 F3900 E390.0442
G0 F12000 X113.076 Y122.445
G0 X125.608 Y122.239
G0 X126.638 Y121.983
G0 X127.452 Y121.259
G0 X127.811 Y120.151
G0 X127.998 Y115.529
G0 X128.136 Y115.39
;TYPE:SKIN
G1 F3900 E393.5442
G1 F3000 X128.136 Y115.107 E393.54923
G1 X128.137 Y106.056 E393.71006
G1 X128.131 Y104.648 E393.73508
G1 X128.05 Y104.446 E393.73894
G0 F12000 X128.2 Y104.556
G1 F3900 E390.23894
G1 F600 Z3.35
;MESH:NONMESH
G0 F12000 X128.2 Y104.659 Z3.35
G0 X90.154 Y106.371
;TIME_ELAPSED:536.573258
;LAYER:20
G0 X90.154 Y106.371 Z3.5
;TYPE:SUPPORT
G1 F600 Z3.3
G1 F3900 E393.73894
G1 F6000 X90.155 Y113.63 E393.92002
G1 X90.9 Y113.628 E393.93861
G1 X90.9 Y106.369 E394.11968
G1 X90.154 Y106.371 E394.13829
G1 F3900 E390.63829
G1 F600 Z3.5
;MESH:filament_filter_idig3d.stl
G0 F12000 X107.6 Y114.5 Z3.5
;TYPE:WALL-INNER
G1 F600 Z3.3
G1 F3900 E394.13829
G1 F5400 X107.6 Y105.5 E394.3628
G1 X107.984 Y105.5 E394.37238
G1 X107.985 Y114.5 E394.58872
G1 X107.6 Y114.5 E394.59833
G0 F12000 X107.2 Y114.9
G1 F5400 X107.2 Y105.1 E394.84279
G1 X108.384 Y105.1 E394.87232
G1 X108.385 Y114.9 E395.11679
G1 X107.2 Y114.9 E395.14635
G1 F3900 E391.64635
G0 F12000 X106.826 Y120.249
G0 X106.412 Y121.317
G0 X104.586 Y122.499
G1 F3900 E395.14635
G0 F12000 X104.59 Y122.6
;TYPE:WALL-OUTER
G1 F1800 X92.61 Y122.6 E395.44519
G1 X92.055 Y122.542 E395.45911
G1 X91.538 Y122.373 E395.47268
G1 X91.068 Y122.1 E395.48623
G1 X90.671 Y121.743 E395.49955
G1 X90.345 Y121.294 E395.51339
G1 X90.126 Y120.798 E395.52692
G1 X90.014 Y120.271 E395.54036
G1 X90 Y119.99 E395.54738
G1 X90 Y114.63 E395.68108
G1 X90.4 Y114.629 E395.69106
G1 X90.4 Y120.006 E395.82518
G1 X90.468 Y120.544 E395.83854
G1 X90.655 Y121.029 E395.85119
G1 X90.955 Y121.461 E395.86408
G1 X91.369 Y121.822 E395.87756
G1 X91.83 Y122.06 E395.89051
G1 X92.34 Y122.184 E395.90342
G1 X92.594 Y122.2 E395.90977
G1 X104.606 Y122.2 E396.20941
G1 X105.144 Y122.132 E396.22294
G1 X105.629 Y121.944 E396.23591
G1 X106.061 Y121.645 E396.24902
G1 X106.38 Y121.294 E396.26085
G1 X106.66 Y120.77 E396.27567
G1 X106.787 Y120.24 E396.28926
G1 X106.8 Y119.988 E396.29556
G1 X106.8 Y115.3 E396.4125
G1 X106.8 Y104.7 E396.67692
G1 X106.8 Y99.988 E396.79446
G1 X106.732 Y99.456 E396.80784
G1 X106.545 Y98.971 E396.82081
G1 X106.245 Y98.539 E396.83393
G1 X105.894 Y98.22 E396.84576
G1 X105.37 Y97.94 E396.86058
G1 X104.86 Y97.816 E396.87367
G1 X104.606 Y97.8 E396.88002
G1 X92.594 Y97.8 E397.17966
G1 X92.056 Y97.868 E397.19319
G1 X91.571 Y98.055 E397.20615
G1 X91.139 Y98.355 E397.21927
G1 X90.82 Y98.706 E397.2311
G1 X90.54 Y99.23 E397.24593
G1 X90.416 Y99.74 E397.25902
G1 X90.4 Y99.994 E397.26537
G1 X90.4 Y105.37 E397.39947
G1 X90 Y105.371 E397.40945
G1 X90 Y100.01 E397.54268
G1 X90.058 Y99.455 E397.55642
G1 X90.227 Y98.938 E397.56999
G1 X90.496 Y98.474 E397.58337
G1 X90.863 Y98.066 E397.59696
G1 X91.303 Y97.747 E397.61032
G1 X91.802 Y97.526 E397.62361
G1 X92.329 Y97.414 E397.63688
G1 X92.61 Y97.4 E397.64389
G1 X104.59 Y97.4 E397.94161
G1 X105.145 Y97.458 E397.95535
G1 X105.662 Y97.627 E397.96892
G1 X106.126 Y97.896 E397.9823
G1 X106.525 Y98.252 E397.99553
G1 X106.853 Y98.703 E398.00919
G1 X107.074 Y99.202 E398.02248
G1 X107.188 Y99.749 E398.03623
G1 X107.2 Y100.025 E398.04311
G1 X107.2 Y104.7 E398.15973
G1 X108.784 Y104.7 E398.19924
G1 X108.785 Y115.3 E398.46366
G1 X107.2 Y115.3 E398.50319
G1 X107.2 Y119.996 E398.62019
G1 X107.142 Y120.544 E398.63374
G1 X106.973 Y121.062 E398.64733
G1 X106.704 Y121.526 E398.66071
G1 X106.348 Y121.925 E398.67394
G1 X105.897 Y122.253 E398.68762
G1 X105.398 Y122.474 E398.70092
G1 X104.871 Y122.586 E398.71419
G1 X104.59 Y122.6 E398.7212
G1 F3900 E395.2212
G1 F600 Z3.5
G0 F12000 X110.215 Y118.866 Z3.5
;TYPE:WALL-INNER
G1 F600 Z3.3
G1 F3900 E398.7212
G1 F5400 X110.214 Y116.9 E398.77024
G1 X110.6 Y116.9 E398.77987
G1 X110.6 Y118.973 E398.82988
G1 X110.215 Y118.866 E398.83984
G1 F3900 E395.33984
G0 F12000 X111.028 Y116.328
G0 X111.028 Y103.672
G0 X110.215 Y103.1
G1 F3900 E398.83984
G1 F5400 X110.216 Y101.136 E398.88884
G1 X110.6 Y101.027 E398.89879
G1 X110.6 Y103.1 E398.94867
G1 X110.215 Y103.1 E398.95828
G0 F12000 X109.815 Y103.5
G1 F5400 X109.816 Y100.969 E399.02141
G1 X109.843 Y100.9 E399.02326
G1 X110.004 Y100.783 E399.02823
G1 X110.478 Y100.637 E399.0406
G1 X111 Y100.591 E399.05367
G1 X111 Y103.5 E399.12624
G1 X109.815 Y103.5 E399.1558
G1 F3900 E395.6558
G0 F12000 X111.028 Y103.672
G0 X111.028 Y116.328
G0 X109.814 Y116.5
G1 F3900 E399.1558
G1 F5400 X111 Y116.5 E399.18538
G1 X111 Y119.409 E399.25795
G1 X110.474 Y119.364 E399.27112
G1 X110.034 Y119.232 E399.28257
G1 X109.815 Y119.061 E399.28951
G1 X109.814 Y116.5 E399.35339
G1 F3900 E395.85339
G0 F12000 X111.62 Y121.047
G0 X112.347 Y121.855
G0 X113.593 Y122.239
G0 X125.612 Y122.239
G0 X126.646 Y121.98
G0 X127.412 Y121.317
G0 X127.839 Y120.001
G0 X127.994 Y116.695
G0 X128.2 Y104.622
G1 F3900 E399.35339
G1 F5400 X128.226 Y104.635 E399.35412
G1 X128.225 Y115.381 E399.62218
G1 X128.2 Y115.392 E399.62286
G1 F3900 E396.12286
G0 F12000 X127.824 Y120.269
G0 X127.412 Y121.317
G0 X126.646 Y121.98
G0 X125.612 Y122.239
G0 X113.33 Y122.223
G1 F3900 E399.62286
G0 F12000 X112.83 Y122.06
;TYPE:WALL-OUTER
G1 F1800 X113.34 Y122.184 E399.63595
G1 X113.594 Y122.2 E399.6423
G1 X125.606 Y122.2 E399.94194
G1 X126.144 Y122.132 E399.95547
G1 X126.629 Y121.944 E399.96844
G1 X127.061 Y121.645 E399.98155
G1 X127.38 Y121.294 E399.99338
G1 X127.66 Y120.77 E400.0082
G1 X127.785 Y120.261 E400.02127
G1 X127.8 Y120.006 E400.02765
G1 X127.8 Y115.817 E400.13214
G1 X127.8 Y104.177 E400.4225
G1 X127.8 Y99.994 E400.52685
G1 X127.732 Y99.456 E400.54037
G1 X127.545 Y98.971 E400.55334
G1 X127.245 Y98.539 E400.56646
G1 X126.894 Y98.22 E400.57829
G1 X126.37 Y97.94 E400.59311
G1 X125.86 Y97.816 E400.6062
G1 X125.606 Y97.8 E400.61255
G1 X113.594 Y97.8 E400.91219
G1 X113.056 Y97.868 E400.92572
G1 X112.571 Y98.055 E400.93869
G1 X112.139 Y98.355 E400.95181
G1 X111.82 Y98.706 E400.96364
G1 X111.54 Y99.23 E400.97846
G1 X111.416 Y99.74 E400.99155
G1 X111.4 Y99.994 E400.9979
G1 X111.4 Y103.9 E401.09534
G1 X111.4 Y116.1 E401.39967
G1 X111.4 Y120.006 E401.4971
G1 X111.468 Y120.544 E401.51063
G1 X111.655 Y121.029 E401.5236
G1 X111.955 Y121.461 E401.53672
G1 X112.369 Y121.822 E401.55042
G1 X112.83 Y122.06 E401.56336
G0 F12000 X113.056 Y122.542
G1 F1800 X112.551 Y122.379 E401.5766
G1 X112.082 Y122.11 E401.59008
G1 X111.671 Y121.743 E401.60368
G1 X111.345 Y121.294 E401.61735
G1 X111.126 Y120.798 E401.63057
G1 X111.014 Y120.271 E401.64384
G1 X110.991 Y119.81 E401.65535
G1 X110.398 Y119.758 E401.6702
G1 X109.872 Y119.601 E401.68389
G1 X109.591 Y119.433 E401.69206
G1 X109.437 Y119.222 E401.69858
G1 X109.415 Y119.103 E401.70159
G1 X109.414 Y116.1 E401.7765
G1 X111 Y116.1 E401.81607
G1 X111 Y103.9 E402.1204
G1 X109.415 Y103.9 E402.15994
G1 X109.416 Y100.895 E402.2349
G1 X109.512 Y100.647 E402.24153
G1 X109.824 Y100.42 E402.25115
G1 X110.404 Y100.241 E402.2663
G1 X110.997 Y100.19 E402.28114
G1 X111.018 Y99.69 E402.29356
G1 X111.131 Y99.183 E402.30638
G1 X111.356 Y98.686 E402.31971
G1 X111.671 Y98.257 E402.33276
G1 X112.068 Y97.9 E402.34586
G1 X112.548 Y97.623 E402.35969
G1 X113.057 Y97.458 E402.37304
G1 X113.61 Y97.4 E402.38674
G1 X125.59 Y97.4 E402.68558
G1 X126.145 Y97.458 E402.69932
G1 X126.662 Y97.627 E402.71289
G1 X127.126 Y97.896 E402.72627
G1 X127.525 Y98.252 E402.7395
G1 X127.853 Y98.703 E402.75317
G1 X128.074 Y99.202 E402.76645
G1 X128.186 Y99.729 E402.77972
G1 X128.2 Y100.01 E402.78673
G1 X128.2 Y104.177 E402.89068
G1 X128.51 Y104.328 E402.89928
G1 X128.584 Y104.392 E402.90172
G1 X128.626 Y104.509 E402.90482
G1 X128.625 Y115.498 E403.17894
G1 X128.54 Y115.657 E403.18344
G1 X128.393 Y115.748 E403.18775
G1 X128.2 Y115.817 E403.19287
G1 X128.2 Y119.99 E403.29696
G1 X128.142 Y120.544 E403.31067
G1 X127.973 Y121.062 E403.32427
G1 X127.704 Y121.526 E403.33765
G1 X127.348 Y121.925 E403.35087
G1 X126.897 Y122.253 E403.36456
G1 X126.398 Y122.474 E403.37786
G1 X125.871 Y122.586 E403.39113
G1 X125.59 Y122.6 E403.39814
G1 X113.61 Y122.6 E403.69698
G1 X113.056 Y122.542 E403.7107
G0 F12000 X113.047 Y122.525
G1 F3900 E400.2107
G1 F600 Z3.5
;MESH:NONMESH
G0 F12000 X113.075 Y122.532 Z3.5
G0 X90.154 Y106.252
;TIME_ELAPSED:551.383046
;LAYER:21
G0 X90.154 Y106.252 Z3.65
;TYPE:SUPPORT
G1 F600 Z3.45
G1 F3900 E403.7107
G1 F6000 X90.155 Y113.749 E403.89772
G1 X90.9 Y113.747 E403.9163
G1 X90.9 Y106.25 E404.10331
G1 X90.154 Y106.252 E404.12192
G1 F3900 E400.62192
G1 F600 Z3.65
;MESH:filament_filter_idig3d.stl
G0 F12000 X107.6 Y114.5 Z3.65
;TYPE:WALL-INNER
G1 F600 Z3.45
G1 F3900 E404.12192
G1 F5400 X107.6 Y105.5 E404.34643
G1 X108.134 Y105.5 E404.35975
G1 X108.135 Y114.5 E404.58426
G1 X107.6 Y114.5 E404.5976
G0 F12000 X107.2 Y114.9
G1 F5400 X107.2 Y105.1 E404.84206
G1 X108.534 Y105.1 E404.87534
G1 X108.535 Y114.9 E405.1198
G1 X107.2 Y114.9 E405.1531
G1 F3900 E401.6531
G0 F12000 X106.826 Y120.247
G0 X106.459 Y121.248
G0 X105.842 Y121.844
G0 X104.586 Y122.499
G1 F3900 E405.1531
G0 F12000 X104.59 Y122.6
;TYPE:WALL-OUTER
G1 F1800 X92.61 Y122.6 E405.45195
G1 X92.055 Y122.542 E405.46587
G1 X91.538 Y122.373 E405.47943
G1 X91.068 Y122.1 E405.49299
G1 X90.671 Y121.743 E405.50631
G1 X90.346 Y121.295 E405.52012
G1 X90.126 Y120.798 E405.53368
G1 X90.014 Y120.271 E405.54712
G1 X90 Y119.99 E405.55413
G1 X90 Y114.749 E405.68487
G1 X90.4 Y114.748 E405.69485
G1 X90.4 Y120.006 E405.826
G1 X90.461 Y120.517 E405.83867
G1 X90.657 Y121.031 E405.85207
G1 X90.955 Y121.462 E405.86497
G1 X91.374 Y121.826 E405.87864
G1 X91.833 Y122.062 E405.89152
G1 X92.342 Y122.184 E405.9044
G1 X92.594 Y122.2 E405.91069
G1 X104.606 Y122.2 E406.21033
G1 X105.117 Y122.139 E406.22317
G1 X105.632 Y121.942 E406.23693
G1 X106.062 Y121.645 E406.24996
G1 X106.426 Y121.226 E406.26381
G1 X106.662 Y120.767 E406.27668
G1 X106.787 Y120.242 E406.29015
G1 X106.8 Y119.983 E406.29661
G1 X106.8 Y115.3 E406.41343
G1 X106.8 Y104.7 E406.67785
G1 X106.8 Y99.986 E406.79544
G1 X106.739 Y99.484 E406.80806
G1 X106.543 Y98.969 E406.8218
G1 X106.245 Y98.538 E406.83487
G1 X105.826 Y98.174 E406.84872
G1 X105.366 Y97.938 E406.86161
G1 X104.858 Y97.816 E406.87465
G1 X104.606 Y97.8 E406.88095
G1 X92.594 Y97.8 E407.18059
G1 X92.083 Y97.861 E407.19342
G1 X91.569 Y98.057 E407.20715
G1 X91.139 Y98.355 E407.2202
G1 X90.774 Y98.774 E407.23406
G1 X90.538 Y99.233 E407.24693
G1 X90.416 Y99.742 E407.25999
G1 X90.4 Y99.994 E407.26629
G1 X90.4 Y105.251 E407.39742
G1 X90 Y105.252 E407.4074
G1 X90 Y100.01 E407.53767
G1 X90.058 Y99.455 E407.55142
G1 X90.227 Y98.938 E407.56498
G1 X90.496 Y98.474 E407.57836
G1 X90.863 Y98.066 E407.59183
G1 X91.303 Y97.747 E407.60516
G1 X91.802 Y97.526 E407.61844
G1 X92.329 Y97.414 E407.63172
G1 X92.61 Y97.4 E407.63873
G1 X104.59 Y97.4 E407.93645
G1 X105.145 Y97.458 E407.95019
G1 X105.662 Y97.627 E407.96375
G1 X106.126 Y97.896 E407.97713
G1 X106.525 Y98.252 E407.99025
G1 X106.853 Y98.703 E408.00393
G1 X107.074 Y99.202 E408.01722
G1 X107.187 Y99.738 E408.0307
G1 X107.2 Y100.035 E408.0381
G1 X107.2 Y104.7 E408.15447
G1 X108.934 Y104.7 E408.19773
G1 X108.935 Y115.3 E408.46215
G1 X107.2 Y115.3 E408.50543
G1 X107.2 Y119.997 E408.62259
G1 X107.143 Y120.539 E408.63598
G1 X106.973 Y121.062 E408.6497
G1 X106.704 Y121.526 E408.66308
G1 X106.348 Y121.925 E408.6762
G1 X105.897 Y122.253 E408.6899
G1 X105.398 Y122.474 E408.7032
G1 X104.871 Y122.586 E408.71647
G1 X104.59 Y122.6 E408.72348
G1 F3900 E405.22348
G0 F12000 X104.586 Y122.499
G0 X105.643 Y121.98
G0 X106.459 Y121.248
G0 X106.839 Y119.984
G0 X107.172 Y115.072
G0 X107.799 Y114.232
;TYPE:SKIN
G1 F3900 E408.72348
G1 F3000 X107.935 Y114.095 E408.72588
G0 F12000 X107.867 Y113.881
G1 F3000 X107.867 Y113.598 E408.72835
G1 X107.866 Y106.245 E408.79239
G1 X107.822 Y105.723 E408.79695
G0 F12000 X107.847 Y105.699
G1 F3900 E405.29695
G1 F600 Z3.65
G0 F12000 X107.847 Y105.699 Z3.65
G0 X110.065 Y103.1
;TYPE:WALL-INNER
G1 F600 Z3.45
G1 F3900 E408.79695
G1 F5400 X110.066 Y101.192 E408.84455
G1 X110.6 Y101.029 E408.85848
G1 X110.6 Y103.1 E408.91014
G1 X110.065 Y103.1 E408.92348
G1 F3900 E405.42348
G0 F12000 X111.028 Y103.672
G0 X111.028 Y116.328
G0 X110.064 Y116.9
G1 F3900 E408.92348
G1 F5400 X110.6 Y116.9 E408.93685
G1 X110.6 Y118.974 E408.98859
G1 X110.071 Y118.802 E409.00246
G1 X110.065 Y118.655 E409.00613
G1 X110.064 Y116.9 E409.04991
G0 F12000 X109.664 Y116.5
G1 F5400 X111 Y116.5 E409.08324
G1 X111 Y119.409 E409.15581
G1 X110.558 Y119.378 E409.16686
G1 X110.015 Y119.225 E409.18093
G1 X109.743 Y119.081 E409.18861
G1 X109.679 Y118.997 E409.19124
G1 X109.665 Y118.672 E409.19936
G1 X109.664 Y116.5 E409.25354
G1 F3900 E405.75354
G0 F12000 X111.028 Y116.328
G0 X111.028 Y103.672
G0 X109.665 Y103.5
G1 F3900 E409.25354
G1 F5400 X109.666 Y101.044 E409.3148
G1 X109.692 Y100.976 E409.31662
G1 X109.852 Y100.846 E409.32176
G1 X110.245 Y100.694 E409.33227
G1 X110.656 Y100.608 E409.34275
G1 X111 Y100.59 E409.35134
G1 X111 Y103.5 E409.42393
G1 X109.665 Y103.5 E409.45723
G1 F3900 E405.95723
G0 F12000 X111.741 Y98.752
G0 X112.551 Y98.022
G0 X113.592 Y97.761
G0 X125.868 Y97.777
G0 X126.848 Y98.141
G0 X127.579 Y98.953
G0 X128.005 Y103.632
G0 X128.2 Y115.415
G1 F3900 E409.45723
G1 F5400 X128.2 Y104.591 E409.72724
G1 X128.376 Y104.639 E409.73179
G1 F3900 E406.23179
G0 F12000 X128.374 Y115.377
G1 F3900 E409.73179
G1 F5400 X128.2 Y115.415 E409.73623
G1 F3900 E406.23623
G0 F12000 X127.824 Y120.268
G0 X127.459 Y121.248
G0 X126.652 Y121.975
G0 X125.608 Y122.239
G0 X113.332 Y122.223
G1 F3900 E409.73623
G0 F12000 X112.833 Y122.062
;TYPE:WALL-OUTER
G1 F1800 X113.342 Y122.184 E409.74929
G1 X113.594 Y122.2 E409.75559
G1 X125.606 Y122.2 E410.05523
G1 X126.117 Y122.139 E410.06806
G1 X126.632 Y121.942 E410.08182
G1 X127.062 Y121.645 E410.09486
G1 X127.426 Y121.226 E410.1087
G1 X127.662 Y120.767 E410.12158
G1 X127.785 Y120.258 E410.13464
G1 X127.8 Y120.006 E410.14094
G1 X127.8 Y115.82 E410.24536
G1 X127.8 Y104.177 E410.53579
G1 X127.8 Y99.994 E410.64014
G1 X127.739 Y99.483 E410.65297
G1 X127.543 Y98.969 E410.6667
G1 X127.245 Y98.538 E410.67977
G1 X126.826 Y98.174 E410.69361
G1 X126.366 Y97.938 E410.70651
G1 X125.858 Y97.816 E410.71954
G1 X125.606 Y97.8 E410.72584
G1 X113.594 Y97.8 E411.02548
G1 X113.083 Y97.861 E411.03832
G1 X112.569 Y98.057 E411.05204
G1 X112.139 Y98.355 E411.06509
G1 X111.774 Y98.774 E411.07895
G1 X111.538 Y99.233 E411.09183
G1 X111.416 Y99.742 E411.10488
G1 X111.4 Y99.994 E411.11118
G1 X111.4 Y103.9 E411.20862
G1 X111.4 Y116.1 E411.51295
G1 X111.4 Y120.006 E411.61038
G1 X111.461 Y120.517 E411.62322
G1 X111.657 Y121.031 E411.63694
G1 X111.955 Y121.462 E411.65002
G1 X112.374 Y121.826 E411.66386
G1 X112.833 Y122.062 E411.67674
G0 F12000 X113.056 Y122.542
G1 F1800 X112.551 Y122.379 E411.68997
G1 X112.082 Y122.11 E411.70346
G1 X111.671 Y121.743 E411.71704
G1 X111.346 Y121.295 E411.73068
G1 X111.126 Y120.798 E411.74391
G1 X111.014 Y120.271 E411.75718
G1 X110.991 Y119.81 E411.7687
G1 X110.49 Y119.774 E411.78123
G1 X109.864 Y119.598 E411.79745
G1 X109.48 Y119.395 E411.80828
G1 X109.285 Y119.139 E411.81631
G1 X109.265 Y118.69 E411.82752
G1 X109.264 Y116.1 E411.89213
G1 X111 Y116.1 E411.93544
G1 X111 Y103.9 E412.23977
G1 X109.265 Y103.9 E412.28305
G1 X109.266 Y100.972 E412.35609
G1 X109.356 Y100.733 E412.36246
G1 X109.651 Y100.495 E412.37191
G1 X110.133 Y100.308 E412.38481
G1 X110.598 Y100.211 E412.39666
G1 X110.995 Y100.19 E412.40657
G1 X111.059 Y99.445 E412.42473
G1 X111.234 Y98.92 E412.43841
G1 X111.509 Y98.456 E412.45186
G1 X111.863 Y98.066 E412.465
G1 X112.306 Y97.745 E412.4785
G1 X112.806 Y97.524 E412.49183
G1 X113.332 Y97.414 E412.50508
G1 X113.61 Y97.4 E412.51201
G1 X125.59 Y97.4 E412.81086
G1 X126.145 Y97.458 E412.8246
G1 X126.662 Y97.627 E412.83816
G1 X127.126 Y97.896 E412.85154
G1 X127.525 Y98.252 E412.86466
G1 X127.853 Y98.703 E412.87834
G1 X128.074 Y99.202 E412.89163
G1 X128.186 Y99.729 E412.9049
G1 X128.2 Y100.01 E412.91191
G1 X128.2 Y104.177 E413.01586
G1 X128.622 Y104.291 E413.02676
G1 X128.735 Y104.396 E413.03061
G1 X128.776 Y104.52 E413.03387
G1 X128.774 Y115.496 E413.30766
G1 X128.741 Y115.6 E413.31039
G1 X128.613 Y115.714 E413.31466
G1 X128.439 Y115.782 E413.31932
G1 X128.2 Y115.82 E413.32536
G1 X128.2 Y119.99 E413.42938
G1 X128.142 Y120.545 E413.44311
G1 X127.973 Y121.062 E413.45668
G1 X127.704 Y121.526 E413.47006
G1 X127.348 Y121.925 E413.48318
G1 X126.897 Y122.253 E413.49687
G1 X126.398 Y122.474 E413.51017
G1 X125.871 Y122.586 E413.52345
G1 X125.59 Y122.6 E413.53046
G1 X113.61 Y122.6 E413.8293
G1 X113.056 Y122.542 E413.84301
G0 F12000 X113.048 Y122.525
G1 F3900 E410.34301
G1 F600 Z3.65
;MESH:NONMESH
G0 F12000 X113.077 Y122.532 Z3.65
G0 X90.629 Y113.695
;TIME_ELAPSED:566.659248
;LAYER:22
G0 X90.629 Y113.695 Z3.8
;TYPE:SUPPORT-INTERFACE
G1 F600 Z3.6
G1 F3900 E413.84301
G1 F3000 X90.426 Y113.695 E413.84808
G1 X90.425 Y106.306 E414.0324
G1 X90.629 Y106.306 E414.03749
G1 X90.629 Y113.695 E414.22181
G1 F3900 E410.72181
G1 F600 Z3.8
;MESH:filament_filter_idig3d.stl
G0 F12000 X107.6 Y114.5 Z3.8
;TYPE:WALL-INNER
G1 F600 Z3.6
G1 F3900 E414.22181
G1 F5400 X107.6 Y105.5 E414.44631
G1 X108.284 Y105.5 E414.46337
G1 X108.285 Y114.5 E414.68788
G1 X107.6 Y114.5 E414.70497
G0 F12000 X107.2 Y114.9
G1 F5400 X107.2 Y105.1 E414.94943
G1 X108.684 Y105.1 E414.98645
G1 X108.685 Y114.9 E415.23091
G1 X107.2 Y114.9 E415.26795
G1 F3900 E411.76795
G0 F12000 X106.826 Y120.263
G0 X106.462 Y121.242
G0 X105.843 Y121.844
G0 X104.586 Y122.499
G1 F3900 E415.26795
G0 F12000 X104.59 Y122.6
;TYPE:WALL-OUTER
G1 F1800 X92.61 Y122.6 E415.5668
G1 X92.055 Y122.542 E415.58072
G1 X91.538 Y122.373 E415.59428
G1 X91.068 Y122.1 E415.60784
G1 X90.671 Y121.743 E415.62116
G1 X90.346 Y121.295 E415.63497
G1 X90.126 Y120.798 E415.64853
G1 X90.014 Y120.271 E415.66196
G1 X90 Y119.99 E415.66898
G1 X90 Y114.866 E415.7968
G1 X90.4 Y114.866 E415.80678
G1 X90.4 Y120.006 E415.93499
G1 X90.472 Y120.556 E415.94867
G1 X90.658 Y121.034 E415.96117
G1 X90.956 Y121.462 E415.97395
G1 X91.34 Y121.803 E415.98657
G1 X91.837 Y122.063 E416.00057
G1 X92.343 Y122.185 E416.01336
G1 X92.594 Y122.2 E416.01963
G1 X104.606 Y122.2 E416.31928
G1 X105.156 Y122.128 E416.33311
G1 X105.636 Y121.941 E416.34596
G1 X106.062 Y121.644 E416.35892
G1 X106.429 Y121.22 E416.37291
G1 X106.663 Y120.763 E416.38571
G1 X106.787 Y120.255 E416.39876
G1 X106.8 Y119.977 E416.4057
G1 X106.8 Y115.3 E416.52237
G1 X106.8 Y104.7 E416.78679
G1 X106.8 Y99.984 E416.90443
G1 X106.728 Y99.444 E416.91802
G1 X106.542 Y98.966 E416.93081
G1 X106.244 Y98.538 E416.94382
G1 X105.82 Y98.171 E416.95781
G1 X105.362 Y97.937 E416.97064
G1 X104.857 Y97.815 E416.9836
G1 X104.606 Y97.8 E416.98987
G1 X92.594 Y97.8 E417.28951
G1 X92.044 Y97.872 E417.30335
G1 X91.566 Y98.058 E417.31614
G1 X91.138 Y98.356 E417.32915
G1 X90.771 Y98.78 E417.34314
G1 X90.537 Y99.237 E417.35595
G1 X90.415 Y99.743 E417.36893
G1 X90.4 Y99.994 E417.3752
G1 X90.4 Y105.135 E417.50345
G1 X90 Y105.135 E417.51343
G1 X90 Y100.01 E417.64079
G1 X90.058 Y99.455 E417.65452
G1 X90.227 Y98.938 E417.66809
G1 X90.496 Y98.474 E417.68147
G1 X90.863 Y98.066 E417.69498
G1 X91.303 Y97.747 E417.70836
G1 X91.802 Y97.526 E417.72168
G1 X92.329 Y97.414 E417.73496
G1 X92.61 Y97.4 E417.74197
G1 X104.59 Y97.4 E418.03969
G1 X105.145 Y97.458 E418.05343
G1 X105.662 Y97.627 E418.06699
G1 X106.126 Y97.896 E418.08037
G1 X106.525 Y98.252 E418.09349
G1 X106.853 Y98.703 E418.10717
G1 X107.074 Y99.202 E418.12049
G1 X107.187 Y99.74 E418.13403
G1 X107.2 Y100.02 E418.14101
G1 X107.2 Y104.7 E418.25776
G1 X109.084 Y104.7 E418.30475
G1 X109.085 Y115.3 E418.56917
G1 X107.2 Y115.3 E418.61619
G1 X107.2 Y119.999 E418.73334
G1 X107.144 Y120.539 E418.74669
G1 X106.973 Y121.062 E418.76042
G1 X106.704 Y121.526 E418.7738
G1 X106.348 Y121.925 E418.78691
G1 X105.897 Y122.253 E418.80059
G1 X105.398 Y122.474 E418.81392
G1 X104.871 Y122.586 E418.8272
G1 X104.59 Y122.6 E418.83421
G1 F3900 E415.33421
G0 F12000 X104.586 Y122.499
G0 X105.655 Y121.976
G0 X106.462 Y121.242
G0 X106.839 Y119.977
G0 X107.172 Y115.072
G0 X108.077 Y114.3
G0 X107.937 Y114.16
;TYPE:SKIN
G1 F3900 E418.83421
G1 F3000 X107.942 Y113.881 E418.83941
G1 X107.941 Y106.527 E418.97659
G1 X108.023 Y105.76 E418.99097
G0 F12000 X107.961 Y105.699
G1 F3900 E415.49097
G1 F600 Z3.8
G0 F12000 X107.961 Y105.699 Z3.8
G0 X109.915 Y103.1
;TYPE:WALL-INNER
G1 F600 Z3.6
G1 F3900 E418.99097
G1 F5400 X109.916 Y101.269 E419.03665
G1 X110.364 Y101.076 E419.04882
G1 X110.6 Y101.028 E419.05483
G1 X110.6 Y103.1 E419.10651
G1 X109.915 Y103.1 E419.1236
G1 F3900 E415.6236
G0 F12000 X111.028 Y103.672
G0 X111.028 Y116.328
G0 X109.914 Y116.9
G1 F3900 E419.1236
G1 F5400 X110.6 Y116.9 E419.14071
G1 X110.6 Y118.973 E419.19242
G1 X110.145 Y118.846 E419.20421
G1 X109.915 Y118.735 E419.21058
G1 X109.914 Y116.9 E419.25635
G0 F12000 X109.514 Y116.5
G1 F5400 X111 Y116.5 E419.29342
G1 X111 Y119.409 E419.36598
G1 X110.474 Y119.364 E419.37915
G1 X110.007 Y119.222 E419.39133
G1 X109.716 Y119.09 E419.3993
G1 X109.548 Y118.95 E419.40476
G1 X109.515 Y118.86 E419.40715
G1 X109.514 Y116.5 E419.46602
G1 F3900 E415.96602
G0 F12000 X111.028 Y116.328
G0 X111.028 Y103.672
G0 X109.515 Y103.5
G1 F3900 E419.46602
G1 F5400 X109.516 Y101.142 E419.52484
G1 X109.552 Y101.047 E419.52737
G1 X109.74 Y100.899 E419.53334
G1 X110.251 Y100.691 E419.5471
G1 X110.653 Y100.608 E419.55734
G1 X111 Y100.59 E419.56601
G1 X111 Y103.5 E419.6386
G1 X109.515 Y103.5 E419.67564
G1 F3900 E416.17564
G0 F12000 X111.376 Y99.733
G0 X111.738 Y98.758
G0 X112.547 Y98.023
G0 X113.59 Y97.761
G0 X125.866 Y97.776
G0 X126.843 Y98.138
G0 X127.577 Y98.947
G0 X127.839 Y99.99
G0 X127.992 Y103.351
G0 X128.2 Y115.408
G1 F3900 E419.67564
G1 F5400 X128.2 Y104.589 E419.94553
G1 X128.526 Y104.625 E419.95371
G1 F3900 E416.45371
G0 F12000 X128.525 Y115.364
G1 F3900 E419.95371
G1 F5400 X128.2 Y115.408 E419.96189
G1 F3900 E416.46189
G0 F12000 X127.824 Y120.267
G0 X127.462 Y121.242
G0 X126.655 Y121.976
G0 X125.61 Y122.239
G0 X113.333 Y122.224
G1 F3900 E419.96189
G0 F12000 X112.837 Y122.063
;TYPE:WALL-OUTER
G1 F1800 X113.343 Y122.185 E419.97487
G1 X113.594 Y122.2 E419.98114
G1 X125.606 Y122.2 E420.28078
G1 X126.156 Y122.128 E420.29462
G1 X126.636 Y121.941 E420.30747
G1 X127.062 Y121.644 E420.32043
G1 X127.429 Y121.22 E420.33441
G1 X127.663 Y120.763 E420.34722
G1 X127.785 Y120.257 E420.36021
G1 X127.8 Y120.006 E420.36648
G1 X127.8 Y115.809 E420.47117
G1 X127.8 Y104.187 E420.76108
G1 X127.8 Y99.994 E420.86568
G1 X127.728 Y99.444 E420.87952
G1 X127.542 Y98.966 E420.89231
G1 X127.244 Y98.538 E420.90532
G1 X126.82 Y98.171 E420.91931
G1 X126.362 Y97.937 E420.93214
G1 X125.857 Y97.815 E420.9451
G1 X125.606 Y97.8 E420.95137
G1 X113.594 Y97.8 E421.25101
G1 X113.044 Y97.872 E421.26485
G1 X112.566 Y98.058 E421.27764
G1 X112.138 Y98.356 E421.29065
G1 X111.771 Y98.78 E421.30464
G1 X111.537 Y99.237 E421.31745
G1 X111.415 Y99.743 E421.33043
G1 X111.4 Y99.994 E421.3367
G1 X111.4 Y103.9 E421.43414
G1 X111.4 Y116.1 E421.73847
G1 X111.4 Y120.006 E421.83591
G1 X111.472 Y120.556 E421.84974
G1 X111.658 Y121.034 E421.86254
G1 X111.956 Y121.462 E421.87555
G1 X112.34 Y121.803 E421.88836
G1 X112.837 Y122.063 E421.90235
G0 F12000 X113.055 Y122.542
G1 F1800 X112.547 Y122.378 E421.91567
G1 X112.086 Y122.113 E421.92893
G1 X111.671 Y121.743 E421.9427
G1 X111.346 Y121.295 E421.95634
G1 X111.126 Y120.798 E421.96961
G1 X111.014 Y120.271 E421.98289
G1 X110.991 Y119.81 E421.9944
G1 X110.399 Y119.759 E422.00923
G1 X109.866 Y119.598 E422.02311
G1 X109.502 Y119.432 E422.03309
G1 X109.209 Y119.189 E422.04259
G1 X109.115 Y118.93 E422.04946
G1 X109.114 Y116.1 E422.12006
G1 X111 Y116.1 E422.1671
G1 X111 Y103.9 E422.47143
G1 X109.115 Y103.9 E422.51846
G1 X109.116 Y101.068 E422.5891
G1 X109.218 Y100.8 E422.59625
G1 X109.538 Y100.549 E422.6064
G1 X110.133 Y100.307 E422.62242
G1 X110.597 Y100.211 E422.63424
G1 X110.994 Y100.19 E422.64416
G1 X111.061 Y99.438 E422.66247
G1 X111.237 Y98.915 E422.67612
G1 X111.494 Y98.477 E422.68879
G1 X111.863 Y98.066 E422.70257
G1 X112.299 Y97.749 E422.71585
G1 X112.807 Y97.524 E422.72941
G1 X113.332 Y97.414 E422.74264
G1 X113.61 Y97.4 E422.74957
G1 X125.59 Y97.4 E423.04841
G1 X126.145 Y97.458 E423.06215
G1 X126.662 Y97.627 E423.07571
G1 X127.126 Y97.896 E423.08909
G1 X127.525 Y98.252 E423.10221
G1 X127.853 Y98.703 E423.11589
G1 X128.074 Y99.202 E423.12921
G1 X128.186 Y99.729 E423.1425
G1 X128.2 Y100.01 E423.14951
G1 X128.2 Y104.187 E423.2537
G1 X128.58 Y104.217 E423.26321
G1 X128.774 Y104.293 E423.26841
G1 X128.888 Y104.405 E423.2724
G1 X128.926 Y104.536 E423.2758
G1 X128.925 Y115.486 E423.54895
G1 X128.892 Y115.597 E423.55184
G1 X128.79 Y115.699 E423.55543
G1 X128.49 Y115.795 E423.56329
G1 X128.2 Y115.809 E423.57053
G1 X128.2 Y119.99 E423.67483
G1 X128.142 Y120.545 E423.68856
G1 X127.973 Y121.062 E423.70213
G1 X127.704 Y121.526 E423.71551
G1 X127.348 Y121.925 E423.72862
G1 X126.897 Y122.253 E423.74231
G1 X126.398 Y122.474 E423.75563
G1 X125.871 Y122.586 E423.76891
G1 X125.59 Y122.6 E423.77592
G1 X113.61 Y122.6 E424.07476
G1 X113.055 Y122.542 E424.0885
G0 F12000 X113.046 Y122.526
G1 F3900 E420.5885
G1 F600 Z3.8
;MESH:NONMESH
G0 F12000 X113.075 Y122.533 Z3.8
G0 X90.629 Y106.203
;TIME_ELAPSED:582.102185
;LAYER:23
G0 X90.629 Y106.203 Z3.95
;TYPE:SUPPORT-INTERFACE
G1 F600 Z3.75
G1 F3900 E424.0885
G1 F3000 X90.629 Y113.798 E424.27796
G1 X90.326 Y113.798 E424.28552
G1 X90.325 Y106.202 E424.475
G1 X90.629 Y106.203 E424.48259
G1 F3900 E420.98259
G1 F600 Z3.95
;MESH:filament_filter_idig3d.stl
G0 F12000 X107.6 Y114.5 Z3.95
;TYPE:WALL-INNER
G1 F600 Z3.75
G1 F3900 E424.48259
G1 F5400 X107.6 Y105.5 E424.70709
G1 X108.434 Y105.5 E424.7279
G1 X108.435 Y114.5 E424.9524
G1 X107.6 Y114.5 E424.97323
G0 F12000 X107.2 Y114.9
G1 F5400 X107.2 Y105.1 E425.21769
G1 X108.834 Y105.1 E425.25845
G1 X108.835 Y114.9 E425.50292
G1 X107.2 Y114.9 E425.5437
G1 F3900 E422.0437
G0 F12000 X106.827 Y120.236
G0 X106.41 Y121.32
G0 X104.586 Y122.499
G1 F3900 E425.5437
G0 F12000 X104.59 Y122.6
;TYPE:WALL-OUTER
G1 F1800 X92.61 Y122.6 E425.84254
G1 X92.055 Y122.542 E425.85646
G1 X91.538 Y122.373 E425.87003
G1 X91.068 Y122.1 E425.88359
G1 X90.671 Y121.743 E425.89691
G1 X90.345 Y121.294 E425.91075
G1 X90.126 Y120.798 E425.92427
G1 X90.014 Y120.271 E425.93771
G1 X90 Y119.99 E425.94473
G1 X90 Y114.967 E426.07003
G1 X90.4 Y114.969 E426.08001
G1 X90.4 Y120.006 E426.20565
G1 X90.46 Y120.512 E426.2182
G1 X90.66 Y121.037 E426.23189
G1 X90.956 Y121.462 E426.2446
G1 X91.338 Y121.802 E426.25716
G1 X91.84 Y122.064 E426.27129
G1 X92.344 Y122.185 E426.28404
G1 X92.594 Y122.2 E426.29028
G1 X104.606 Y122.2 E426.58992
G1 X105.112 Y122.14 E426.60264
G1 X105.639 Y121.939 E426.61671
G1 X106.062 Y121.644 E426.62957
G1 X106.38 Y121.294 E426.64137
G1 X106.664 Y120.76 E426.65645
G1 X106.788 Y120.231 E426.67001
G1 X106.8 Y119.97 E426.67652
G1 X106.8 Y115.3 E426.79302
G1 X106.8 Y104.7 E427.05744
G1 X106.8 Y99.983 E427.1751
G1 X106.74 Y99.488 E427.18754
G1 X106.54 Y98.963 E427.20155
G1 X106.244 Y98.538 E427.21447
G1 X105.894 Y98.22 E427.22627
G1 X105.495 Y97.99 E427.23776
G1 X105.054 Y97.848 E427.24932
G1 X104.606 Y97.8 E427.26056
G1 X92.594 Y97.8 E427.5602
G1 X92.088 Y97.86 E427.57291
G1 X91.563 Y98.06 E427.58692
G1 X91.138 Y98.356 E427.59984
G1 X90.82 Y98.706 E427.61164
G1 X90.536 Y99.24 E427.62672
G1 X90.415 Y99.744 E427.63965
G1 X90.4 Y99.994 E427.6459
G1 X90.4 Y105.032 E427.77157
G1 X90 Y105.034 E427.78155
G1 X90 Y100.01 E427.90625
G1 X90.059 Y99.45 E427.9201
G1 X90.227 Y98.938 E427.93355
G1 X90.496 Y98.474 E427.94693
G1 X90.863 Y98.066 E427.96052
G1 X91.303 Y97.747 E427.97389
G1 X91.802 Y97.526 E427.98718
G1 X92.329 Y97.414 E428.00045
G1 X92.61 Y97.4 E428.00746
G1 X104.59 Y97.4 E428.30518
G1 X105.145 Y97.458 E428.31902
G1 X105.662 Y97.627 E428.33254
G1 X106.126 Y97.896 E428.34588
G1 X106.525 Y98.252 E428.3591
G1 X106.853 Y98.703 E428.37279
G1 X107.074 Y99.202 E428.38607
G1 X107.187 Y99.728 E428.39931
G1 X107.2 Y100.053 E428.4074
G1 X107.2 Y104.7 E428.52332
G1 X109.234 Y104.7 E428.57406
G1 X109.235 Y115.3 E428.83848
G1 X107.2 Y115.3 E428.88924
G1 X107.2 Y120.003 E429.0065
G1 X107.144 Y120.537 E429.01969
G1 X106.973 Y121.062 E429.03346
G1 X106.704 Y121.526 E429.04684
G1 X106.348 Y121.925 E429.06007
G1 X105.897 Y122.253 E429.07377
G1 X105.398 Y122.474 E429.08706
G1 X104.871 Y122.586 E429.10034
G1 X104.59 Y122.6 E429.10735
G1 F3900 E425.60735
G0 F12000 X104.586 Y122.499
G0 X105.79 Y121.881
G0 X106.41 Y121.32
G0 X106.839 Y119.97
G0 X107.172 Y115.072
G0 X107.799 Y114.232
G0 X108.017 Y114.014
;TYPE:SKIN
G1 F3900 E429.10735
G1 F3000 X108.124 Y114.189 E429.1129
G1 X108.017 Y113.448 E429.13319
G1 X108.016 Y106.378 E429.32476
G1 X107.964 Y105.864 E429.33876
G1 X107.822 Y105.723 E429.34418
G0 F12000 X107.798 Y105.747
G1 F3900 E425.84418
G1 F600 Z3.95
G0 F12000 X107.798 Y105.747 Z3.95
G0 X109.765 Y103.1
;TYPE:WALL-INNER
G1 F600 Z3.75
G1 F3900 E429.34418
G1 F5400 X109.766 Y101.349 E429.38786
G1 X110.161 Y101.146 E429.39894
G1 X110.6 Y101.026 E429.41029
G1 X110.6 Y103.1 E429.46203
G1 X109.765 Y103.1 E429.48285
G1 F3900 E425.98285
G0 F12000 X111.028 Y103.672
G0 X111.028 Y116.328
G0 X109.764 Y116.9
G1 F3900 E429.48285
G1 F5400 X110.6 Y116.9 E429.50371
G1 X110.6 Y118.975 E429.55547
G1 X110.149 Y118.847 E429.56716
G1 X109.765 Y118.651 E429.57792
G1 X109.764 Y116.9 E429.6216
G0 F12000 X109.364 Y116.5
G1 F5400 X111 Y116.5 E429.66241
G1 X111 Y119.41 E429.735
G1 X110.508 Y119.369 E429.74731
G1 X110.009 Y119.223 E429.76028
G1 X109.562 Y119.008 E429.77266
G1 X109.398 Y118.856 E429.77823
G1 X109.365 Y118.761 E429.78074
G1 X109.364 Y116.5 E429.83714
G1 F3900 E426.33714
G0 F12000 X111.028 Y116.328
G0 X111.028 Y103.672
G0 X109.365 Y103.5
G1 F3900 E429.83714
G1 F5400 X109.366 Y101.234 E429.89367
G1 X109.397 Y101.145 E429.89602
G1 X109.563 Y100.992 E429.90165
G1 X110.017 Y100.772 E429.91424
G1 X110.498 Y100.633 E429.92673
G1 X111 Y100.591 E429.93929
G1 X111 Y103.5 E430.01186
G1 X109.365 Y103.5 E430.05264
G1 F3900 E426.55264
G0 F12000 X111.028 Y103.672
G0 X111.171 Y119.859
G0 X111.674 Y121.125
G0 X112.316 Y121.834
G0 X113.593 Y122.239
G0 X125.608 Y122.239
G0 X126.79 Y121.881
G0 X127.41 Y121.32
G0 X127.779 Y120.336
G0 X128.2 Y115.4
G1 F3900 E430.05264
G1 F5400 X128.2 Y104.6 E430.32205
G1 X128.67 Y104.625 E430.33379
G1 X128.671 Y115.363 E430.60165
G1 X128.2 Y115.4 E430.61344
G1 F3900 E427.11344
G0 F12000 X127.824 Y120.265
G0 X127.41 Y121.32
G0 X126.657 Y121.974
G0 X125.608 Y122.239
G0 X113.334 Y122.224
G1 F3900 E430.61344
G0 F12000 X112.84 Y122.064
;TYPE:WALL-OUTER
G1 F1800 X113.344 Y122.185 E430.62637
G1 X113.594 Y122.2 E430.63261
G1 X125.606 Y122.2 E430.93225
G1 X126.112 Y122.14 E430.94496
G1 X126.639 Y121.939 E430.95903
G1 X127.062 Y121.644 E430.9719
G1 X127.38 Y121.294 E430.9837
G1 X127.664 Y120.76 E430.99878
G1 X127.785 Y120.256 E431.01171
G1 X127.8 Y120.006 E431.01796
G1 X127.8 Y115.8 E431.12288
G1 X127.8 Y104.2 E431.41224
G1 X127.8 Y99.994 E431.51716
G1 X127.74 Y99.488 E431.52987
G1 X127.54 Y98.963 E431.54389
G1 X127.244 Y98.538 E431.55681
G1 X126.894 Y98.22 E431.5686
G1 X126.495 Y97.99 E431.58009
G1 X126.054 Y97.848 E431.59165
G1 X125.606 Y97.8 E431.60289
G1 X113.594 Y97.8 E431.90253
G1 X113.088 Y97.86 E431.91524
G1 X112.563 Y98.06 E431.92925
G1 X112.138 Y98.356 E431.94217
G1 X111.82 Y98.706 E431.95397
G1 X111.536 Y99.24 E431.96906
G1 X111.415 Y99.744 E431.98198
G1 X111.4 Y99.994 E431.98823
G1 X111.4 Y103.9 E432.08567
G1 X111.4 Y116.1 E432.39
G1 X111.4 Y120.006 E432.48743
G1 X111.46 Y120.512 E432.50014
G1 X111.66 Y121.037 E432.51416
G1 X111.956 Y121.462 E432.52708
G1 X112.338 Y121.802 E432.53983
G1 X112.84 Y122.064 E432.55396
G0 F12000 X113.055 Y122.542
G1 F1800 X112.543 Y122.376 E432.56739
G1 X112.079 Y122.109 E432.58074
G1 X111.671 Y121.743 E432.59431
G1 X111.345 Y121.294 E432.608
G1 X111.126 Y120.798 E432.62121
G1 X111.014 Y120.271 E432.63448
G1 X110.991 Y119.81 E432.646
G1 X110.436 Y119.765 E432.65989
G1 X109.866 Y119.598 E432.67471
G1 X109.335 Y119.342 E432.68941
G1 X109.053 Y119.082 E432.69898
G1 X108.965 Y118.829 E432.70566
G1 X108.964 Y116.1 E432.77374
G1 X111 Y116.1 E432.82452
G1 X111 Y103.9 E433.12885
G1 X108.965 Y103.9 E433.17962
G1 X108.966 Y101.166 E433.24782
G1 X109.054 Y100.917 E433.2544
G1 X109.333 Y100.659 E433.26388
G1 X109.873 Y100.398 E433.27885
G1 X110.428 Y100.237 E433.29326
G1 X110.994 Y100.19 E433.30743
G1 X111.061 Y99.439 E433.32572
G1 X111.233 Y98.927 E433.33919
G1 X111.491 Y98.48 E433.35207
G1 X111.863 Y98.066 E433.36592
G1 X112.299 Y97.749 E433.3792
G1 X112.807 Y97.524 E433.39274
G1 X113.332 Y97.414 E433.40596
G1 X113.61 Y97.4 E433.4129
G1 X125.59 Y97.4 E433.71174
G1 X126.145 Y97.458 E433.72563
G1 X126.662 Y97.627 E433.73915
G1 X127.126 Y97.896 E433.75248
G1 X127.525 Y98.252 E433.76571
G1 X127.853 Y98.703 E433.77939
G1 X128.074 Y99.202 E433.79267
G1 X128.186 Y99.729 E433.80595
G1 X128.2 Y100.01 E433.81296
G1 X128.2 Y104.2 E433.91748
G1 X128.738 Y104.22 E433.93091
G1 X128.93 Y104.298 E433.93608
G1 X129.036 Y104.402 E433.93978
G1 X129.07 Y104.526 E433.94299
G1 X129.071 Y115.479 E434.21621
G1 X129.049 Y115.587 E434.21896
G1 X128.935 Y115.701 E434.22299
G1 X128.617 Y115.797 E434.23127
G1 X128.2 Y115.8 E434.24167
G1 X128.2 Y119.99 E434.34619
G1 X128.142 Y120.545 E434.35993
G1 X127.973 Y121.062 E434.3735
G1 X127.704 Y121.526 E434.38688
G1 X127.348 Y121.925 E434.40011
G1 X126.897 Y122.253 E434.41381
G1 X126.398 Y122.474 E434.4271
G1 X125.871 Y122.586 E434.44038
G1 X125.59 Y122.6 E434.44739
G1 X113.61 Y122.6 E434.74623
G1 X113.055 Y122.542 E434.75997
G1 F3900 E431.25997
G0 F12000 X113.075 Y122.445
G0 X111.926 Y121.489
G0 X111.009 Y119.582
G0 X110.179 Y118.639
G0 X110.289 Y118.529
;TYPE:SKIN
G1 F3900 E434.75997
G1 F3000 X110.196 Y118.34 E434.76612
G1 X110.135 Y117.269 E434.79745
G1 X109.993 Y117.128 E434.8033
G1 F3900 E431.3033
G0 F12000 X110.024 Y117.098
G0 X111.028 Y116.328
G0 X111.028 Y103.672
G0 X110.079 Y102.901
G0 X110.239 Y102.74
G1 F3900 E434.8033
G1 F3000 X110.182 Y102.515 E434.81135
G1 X110.182 Y101.666 E434.84078
G1 X110.099 Y101.466 E434.84829
G1 F3900 E431.34829
G0 F12000 X109.964 Y101.602
G0 X110.4 Y102.862
G1 F3900 E434.84829
G1 F3000 X110.362 Y102.901 E434.84897
G1 F3900 E431.34897
G1 F600 Z3.95
;MESH:NONMESH
G0 F12000 X110.362 Y102.901 Z3.95
G0 X108.04 Y105.94
;TIME_ELAPSED:598.239364
;LAYER:24
;MESH:filament_filter_idig3d.stl
G0 X108.04 Y105.94 Z4.1
G0 X108.144 Y105.94
;TYPE:FILL
G1 F600 Z3.9
G1 F3900 E434.84897
G1 F5400 X108.145 Y114.06 E435.09204
G1 X108.04 Y114.06 E435.09518
G1 X108.04 Y105.94 E435.33824
G1 X108.144 Y105.94 E435.34136
G1 F3900 E431.84136
G0 F12000 X107.6 Y114.5
;TYPE:WALL-INNER
G1 F3900 E435.34136
G1 F5400 X107.6 Y105.5 E435.56586
G1 X108.584 Y105.5 E435.59041
G1 X108.585 Y114.5 E435.81492
G1 X107.6 Y114.5 E435.83949
G0 F12000 X107.2 Y114.9
G1 F5400 X107.2 Y105.1 E436.08395
G1 X108.984 Y105.1 E436.12845
G1 X108.985 Y114.9 E436.37291
G1 X107.2 Y114.9 E436.41744
G1 F3900 E432.91744
G0 F12000 X106.826 Y120.257
G0 X106.47 Y121.231
G0 X105.846 Y121.842
G0 X104.586 Y122.499
G1 F3900 E436.41744
G0 F12000 X104.59 Y122.6
;TYPE:WALL-OUTER
G1 F1800 X92.61 Y122.6 E436.71628
G1 X92.055 Y122.542 E436.7302
G1 X91.538 Y122.373 E436.74377
G1 X91.068 Y122.1 E436.75733
G1 X90.671 Y121.743 E436.77065
G1 X90.346 Y121.295 E436.78445
G1 X90.126 Y120.798 E436.79801
G1 X90.014 Y120.271 E436.81145
G1 X90 Y119.99 E436.81847
G1 X90 Y115.066 E436.9413
G1 X90.4 Y115.07 E436.95128
G1 X90.4 Y120.006 E437.0744
G1 X90.475 Y120.568 E437.08838
G1 X90.662 Y121.041 E437.10078
G1 X90.957 Y121.463 E437.11341
G1 X91.337 Y121.801 E437.12591
G1 X91.844 Y122.065 E437.14017
G1 X92.345 Y122.185 E437.15284
G1 X92.594 Y122.2 E437.15906
G1 X104.606 Y122.2 E437.4587
G1 X105.168 Y122.125 E437.47284
G1 X105.641 Y121.938 E437.48553
G1 X106.063 Y121.643 E437.49838
G1 X106.437 Y121.209 E437.51267
G1 X106.665 Y120.756 E437.52532
G1 X106.787 Y120.249 E437.53833
G1 X106.8 Y119.964 E437.54544
G1 X106.8 Y115.3 E437.66179
G1 X106.8 Y104.7 E437.9262
G1 X106.8 Y99.98 E438.04395
G1 X106.725 Y99.432 E438.05774
G1 X106.538 Y98.959 E438.07043
G1 X106.243 Y98.537 E438.08327
G1 X105.809 Y98.163 E438.09757
G1 X105.356 Y97.935 E438.11022
G1 X104.855 Y97.815 E438.12307
G1 X104.606 Y97.8 E438.12929
G1 X92.594 Y97.8 E438.42893
G1 X92.032 Y97.875 E438.44307
G1 X91.559 Y98.062 E438.45576
G1 X91.137 Y98.358 E438.46862
G1 X90.763 Y98.791 E438.48289
G1 X90.535 Y99.244 E438.49554
G1 X90.415 Y99.745 E438.50839
G1 X90.4 Y99.994 E438.51462
G1 X90.4 Y104.929 E438.63772
G1 X90 Y104.938 E438.6477
G1 X90 Y100.01 E438.77002
G1 X90.059 Y99.452 E438.78382
G1 X90.227 Y98.938 E438.7972
G1 X90.496 Y98.474 E438.81058
G1 X90.863 Y98.066 E438.82427
G1 X91.303 Y97.747 E438.83766
G1 X91.802 Y97.526 E438.85099
G1 X92.329 Y97.414 E438.86426
G1 X92.61 Y97.4 E438.87127
G1 X104.59 Y97.4 E439.16899
G1 X105.145 Y97.458 E439.18273
G1 X105.662 Y97.627 E439.19619
G1 X106.126 Y97.896 E439.20957
G1 X106.525 Y98.252 E439.22291
G1 X106.853 Y98.703 E439.2366
G1 X107.074 Y99.202 E439.24993
G1 X107.187 Y99.731 E439.26325
G1 X107.2 Y100.024 E439.27055
G1 X107.2 Y104.7 E439.3872
G1 X109.384 Y104.7 E439.44168
G1 X109.385 Y115.3 E439.7061
G1 X107.2 Y115.3 E439.7606
G1 X107.2 Y120.004 E439.87788
G1 X107.144 Y120.539 E439.89112
G1 X106.973 Y121.062 E439.90473
G1 X106.704 Y121.526 E439.91811
G1 X106.348 Y121.925 E439.93145
G1 X105.897 Y122.253 E439.94515
G1 X105.398 Y122.474 E439.95848
G1 X104.871 Y122.586 E439.97175
G1 X104.59 Y122.6 E439.97876
G1 F3900 E436.47876
G1 F600 Z4.1
G0 F12000 X110.055 Y118.31 Z4.1
G1 F600 Z3.9
G0 F12000 X111.028 Y116.328
G0 X111.028 Y103.672
G0 X110.16 Y101.63
;TYPE:FILL
G1 F3900 E439.97876
G1 F5400 X110.16 Y102.66 E440.0096
G1 X110.055 Y102.66 E440.01274
G1 X110.056 Y101.691 E440.04174
G1 X110.16 Y101.63 E440.04535
G1 F3900 E436.54535
G0 F12000 X111.028 Y103.672
G0 X111.028 Y116.328
G0 X110.16 Y117.34
G1 F3900 E440.04535
G1 F5400 X110.16 Y118.362 E440.07595
G1 X110.055 Y118.31 E440.07945
G1 X110.054 Y117.34 E440.10849
G1 X110.16 Y117.34 E440.11166
G0 F12000 X110.6 Y116.9
;TYPE:WALL-INNER
G1 F5400 X110.6 Y118.972 E440.16335
G1 X110.167 Y118.856 E440.17453
G1 X109.705 Y118.63 E440.18736
G1 X109.615 Y118.563 E440.19016
G1 X109.614 Y116.9 E440.23164
G1 X110.6 Y116.9 E440.25624
G1 F3900 E436.75624
G0 F12000 X111.028 Y103.672
G0 X110.6 Y103.1
G1 F3900 E440.25624
G1 F5400 X109.615 Y103.1 E440.28081
G1 X109.616 Y101.439 E440.32224
G1 X109.992 Y101.219 E440.33311
G1 X110.6 Y101.028 E440.34901
G1 X110.6 Y103.1 E440.40069
G0 F12000 X111 Y103.5
G1 F5400 X109.215 Y103.5 E440.44522
G1 X109.216 Y101.336 E440.4992
G1 X109.248 Y101.24 E440.50173
G1 X109.417 Y101.075 E440.50762
G1 X109.827 Y100.853 E440.51925
G1 X110.24 Y100.695 E440.53028
G1 X110.655 Y100.608 E440.54086
G1 X111 Y100.59 E440.54948
G1 X111 Y103.5 E440.62207
G1 F3900 E437.12207
G0 F12000 X111 Y116.5
G1 F3900 E440.62207
G1 F5400 X111 Y119.409 E440.69463
G1 X110.469 Y119.363 E440.70793
G1 X110.02 Y119.229 E440.71961
G1 X109.497 Y118.973 E440.73414
G1 X109.304 Y118.831 E440.74012
G1 X109.215 Y118.695 E440.74417
G1 X109.214 Y116.5 E440.79893
G1 X111 Y116.5 E440.84348
G1 F3900 E437.34348
G0 F12000 X111.171 Y119.861
G0 X111.627 Y121.059
G0 X112.316 Y121.834
G0 X113.593 Y122.239
G0 X125.61 Y122.239
G0 X126.659 Y121.973
G0 X127.47 Y121.231
G0 X127.839 Y120.002
G0 X127.992 Y116.626
G0 X128.2 Y104.6
G1 F3900 E440.84348
G1 F5400 X128.795 Y104.628 E440.85834
G1 X128.795 Y115.383 E441.12662
G1 X128.2 Y115.4 E441.14147
G1 X128.2 Y104.6 E441.41088
G1 F3900 E437.91088
G0 F12000 X128.028 Y115.833
G0 X127.825 Y120.263
G0 X127.47 Y121.231
G0 X126.659 Y121.973
G0 X125.61 Y122.239
G0 X113.335 Y122.224
G1 F3900 E441.41088
G0 F12000 X112.844 Y122.065
;TYPE:WALL-OUTER
G1 F1800 X113.345 Y122.185 E441.42373
G1 X113.594 Y122.2 E441.42995
G1 X125.606 Y122.2 E441.72959
G1 X126.168 Y122.125 E441.74373
G1 X126.641 Y121.938 E441.75642
G1 X127.063 Y121.643 E441.76927
G1 X127.437 Y121.209 E441.78356
G1 X127.665 Y120.756 E441.79621
G1 X127.786 Y120.255 E441.80907
G1 X127.8 Y120.006 E441.81529
G1 X127.8 Y115.8 E441.92021
G1 X127.8 Y104.2 E442.20957
G1 X127.8 Y99.994 E442.31449
G1 X127.725 Y99.432 E442.32863
G1 X127.538 Y98.959 E442.34132
G1 X127.243 Y98.537 E442.35416
G1 X126.809 Y98.163 E442.36845
G1 X126.356 Y97.935 E442.3811
G1 X125.855 Y97.815 E442.39396
G1 X125.606 Y97.8 E442.40018
G1 X113.594 Y97.8 E442.69982
G1 X113.032 Y97.875 E442.71396
G1 X112.559 Y98.062 E442.72665
G1 X112.137 Y98.358 E442.73951
G1 X111.763 Y98.791 E442.75378
G1 X111.535 Y99.244 E442.76643
G1 X111.415 Y99.745 E442.77928
G1 X111.4 Y99.994 E442.7855
G1 X111.4 Y103.9 E442.88294
G1 X111.4 Y116.1 E443.18727
G1 X111.4 Y120.006 E443.28471
G1 X111.475 Y120.568 E443.29885
G1 X111.662 Y121.041 E443.31154
G1 X111.957 Y121.463 E443.32438
G1 X112.337 Y121.801 E443.33707
G1 X112.844 Y122.065 E443.35133
G0 F12000 X113.055 Y122.542
G1 F1800 X112.547 Y122.376 E443.36466
G1 X112.081 Y122.109 E443.37806
G1 X111.671 Y121.743 E443.39165
G1 X111.346 Y121.295 E443.40529
G1 X111.126 Y120.798 E443.41856
G1 X111.014 Y120.271 E443.43184
G1 X110.991 Y119.81 E443.44335
G1 X110.393 Y119.757 E443.45833
G1 X109.873 Y119.602 E443.47187
G1 X109.286 Y119.315 E443.48817
G1 X109.01 Y119.111 E443.49673
G1 X108.833 Y118.842 E443.50476
G1 X108.815 Y118.733 E443.50751
G1 X108.814 Y116.1 E443.5732
G1 X111 Y116.1 E443.62773
G1 X111 Y103.9 E443.93206
G1 X108.815 Y103.9 E443.98656
G1 X108.816 Y101.27 E444.05217
G1 X108.9 Y101.021 E444.05872
G1 X109.177 Y100.75 E444.06839
G1 X109.656 Y100.491 E444.08197
G1 X110.133 Y100.308 E444.09472
G1 X110.597 Y100.211 E444.10654
G1 X110.993 Y100.19 E444.11643
G1 X111.058 Y99.449 E444.13452
G1 X111.223 Y98.947 E444.1477
G1 X111.496 Y98.474 E444.16133
G1 X111.863 Y98.066 E444.17479
G1 X112.299 Y97.749 E444.18804
G1 X112.809 Y97.523 E444.20167
G1 X113.331 Y97.414 E444.21482
G1 X113.61 Y97.4 E444.22178
G1 X125.59 Y97.4 E444.52062
G1 X126.145 Y97.458 E444.53436
G1 X126.662 Y97.627 E444.54782
G1 X127.126 Y97.896 E444.5612
G1 X127.525 Y98.252 E444.57454
G1 X127.853 Y98.703 E444.58823
G1 X128.074 Y99.202 E444.60156
G1 X128.186 Y99.729 E444.61484
G1 X128.2 Y100.01 E444.62185
G1 X128.2 Y104.2 E444.72637
G1 X128.705 Y104.2 E444.73897
G1 X128.989 Y104.261 E444.74621
G1 X129.159 Y104.398 E444.75166
G1 X129.195 Y104.528 E444.75503
G1 X129.195 Y115.48 E445.02822
G1 X129.09 Y115.689 E445.03406
G1 X128.887 Y115.78 E445.03961
G1 X128.706 Y115.8 E445.04415
G1 X128.2 Y115.8 E445.05677
G1 X128.2 Y119.99 E445.16129
G1 X128.142 Y120.545 E445.17502
G1 X127.973 Y121.062 E445.18847
G1 X127.704 Y121.526 E445.20185
G1 X127.348 Y121.925 E445.21519
G1 X126.897 Y122.253 E445.22889
G1 X126.398 Y122.474 E445.24222
G1 X125.871 Y122.586 E445.2555
G1 X125.59 Y122.6 E445.26251
G1 X113.61 Y122.6 E445.56135
G1 X113.055 Y122.542 E445.57509
G1 F3900 E442.07509
G0 F12000 X113.075 Y122.445
G0 X125.61 Y122.239
G0 X126.659 Y121.973
G0 X127.47 Y121.231
G0 X127.839 Y120.002
G0 X128.014 Y115.749
G0 X128.441 Y115.147
;TYPE:SKIN
G1 F3900 E445.57509
G1 F3000 X128.496 Y114.919 E445.57802
G1 X128.496 Y105.02 E445.70176
G0 F12000 X128.4 Y104.921
G1 F3900 E442.20176
G1 F600 Z4.1
;MESH:NONMESH
G0 F12000 X128.4 Y104.921 Z4.1
G0 X108.04 Y105.94
;TIME_ELAPSED:614.589141
;LAYER:25
;MESH:filament_filter_idig3d.stl
G0 X108.04 Y105.94 Z4.25
G1 F600 Z4.05
G0 F12000 X108.295 Y114.06
;TYPE:FILL
G1 F3900 E445.70176
G1 F5400 X108.04 Y114.06 E445.7094
G1 X108.04 Y105.94 E445.95246
G1 X108.294 Y105.94 E445.96007
G1 X108.295 Y114.06 E446.20313
G0 F12000 X107.6 Y114.5
;TYPE:WALL-INNER
G1 F5400 X107.6 Y105.5 E446.42764
G1 X108.734 Y105.5 E446.45592
G1 X108.735 Y114.5 E446.68043
G1 X107.6 Y114.5 E446.70874
G0 F12000 X107.2 Y114.9
G1 F5400 X107.2 Y105.1 E446.95321
G1 X109.134 Y105.1 E447.00145
G1 X109.135 Y114.9 E447.24591
G1 X107.2 Y114.9 E447.29418
G1 F3900 E443.79418
G0 F12000 X106.826 Y120.253
G0 X106.473 Y121.226
G0 X105.814 Y121.858
G0 X104.586 Y122.499
G1 F3900 E447.29418
G0 F12000 X104.59 Y122.6
;TYPE:WALL-OUTER
G1 F1800 X92.61 Y122.6 E447.59302
G1 X92.055 Y122.542 E447.60694
G1 X91.538 Y122.373 E447.62051
G1 X91.068 Y122.1 E447.63407
G1 X90.671 Y121.743 E447.64739
G1 X90.346 Y121.295 E447.66119
G1 X90.126 Y120.798 E447.67475
G1 X90.014 Y120.271 E447.68819
G1 X90 Y119.99 E447.69521
G1 X90 Y115.165 E447.81557
G1 X90.4 Y115.17 E447.82555
G1 X90.4 Y120.006 E447.94617
G1 X90.459 Y120.507 E447.9586
G1 X90.632 Y120.983 E447.97092
G1 X90.957 Y121.463 E447.9851
G1 X91.335 Y121.8 E447.99754
G1 X91.849 Y122.067 E448.01199
G1 X92.347 Y122.185 E448.02457
G1 X92.594 Y122.2 E448.03074
G1 X104.606 Y122.2 E448.33038
G1 X105.107 Y122.141 E448.34297
G1 X105.584 Y121.968 E448.35562
G1 X106.063 Y121.643 E448.37006
G1 X106.44 Y121.204 E448.3845
G1 X106.667 Y120.751 E448.39714
G1 X106.787 Y120.248 E448.41004
G1 X106.8 Y119.983 E448.41666
G1 X106.8 Y115.3 E448.53347
G1 X106.8 Y104.7 E448.79789
G1 X106.8 Y99.978 E448.91568
G1 X106.741 Y99.493 E448.92787
G1 X106.568 Y99.017 E448.9405
G1 X106.243 Y98.537 E448.95496
G1 X105.804 Y98.16 E448.9694
G1 X105.351 Y97.933 E448.98204
G1 X104.853 Y97.815 E448.9948
G1 X104.606 Y97.8 E449.00098
G1 X92.594 Y97.8 E449.30062
G1 X92.093 Y97.859 E449.3132
G1 X91.617 Y98.032 E449.32584
G1 X91.196 Y98.309 E449.33841
G1 X90.821 Y98.705 E449.35201
G1 X90.59 Y99.106 E449.36356
G1 X90.448 Y99.546 E449.37509
G1 X90.4 Y99.994 E449.38633
G1 X90.4 Y104.833 E449.50704
G1 X90 Y104.839 E449.51702
G1 X90 Y100.01 E449.63687
G1 X90.059 Y99.45 E449.65084
G1 X90.227 Y98.938 E449.66424
G1 X90.496 Y98.474 E449.67751
G1 X90.863 Y98.066 E449.69099
G1 X91.303 Y97.747 E449.70428
G1 X91.802 Y97.526 E449.71758
G1 X92.329 Y97.414 E449.73086
G1 X92.61 Y97.4 E449.73787
G1 X104.59 Y97.4 E450.03559
G1 X105.145 Y97.458 E450.04933
G1 X105.662 Y97.627 E450.06278
G1 X106.126 Y97.896 E450.07616
G1 X106.525 Y98.252 E450.08949
G1 X106.853 Y98.703 E450.10313
G1 X107.074 Y99.202 E450.11643
G1 X107.187 Y99.738 E450.12992
G1 X107.2 Y100.026 E450.1371
G1 X107.2 Y104.7 E450.25369
G1 X109.534 Y104.7 E450.31191
G1 X109.535 Y115.3 E450.57633
G1 X107.2 Y115.3 E450.63458
G1 X107.2 Y120.007 E450.75194
G1 X107.144 Y120.538 E450.76507
G1 X106.973 Y121.062 E450.77871
G1 X106.704 Y121.526 E450.79208
G1 X106.348 Y121.925 E450.80542
G1 X105.897 Y122.253 E450.81906
G1 X105.398 Y122.474 E450.83236
G1 X104.871 Y122.586 E450.84564
G1 X104.59 Y122.6 E450.85265
G1 F3900 E447.35265
G1 F600 Z4.25
G0 F12000 X109.905 Y118.233 Z4.25
G1 F600 Z4.05
G0 F12000 X111.028 Y116.328
G0 X111.028 Y103.672
G0 X110.097 Y101.66
;TYPE:FILL
G1 F3900 E450.85265
G1 F5400 X110.16 Y101.635 E450.85468
G1 X110.16 Y102.66 E450.88536
G1 X109.905 Y102.66 E450.89299
G1 X109.905 Y101.782 E450.91927
G1 X110.097 Y101.66 E450.92608
G1 F3900 E447.42608
G0 F12000 X111.028 Y103.672
G0 X111.028 Y116.328
G0 X110.16 Y117.34
G1 F3900 E450.92608
G1 F5400 X110.16 Y118.362 E450.95668
G1 X109.927 Y118.248 E450.96444
G1 X109.905 Y118.233 E450.96524
G1 X109.904 Y117.34 E450.99197
G1 X110.16 Y117.34 E450.99963
G0 F12000 X110.6 Y116.9
;TYPE:WALL-INNER
G1 F5400 X110.6 Y118.974 E451.05137
G1 X110.16 Y118.852 E451.06276
G1 X109.703 Y118.629 E451.07544
G1 X109.465 Y118.458 E451.08275
G1 X109.464 Y116.9 E451.12162
G1 X110.6 Y116.9 E451.14995
G1 F3900 E447.64995
G0 F12000 X111.028 Y103.672
G0 X110.6 Y103.1
G1 F3900 E451.14995
G1 F5400 X109.465 Y103.1 E451.17827
G1 X109.465 Y101.539 E451.21721
G1 X109.894 Y101.267 E451.22988
G1 X110.372 Y101.075 E451.24273
G1 X110.6 Y101.028 E451.24853
G1 X110.6 Y103.1 E451.30022
G0 F12000 X111 Y103.5
G1 F5400 X109.065 Y103.5 E451.34849
G1 X109.065 Y101.449 E451.39965
G1 X109.1 Y101.338 E451.40256
G1 X109.27 Y101.169 E451.40853
G1 X109.72 Y100.906 E451.42154
G1 X110.256 Y100.69 E451.43595
G1 X110.661 Y100.607 E451.44626
G1 X111 Y100.59 E451.45473
G1 X111 Y103.5 E451.52732
G1 F3900 E448.02732
G0 F12000 X111 Y116.5
G1 F3900 E451.52732
G1 F5400 X111 Y119.409 E451.59989
G1 X110.502 Y119.368 E451.61235
G1 X110.014 Y119.226 E451.62503
G1 X109.499 Y118.975 E451.63932
G1 X109.149 Y118.724 E451.65007
G1 X109.065 Y118.582 E451.65418
G1 X109.064 Y116.5 E451.70612
G1 X111 Y116.5 E451.75441
G1 F3900 E448.25441
G0 F12000 X111.171 Y119.86
G0 X111.597 Y121.001
G0 X112.314 Y121.833
G0 X113.593 Y122.239
G0 X125.608 Y122.239
G0 X126.602 Y122.003
G0 X127.473 Y121.226
G0 X127.839 Y120.007
G0 X127.992 Y116.627
G0 X128.2 Y104.6
G1 F3900 E451.75441
G1 F5400 X128.812 Y104.6 E451.76968
G1 X128.876 Y104.614 E451.77131
G1 X128.876 Y115.39 E452.04012
G1 X128.831 Y115.4 E452.04127
G1 X128.2 Y115.4 E452.05701
G1 X128.2 Y104.6 E452.32642
G1 F3900 E448.82642
G0 F12000 X128.028 Y115.833
G0 X127.825 Y120.258
G0 X127.473 Y121.226
G0 X126.602 Y122.003
G0 X125.608 Y122.239
G0 X113.342 Y122.224
G1 F3900 E452.32642
G0 F12000 X112.849 Y122.067
;TYPE:WALL-OUTER
G1 F1800 X113.347 Y122.185 E452.33918
G1 X113.594 Y122.2 E452.34536
G1 X125.606 Y122.2 E452.645
G1 X126.107 Y122.141 E452.65758
G1 X126.584 Y121.968 E452.67024
G1 X127.063 Y121.643 E452.68468
G1 X127.44 Y121.204 E452.69911
G1 X127.667 Y120.751 E452.71175
G1 X127.786 Y120.253 E452.72452
G1 X127.8 Y120.006 E452.7307
G1 X127.8 Y115.8 E452.83561
G1 X127.8 Y104.2 E453.12498
G1 X127.8 Y99.994 E453.2299
G1 X127.741 Y99.493 E453.24248
G1 X127.568 Y99.017 E453.25511
G1 X127.243 Y98.537 E453.26957
G1 X126.804 Y98.16 E453.28401
G1 X126.351 Y97.933 E453.29665
G1 X125.853 Y97.815 E453.30942
G1 X125.606 Y97.8 E453.31559
G1 X113.594 Y97.8 E453.61523
G1 X113.093 Y97.859 E453.62781
G1 X112.617 Y98.032 E453.64045
G1 X112.196 Y98.309 E453.65302
G1 X111.821 Y98.705 E453.66662
G1 X111.59 Y99.106 E453.67817
G1 X111.448 Y99.546 E453.6897
G1 X111.4 Y99.994 E453.70094
G1 X111.4 Y103.9 E453.79837
G1 X111.4 Y116.1 E454.1027
G1 X111.4 Y120.006 E454.20014
G1 X111.459 Y120.507 E454.21272
G1 X111.632 Y120.983 E454.22536
G1 X111.957 Y121.463 E454.23982
G1 X112.335 Y121.8 E454.25245
G1 X112.849 Y122.067 E454.2669
G0 F12000 X113.055 Y122.542
G1 F1800 X112.547 Y122.376 E454.28023
G1 X112.081 Y122.109 E454.29363
G1 X111.671 Y121.743 E454.30729
G1 X111.346 Y121.295 E454.32087
G1 X111.126 Y120.798 E454.33411
G1 X111.014 Y120.271 E454.34739
G1 X110.991 Y119.81 E454.3589
G1 X110.431 Y119.764 E454.37292
G1 X109.873 Y119.602 E454.38741
G1 X109.291 Y119.318 E454.40357
G1 X108.852 Y119.004 E454.41703
G1 X108.685 Y118.74 E454.42482
G1 X108.665 Y118.611 E454.42808
G1 X108.664 Y116.1 E454.49072
G1 X111 Y116.1 E454.54899
G1 X111 Y103.9 E454.85332
G1 X108.665 Y103.9 E454.91156
G1 X108.665 Y101.388 E454.97423
G1 X108.749 Y101.123 E454.98116
G1 X109.023 Y100.851 E454.99079
G1 X109.543 Y100.546 E455.00583
G1 X110.142 Y100.305 E455.02194
G1 X110.607 Y100.21 E455.03377
G1 X110.994 Y100.19 E455.04344
G1 X111.06 Y99.443 E455.06183
G1 X111.232 Y98.927 E455.07532
G1 X111.507 Y98.459 E455.08881
G1 X111.863 Y98.066 E455.10188
G1 X112.306 Y97.745 E455.11528
G1 X112.809 Y97.523 E455.12869
G1 X113.331 Y97.414 E455.14184
G1 X113.61 Y97.4 E455.1488
G1 X125.59 Y97.4 E455.44764
G1 X126.145 Y97.458 E455.46138
G1 X126.662 Y97.627 E455.47483
G1 X127.126 Y97.896 E455.48821
G1 X127.525 Y98.252 E455.50155
G1 X127.853 Y98.703 E455.51519
G1 X128.074 Y99.202 E455.52848
G1 X128.186 Y99.729 E455.54176
G1 X128.2 Y100.01 E455.54877
G1 X128.2 Y104.2 E455.65329
G1 X128.853 Y104.2 E455.66958
G1 X129.088 Y104.25 E455.67557
G1 X129.244 Y104.388 E455.68077
G1 X129.276 Y104.522 E455.68421
G1 X129.276 Y115.481 E455.95758
G1 X129.187 Y115.69 E455.96325
G1 X128.971 Y115.786 E455.96914
G1 X128.854 Y115.8 E455.97208
G1 X128.2 Y115.8 E455.9884
G1 X128.2 Y119.99 E456.09292
G1 X128.142 Y120.545 E456.10664
G1 X127.973 Y121.062 E456.12009
G1 X127.704 Y121.526 E456.13347
G1 X127.348 Y121.925 E456.14681
G1 X126.897 Y122.253 E456.16044
G1 X126.398 Y122.474 E456.17374
G1 X125.871 Y122.586 E456.18702
G1 X125.59 Y122.6 E456.19403
G1 X113.61 Y122.6 E456.49287
G1 X113.055 Y122.542 E456.50661
G1 F3900 E453.00661
G0 F12000 X113.075 Y122.445
G0 X125.986 Y122.195
G0 X127.089 Y121.672
G0 X127.704 Y120.764
G0 X128.015 Y115.772
G0 X128.536 Y114.99
;TYPE:SKIN
G1 F3900 E456.50661
G1 F3000 X128.536 Y114.707 E456.51166
G1 X128.536 Y105.09 E456.68347
G1 X128.472 Y104.872 E456.68752
G1 F3900 E453.18752
G0 F12000 X128.398 Y104.946
G0 X128.675 Y115.134
G1 F3900 E456.68752
G1 F3000 X128.609 Y115.201 E456.6887
G0 F12000 X128.609 Y115.2
G1 F3900 E453.1887
G1 F600 Z4.25
;MESH:NONMESH
G0 F12000 X128.609 Y115.2 Z4.25
G0 X108.04 Y107.216
;TIME_ELAPSED:631.119544
;LAYER:26
;MESH:filament_filter_idig3d.stl
G0 X108.04 Y107.216 Z4.4
G1 F600 Z4.2
G0 F12000 X108.04 Y112.784
;TYPE:FILL
G1 F3900 E456.6887
G1 F5400 X108.04 Y107.216 E456.85537
G1 X108.444 Y107.359 E456.8682
G1 X108.445 Y112.626 E457.02586
G1 X108.04 Y112.784 E457.03887
G1 F3900 E453.53887
G0 F12000 X107.6 Y114.5
;TYPE:WALL-INNER
G1 F3900 E457.03887
G1 F5400 X107.6 Y105.5 E457.26338
G1 X108.884 Y105.5 E457.29541
G1 X108.885 Y114.5 E457.51992
G1 X107.6 Y114.5 E457.55197
G0 F12000 X107.2 Y114.9
G1 F5400 X107.2 Y105.1 E457.79643
G1 X109.284 Y105.1 E457.84842
G1 X109.285 Y114.9 E458.09288
G1 X107.2 Y114.9 E458.14489
G1 F3900 E454.64489
G0 F12000 X106.802 Y120.402
G0 X106.412 Y121.317
G0 X104.586 Y122.499
G1 F3900 E458.14489
G0 F12000 X104.59 Y122.6
;TYPE:WALL-OUTER
G1 F1800 X92.61 Y122.6 E458.44373
G1 X92.055 Y122.542 E458.45765
G1 X91.538 Y122.373 E458.47122
G1 X91.068 Y122.1 E458.48478
G1 X90.671 Y121.743 E458.4981
G1 X90.345 Y121.294 E458.51194
G1 X90.126 Y120.798 E458.52546
G1 X90.014 Y120.271 E458.5389
G1 X90 Y119.99 E458.54592
G1 X90 Y115.264 E458.66381
G1 X90.4 Y115.265 E458.67379
G1 X90.4 Y120.006 E458.79205
G1 X90.457 Y120.504 E458.80438
G1 X90.665 Y121.046 E458.81854
G1 X90.959 Y121.465 E458.8311
G1 X91.307 Y121.78 E458.84272
G1 X91.706 Y122.01 E458.85418
G1 X92.147 Y122.153 E458.86571
G1 X92.594 Y122.2 E458.87691
G1 X104.606 Y122.2 E459.17655
G1 X105.104 Y122.143 E459.18905
G1 X105.647 Y121.935 E459.20356
G1 X106.065 Y121.641 E459.2163
G1 X106.38 Y121.294 E459.22799
G1 X106.61 Y120.894 E459.2395
G1 X106.763 Y120.396 E459.2525
G1 X106.8 Y119.952 E459.26361
G1 X106.8 Y115.3 E459.37966
G1 X106.8 Y104.7 E459.64408
G1 X106.8 Y99.976 E459.76192
G1 X106.743 Y99.498 E459.77393
G1 X106.535 Y98.954 E459.78845
G1 X106.241 Y98.535 E459.80122
G1 X105.894 Y98.22 E459.81291
G1 X105.495 Y97.99 E459.8244
G1 X105.053 Y97.847 E459.83599
G1 X104.606 Y97.8 E459.8472
G1 X92.594 Y97.8 E460.14684
G1 X92.096 Y97.857 E460.15935
G1 X91.554 Y98.065 E460.17383
G1 X91.137 Y98.358 E460.18654
G1 X90.82 Y98.706 E460.19828
G1 X90.59 Y99.106 E460.20979
G1 X90.447 Y99.547 E460.22136
G1 X90.4 Y99.994 E460.23257
G1 X90.4 Y104.736 E460.35086
G1 X90 Y104.74 E460.36084
G1 X90 Y100.01 E460.47824
G1 X90.059 Y99.45 E460.49216
G1 X90.227 Y98.938 E460.50551
G1 X90.496 Y98.474 E460.51879
G1 X90.864 Y98.065 E460.53242
G1 X91.303 Y97.747 E460.54578
G1 X91.802 Y97.526 E460.55905
G1 X92.329 Y97.414 E460.57232
G1 X92.61 Y97.4 E460.57933
G1 X104.59 Y97.4 E460.87705
G1 X105.145 Y97.458 E460.89091
G1 X105.662 Y97.627 E460.90444
G1 X106.126 Y97.896 E460.91778
G1 X106.525 Y98.252 E460.93101
G1 X106.853 Y98.703 E460.9447
G1 X107.074 Y99.202 E460.95798
G1 X107.189 Y99.756 E460.97189
G1 X107.2 Y100.08 E460.97995
G1 X107.2 Y104.7 E461.0952
G1 X109.684 Y104.7 E461.15716
G1 X109.685 Y115.3 E461.42158
G1 X107.2 Y115.3 E461.48357
G1 X107.2 Y120.01 E461.60106
G1 X107.144 Y120.538 E461.61423
G1 X106.973 Y121.062 E461.62787
G1 X106.704 Y121.526 E461.6412
G1 X106.348 Y121.925 E461.65443
G1 X105.897 Y122.253 E461.66812
G1 X105.398 Y122.474 E461.6814
G1 X104.871 Y122.586 E461.69467
G1 X104.59 Y122.6 E461.70168
G1 F3900 E458.20168
G1 F600 Z4.4
G0 F12000 X90.527 Y114.851 Z4.4
;TYPE:SKIN
G1 F600 Z4.2
G1 F3900 E461.70168
G1 F3000 X90.527 Y114.568 E461.70431
G1 X90.527 Y105.234 E461.79116
G1 X90.562 Y104.987 E461.79348
G1 F3900 E458.29348
G1 F600 Z4.4
G0 F12000 X107.99 Y105.89 Z4.4
;TYPE:SKIN
G1 F600 Z4.2
G1 F3900 E461.79348
G1 F3000 X108.494 Y105.89 E461.80605
G1 X108.494 Y106.922 E461.83179
G1 X107.99 Y106.744 E461.84513
G1 X107.99 Y105.89 E461.86643
G1 F3900 E458.36643
G0 F12000 X108.495 Y113.069
G1 F3900 E461.86643
G1 F3000 X108.495 Y114.11 E461.8924
G1 X107.99 Y114.11 E461.905
G1 X107.99 Y113.265 E461.92607
G1 X108.495 Y113.069 E461.93959
G1 F3900 E458.43959
G1 F600 Z4.4
G0 F12000 X108.495 Y113.069 Z4.4
G0 X109.754 Y117.34
G1 F600 Z4.2
G0 F12000 X111.028 Y116.328
G0 X111.028 Y103.672
G0 X110.16 Y102.66
;TYPE:FILL
G1 F3900 E461.93959
G1 F5400 X109.755 Y102.66 E461.95171
G1 X109.755 Y101.87 E461.97536
G1 X109.919 Y101.753 E461.98139
G1 X110.16 Y101.636 E461.98941
G1 X110.16 Y102.66 E462.02006
G1 F3900 E458.52006
G0 F12000 X111.028 Y103.672
G0 X111.028 Y116.328
G0 X110.16 Y117.34
G1 F3900 E462.02006
G1 F5400 X110.16 Y118.361 E462.05062
G1 X109.905 Y118.237 E462.05911
G1 X109.755 Y118.129 E462.06464
G1 X109.754 Y117.34 E462.08826
G1 X110.16 Y117.34 E462.10042
G0 F12000 X110.6 Y116.9
;TYPE:WALL-INNER
G1 F5400 X110.6 Y118.973 E462.15213
G1 X110.17 Y118.856 E462.16324
G1 X109.684 Y118.619 E462.17673
G1 X109.315 Y118.353 E462.18808
G1 X109.314 Y116.9 E462.22432
G1 X110.6 Y116.9 E462.2564
G1 F3900 E458.7564
G0 F12000 X111.028 Y103.672
G0 X110.6 Y103.1
G1 F3900 E462.2564
G1 F5400 X109.315 Y103.1 E462.28846
G1 X109.315 Y101.646 E462.32473
G1 X109.696 Y101.372 E462.33643
G1 X110.162 Y101.147 E462.34934
G1 X110.6 Y101.027 E462.36067
G1 X110.6 Y103.1 E462.41238
G0 F12000 X111 Y103.5
G1 F5400 X108.915 Y103.5 E462.46439
G1 X108.915 Y101.571 E462.51251
G1 X108.952 Y101.448 E462.51572
G1 X109.116 Y101.273 E462.5217
G1 X109.5 Y101.023 E462.53313
G1 X110.021 Y100.771 E462.54757
G1 X110.48 Y100.635 E462.55951
G1 X111 Y100.591 E462.57252
G1 X111 Y103.5 E462.64509
G1 F3900 E459.14509
G0 F12000 X111 Y116.5
G1 F3900 E462.64509
G1 F5400 X111 Y119.409 E462.71766
G1 X110.467 Y119.363 E462.731
G1 X110.022 Y119.229 E462.74259
G1 X109.486 Y118.968 E462.75746
G1 X109.113 Y118.724 E462.76858
G1 X108.951 Y118.55 E462.77451
G1 X108.915 Y118.429 E462.77766
G1 X108.914 Y116.5 E462.82578
G1 X111 Y116.5 E462.87782
G1 F3900 E459.37782
G0 F12000 X111.171 Y119.86
G0 X111.63 Y121.064
G0 X112.284 Y121.812
G0 X113.138 Y122.192
G0 X125.608 Y122.239
G0 X126.665 Y121.97
G0 X127.412 Y121.317
G0 X127.792 Y120.462
G0 X128.004 Y116.296
G0 X128.2 Y104.6
G1 F3900 E462.87782
G1 F5400 X128.915 Y104.6 E462.89565
G1 X128.936 Y104.607 E462.89621
G1 X128.936 Y115.4 E463.16544
G1 X128.2 Y115.4 E463.1838
G1 X128.2 Y104.6 E463.4532
G1 F3900 E459.9532
G0 F12000 X128.028 Y115.833
G0 X127.792 Y120.462
G0 X127.412 Y121.317
G0 X126.665 Y121.97
G0 X125.828 Y122.213
G0 X113.126 Y122.25
G1 F3900 E463.4532
G0 F12000 X113.147 Y122.153
;TYPE:WALL-OUTER
G1 F1800 X113.594 Y122.2 E463.46442
G1 X125.606 Y122.2 E463.76406
G1 X126.104 Y122.143 E463.77656
G1 X126.647 Y121.935 E463.79107
G1 X127.065 Y121.641 E463.80381
G1 X127.38 Y121.294 E463.8155
G1 X127.61 Y120.894 E463.82701
G1 X127.753 Y120.453 E463.83858
G1 X127.8 Y120.006 E463.84979
G1 X127.8 Y115.8 E463.95471
G1 X127.8 Y104.2 E464.24407
G1 X127.8 Y99.994 E464.34899
G1 X127.743 Y99.498 E464.36145
G1 X127.535 Y98.954 E464.37597
G1 X127.241 Y98.535 E464.38874
G1 X126.894 Y98.22 E464.40043
G1 X126.495 Y97.99 E464.41192
G1 X126.053 Y97.847 E464.42351
G1 X125.606 Y97.8 E464.43472
G1 X113.594 Y97.8 E464.73436
G1 X113.096 Y97.857 E464.74687
G1 X112.554 Y98.065 E464.76135
G1 X112.137 Y98.358 E464.77406
G1 X111.82 Y98.706 E464.7858
G1 X111.59 Y99.106 E464.79731
G1 X111.447 Y99.547 E464.80888
G1 X111.4 Y99.994 E464.82009
G1 X111.4 Y103.9 E464.91753
G1 X111.4 Y116.1 E465.22186
G1 X111.4 Y120.006 E465.31929
G1 X111.457 Y120.504 E465.3318
G1 X111.665 Y121.046 E465.34628
G1 X111.959 Y121.465 E465.35905
G1 X112.307 Y121.78 E465.37075
G1 X112.706 Y122.01 E465.38224
G1 X113.147 Y122.153 E465.39381
G0 F12000 X113.055 Y122.542
G1 F1800 X112.547 Y122.376 E465.40711
G1 X112.074 Y122.105 E465.42068
G1 X111.671 Y121.743 E465.43416
G1 X111.345 Y121.294 E465.44786
G1 X111.126 Y120.798 E465.46106
G1 X111.014 Y120.271 E465.47433
G1 X110.991 Y119.81 E465.48584
G1 X110.39 Y119.757 E465.50089
G1 X109.874 Y119.602 E465.51433
G1 X109.288 Y119.317 E465.53059
G1 X108.854 Y119.033 E465.54353
G1 X108.595 Y118.754 E465.55302
G1 X108.515 Y118.488 E465.55995
G1 X108.514 Y116.1 E465.61952
G1 X111 Y116.1 E465.68153
G1 X111 Y103.9 E465.98586
G1 X108.515 Y103.9 E466.04785
G1 X108.515 Y101.511 E466.10745
G1 X108.596 Y101.244 E466.11441
G1 X108.857 Y100.965 E466.12394
G1 X109.304 Y100.674 E466.13724
G1 X109.875 Y100.398 E466.15306
G1 X110.409 Y100.239 E466.16696
G1 X110.993 Y100.19 E466.18158
G1 X111.06 Y99.444 E466.19995
G1 X111.231 Y98.93 E466.21336
G1 X111.506 Y98.459 E466.22694
G1 X111.864 Y98.065 E466.24019
G1 X112.306 Y97.745 E466.25366
G1 X112.809 Y97.523 E466.26706
G1 X113.331 Y97.414 E466.2802
G1 X113.61 Y97.4 E466.28716
G1 X125.59 Y97.4 E466.586
G1 X126.145 Y97.458 E466.59991
G1 X126.662 Y97.627 E466.61344
G1 X127.126 Y97.896 E466.62678
G1 X127.525 Y98.252 E466.64001
G1 X127.853 Y98.703 E466.6537
G1 X128.074 Y99.202 E466.66698
G1 X128.186 Y99.729 E466.68025
G1 X128.2 Y100.01 E466.68726
G1 X128.2 Y104.2 E466.79178
G1 X128.979 Y104.2 E466.81121
G1 X129.229 Y104.282 E466.81777
G1 X129.306 Y104.383 E466.82094
G1 X129.336 Y104.52 E466.82444
G1 X129.336 Y115.485 E467.09796
G1 X129.254 Y115.693 E467.10354
G1 X129.145 Y115.768 E467.10684
G1 X128.971 Y115.8 E467.11125
G1 X128.2 Y115.8 E467.13049
G1 X128.2 Y119.99 E467.23501
G1 X128.142 Y120.545 E467.24891
G1 X127.973 Y121.062 E467.26245
G1 X127.704 Y121.526 E467.27578
G1 X127.348 Y121.925 E467.28901
G1 X126.897 Y122.253 E467.3027
G1 X126.398 Y122.474 E467.31598
G1 X125.871 Y122.586 E467.32925
G1 X125.59 Y122.6 E467.33626
G1 X113.61 Y122.6 E467.6351
G1 X113.055 Y122.542 E467.649
G1 F3900 E464.149
G0 F12000 X113.075 Y122.445
G0 X125.608 Y122.239
G0 X126.665 Y121.97
G0 X127.412 Y121.317
G0 X127.792 Y120.462
G0 X128.009 Y115.795
G0 X128.445 Y115.152
;TYPE:SKIN
G1 F3900 E467.649
G1 F3000 X128.566 Y114.99 E467.65331
G1 X128.566 Y105.09 E467.86421
G1 X128.646 Y104.887 E467.86886
G0 F12000 X128.557 Y104.8
G1 F3900 E464.36886
G1 F600 Z4.4
;MESH:NONMESH
G0 F12000 X128.557 Y104.8 Z4.4
G0 X108.04 Y107.352
;TIME_ELAPSED:648.764560
;LAYER:27
;MESH:filament_filter_idig3d.stl
G0 X108.04 Y107.352 Z4.55
G0 X108.595 Y107.537
;TYPE:FILL
G1 F600 Z4.35
G1 F3900 E467.86886
G1 F5400 X108.594 Y112.471 E468.01655
G1 X108.32 Y112.54 E468.02501
G1 X108.076 Y112.632 E468.03282
G1 X108.04 Y112.649 E468.03401
G1 X108.04 Y107.352 E468.19257
G1 X108.07 Y107.366 E468.19356
G1 X108.298 Y107.451 E468.20084
G1 X108.595 Y107.537 E468.2101
G1 F3900 E464.7101
G0 F12000 X107.6 Y114.5
;TYPE:WALL-INNER
G1 F3900 E468.2101
G1 F5400 X107.6 Y105.5 E468.43461
G1 X108.139 Y105.501 E468.44805
G1 X108.718 Y105.626 E468.46283
G1 X109.035 Y105.626 E468.47073
G1 X109.034 Y114.374 E468.68895
G1 X108.718 Y114.374 E468.69684
G1 X108.136 Y114.5 E468.71169
G1 X107.6 Y114.5 E468.72506
G0 F12000 X107.2 Y114.9
G1 F5400 X107.2 Y105.1 E468.96952
G1 X108.181 Y105.101 E468.99399
G1 X108.761 Y105.226 E469.00879
G1 X109.435 Y105.226 E469.02561
G1 X109.434 Y114.774 E469.26378
G1 X108.761 Y114.774 E469.28057
G1 X108.179 Y114.9 E469.29543
G1 X107.2 Y114.9 E469.31985
G1 F3900 E465.81985
G0 F12000 X106.826 Y120.252
G0 X106.48 Y121.214
G0 X105.852 Y121.838
G0 X104.586 Y122.499
G1 F3900 E469.31985
G0 F12000 X104.59 Y122.6
;TYPE:WALL-OUTER
G1 F1800 X92.61 Y122.6 E469.61869
G1 X92.055 Y122.542 E469.63261
G1 X91.538 Y122.373 E469.64618
G1 X91.068 Y122.1 E469.65974
G1 X90.671 Y121.743 E469.67305
G1 X90.346 Y121.295 E469.68686
G1 X90.126 Y120.798 E469.70042
G1 X90.014 Y120.271 E469.71386
G1 X90 Y119.99 E469.72088
G1 X90 Y115.355 E469.8365
G1 X90.4 Y115.355 E469.84648
G1 X90.4 Y120.006 E469.96249
G1 X90.458 Y120.502 E469.97478
G1 X90.667 Y121.048 E469.98907
G1 X90.959 Y121.465 E470.00158
G1 X91.332 Y121.798 E470.01386
G1 X91.856 Y122.069 E470.02858
G1 X92.349 Y122.185 E470.04103
G1 X92.594 Y122.2 E470.04715
G1 X104.606 Y122.2 E470.34679
G1 X105.102 Y122.142 E470.35925
G1 X105.65 Y121.933 E470.37388
G1 X106.065 Y121.641 E470.38653
G1 X106.447 Y121.193 E470.40122
G1 X106.669 Y120.744 E470.41372
G1 X106.787 Y120.247 E470.42646
G1 X106.8 Y119.945 E470.434
G1 X106.8 Y115.3 E470.54987
G1 X106.8 Y104.7 E470.81429
G1 X106.8 Y99.975 E470.93215
G1 X106.742 Y99.498 E470.94414
G1 X106.533 Y98.952 E470.95872
G1 X106.241 Y98.535 E470.97142
G1 X105.793 Y98.153 E470.98611
G1 X105.344 Y97.931 E470.9986
G1 X104.851 Y97.815 E471.01124
G1 X104.606 Y97.8 E471.01736
G1 X92.594 Y97.8 E471.317
G1 X92.098 Y97.858 E471.32946
G1 X91.552 Y98.067 E471.34404
G1 X91.136 Y98.358 E471.3567
G1 X90.753 Y98.807 E471.37143
G1 X90.531 Y99.256 E471.38392
G1 X90.415 Y99.749 E471.39655
G1 X90.4 Y99.994 E471.40268
G1 X90.4 Y104.645 E471.5187
G1 X90 Y104.644 E471.52868
G1 X90 Y100.01 E471.64369
G1 X90.059 Y99.451 E471.65752
G1 X90.227 Y98.938 E471.67086
G1 X90.496 Y98.474 E471.68424
G1 X90.863 Y98.066 E471.69793
G1 X91.303 Y97.747 E471.71132
G1 X91.802 Y97.526 E471.72463
G1 X92.329 Y97.414 E471.73791
G1 X92.61 Y97.4 E471.74492
G1 X104.59 Y97.4 E472.04264
G1 X105.145 Y97.458 E472.05638
G1 X105.662 Y97.627 E472.06982
G1 X106.126 Y97.896 E472.08319
G1 X106.525 Y98.252 E472.09653
G1 X106.853 Y98.703 E472.11026
G1 X107.074 Y99.202 E472.12356
G1 X107.189 Y99.758 E472.13751
G1 X107.2 Y100.089 E472.14574
G1 X107.2 Y104.7 E472.26076
G1 X108.223 Y104.701 E472.28628
G1 X108.804 Y104.826 E472.30111
G1 X109.396 Y104.826 E472.31588
G1 X109.835 Y104.739 E472.32704
G1 X109.834 Y115.26 E472.58949
G1 X109.396 Y115.174 E472.60062
G1 X108.804 Y115.174 E472.61539
G1 X108.221 Y115.3 E472.63027
G1 X107.2 Y115.3 E472.65574
G1 X107.199 Y120.046 E472.77407
G1 X107.144 Y120.538 E472.78624
G1 X106.973 Y121.062 E472.79986
G1 X106.704 Y121.526 E472.81324
G1 X106.348 Y121.925 E472.82658
G1 X105.897 Y122.253 E472.84027
G1 X105.398 Y122.474 E472.85356
G1 X104.871 Y122.586 E472.86684
G1 X104.59 Y122.6 E472.87385
G1 F3900 E469.37385
G1 F600 Z4.55
G0 F12000 X90.543 Y115.083 Z4.55
;TYPE:SKIN
G1 F600 Z4.35
G1 F3900 E472.87385
G1 F3000 X90.451 Y114.891 E472.87783
G1 X90.443 Y104.999 E473.06286
G1 F3900 E469.56286
G1 F600 Z4.55
G0 F12000 X107.99 Y105.891 Z4.55
;TYPE:SKIN
G1 F600 Z4.35
G1 F3900 E473.06286
G1 F3000 X108.098 Y105.891 E473.06556
G1 X108.645 Y106.009 E473.07952
G1 X108.645 Y107.104 E473.10683
G1 X107.99 Y106.855 E473.12431
G1 X107.99 Y105.891 E473.14836
G1 F3900 E469.64836
G0 F12000 X108.644 Y112.901
G1 F3900 E473.14836
G1 F3000 X108.644 Y113.991 E473.17555
G1 X108.095 Y114.11 E473.18956
G1 X107.99 Y114.11 E473.19218
G1 X107.99 Y113.145 E473.21625
G1 X108.457 Y112.947 E473.22891
G1 X108.644 Y112.901 E473.23371
G1 F3900 E469.73371
G1 F600 Z4.55
G0 F12000 X108.644 Y112.901 Z4.55
G0 X109.604 Y117.34
G1 F600 Z4.35
G0 F12000 X111.028 Y116.328
G0 X111.028 Y103.672
G0 X109.604 Y101.966
;TYPE:FILL
G1 F3900 E473.23371
G1 F5400 X110.16 Y101.635 E473.25308
G1 X110.16 Y102.66 E473.28376
G1 X109.605 Y102.66 E473.30037
G1 X109.604 Y101.966 E473.32115
G1 F3900 E469.82115
G0 F12000 X111.028 Y103.672
G0 X111.028 Y116.328
G0 X109.604 Y117.34
G1 F3900 E473.32115
G1 F5400 X110.16 Y117.34 E473.33779
G1 X110.16 Y118.361 E473.36835
G1 X109.915 Y118.244 E473.37648
G1 X109.605 Y118.038 E473.38762
G1 X109.604 Y117.34 E473.40852
G0 F12000 X109.164 Y116.9
;TYPE:WALL-INNER
G1 F5400 X110.6 Y116.9 E473.44434
G1 X110.6 Y118.976 E473.49612
G1 X110.187 Y118.861 E473.50682
G1 X109.697 Y118.628 E473.52035
G1 X109.266 Y118.342 E473.53326
G1 X109.165 Y118.229 E473.53704
G1 X109.164 Y116.9 E473.57019
G1 F3900 E470.07019
G0 F12000 X111.028 Y116.328
G0 X111.028 Y103.672
G0 X109.165 Y103.1
G1 F3900 E473.57019
G1 F5400 X109.164 Y101.771 E473.60334
G1 X109.275 Y101.65 E473.60744
G1 X110.018 Y101.208 E473.629
G1 X110.6 Y101.029 E473.64419
G1 X110.6 Y103.1 E473.69585
G1 X109.165 Y103.1 E473.73165
G0 F12000 X108.765 Y103.5
G1 F5400 X108.764 Y101.698 E473.7766
G1 X108.801 Y101.575 E473.77981
G1 X109.013 Y101.344 E473.78763
G1 X109.375 Y101.098 E473.79854
G1 X109.853 Y100.843 E473.81206
G1 X110.251 Y100.692 E473.82268
G1 X110.662 Y100.607 E473.83315
G1 X111 Y100.59 E473.84159
G1 X111 Y103.5 E473.91418
G1 X108.765 Y103.5 E473.96993
G1 F3900 E470.46993
G0 F12000 X111.028 Y103.672
G0 X111.028 Y116.328
G0 X108.764 Y116.5
G1 F3900 E473.96993
G1 F5400 X111 Y116.5 E474.02571
G1 X111 Y119.409 E474.09827
G1 X110.511 Y119.37 E474.11051
G1 X110.048 Y119.238 E474.12252
G1 X109.501 Y118.977 E474.13764
G1 X109.002 Y118.646 E474.15258
G1 X108.799 Y118.421 E474.16014
G1 X108.765 Y118.307 E474.1631
G1 X108.764 Y116.5 E474.20818
G1 F3900 E470.70818
G0 F12000 X111.028 Y116.328
G0 X111.172 Y100.146
G0 X111.494 Y99.243
G0 X112.11 Y98.329
G0 X113.259 Y97.8
G0 X125.856 Y97.776
G0 X126.814 Y98.12
G0 X127.568 Y98.934
G0 X128.2 Y104.6
G1 F3900 E474.20818
G1 F5400 X128.976 Y104.6 E474.22754
G1 X128.977 Y115.4 E474.49694
G1 X128.2 Y115.4 E474.51633
G1 X128.2 Y104.6 E474.78573
G1 F3900 E471.28573
G0 F12000 X128.028 Y115.833
G0 X127.825 Y120.256
G0 X127.48 Y121.215
G0 X126.668 Y121.968
G0 X113.593 Y122.239
G1 F3900 E474.78573
G0 F12000 X112.856 Y122.069
;TYPE:WALL-OUTER
G1 F1800 X113.349 Y122.185 E474.79837
G1 X113.594 Y122.2 E474.80449
G1 X125.606 Y122.2 E475.10413
G1 X126.102 Y122.142 E475.11659
G1 X126.65 Y121.933 E475.13122
G1 X127.065 Y121.641 E475.14388
G1 X127.447 Y121.193 E475.15856
G1 X127.669 Y120.744 E475.17106
G1 X127.786 Y120.251 E475.1837
G1 X127.8 Y120.006 E475.18982
G1 X127.8 Y115.8 E475.29474
G1 X127.8 Y104.2 E475.5841
G1 X127.8 Y99.994 E475.68902
G1 X127.743 Y99.502 E475.70137
G1 X127.533 Y98.952 E475.71606
G1 X127.241 Y98.535 E475.72876
G1 X126.793 Y98.153 E475.74345
G1 X126.344 Y97.931 E475.75594
G1 X125.851 Y97.815 E475.76857
G1 X125.606 Y97.8 E475.7747
G1 X113.594 Y97.8 E476.07434
G1 X113.098 Y97.858 E476.08679
G1 X112.552 Y98.067 E476.10138
G1 X112.136 Y98.358 E476.11404
G1 X111.753 Y98.807 E476.12876
G1 X111.531 Y99.256 E476.14126
G1 X111.415 Y99.749 E476.15389
G1 X111.4 Y99.994 E476.16002
G1 X111.4 Y103.9 E476.25745
G1 X111.4 Y116.1 E476.56178
G1 X111.4 Y120.006 E476.65922
G1 X111.458 Y120.502 E476.67167
G1 X111.667 Y121.048 E476.68626
G1 X111.959 Y121.465 E476.69896
G1 X112.332 Y121.798 E476.71143
G1 X112.856 Y122.069 E476.72615
G0 F12000 X113.058 Y122.543
G1 F1800 X112.542 Y122.375 E476.73968
G1 X112.078 Y122.108 E476.75304
G1 X111.671 Y121.743 E476.76658
G1 X111.346 Y121.295 E476.78026
G1 X111.126 Y120.798 E476.79352
G1 X111.014 Y120.271 E476.8068
G1 X110.991 Y119.81 E476.81831
G1 X110.439 Y119.766 E476.83212
G1 X109.909 Y119.615 E476.84587
G1 X109.3 Y119.324 E476.86271
G1 X108.739 Y118.953 E476.87949
G1 X108.442 Y118.622 E476.89058
G1 X108.365 Y118.367 E476.89722
G1 X108.364 Y116.1 E476.95377
G1 X111 Y116.1 E477.01953
G1 X111 Y103.9 E477.32386
G1 X108.365 Y103.9 E477.38959
G1 X108.364 Y101.638 E477.44602
G1 X108.444 Y101.373 E477.45292
G1 X108.751 Y101.038 E477.46426
G1 X109.166 Y100.756 E477.47677
G1 X109.688 Y100.478 E477.49152
G1 X110.14 Y100.306 E477.50359
G1 X110.607 Y100.21 E477.51548
G1 X110.993 Y100.19 E477.52512
G1 X111.06 Y99.445 E477.5433
G1 X111.231 Y98.929 E477.55673
G1 X111.491 Y98.48 E477.56968
G1 X111.863 Y98.066 E477.58356
G1 X112.303 Y97.747 E477.59699
G1 X112.803 Y97.526 E477.61033
G1 X113.331 Y97.414 E477.62363
G1 X113.61 Y97.4 E477.63059
G1 X125.59 Y97.4 E477.92944
G1 X126.145 Y97.458 E477.94317
G1 X126.662 Y97.627 E477.95661
G1 X127.126 Y97.896 E477.96999
G1 X127.525 Y98.252 E477.98333
G1 X127.853 Y98.703 E477.99705
G1 X128.074 Y99.202 E478.01037
G1 X128.186 Y99.729 E478.02365
G1 X128.2 Y100.01 E478.03066
G1 X128.2 Y104.2 E478.13518
G1 X129.045 Y104.2 E478.15626
G1 X129.276 Y104.282 E478.16237
G1 X129.349 Y104.382 E478.16546
G1 X129.379 Y104.523 E478.16906
G1 X129.377 Y115.494 E478.44273
G1 X129.297 Y115.697 E478.44817
G1 X129.193 Y115.769 E478.45133
G1 X129.042 Y115.8 E478.45517
G1 X128.2 Y115.8 E478.47618
G1 X128.2 Y119.99 E478.5807
G1 X128.142 Y120.545 E478.59442
G1 X127.973 Y121.062 E478.60786
G1 X127.704 Y121.526 E478.62124
G1 X127.348 Y121.925 E478.63457
G1 X126.897 Y122.253 E478.64827
G1 X126.398 Y122.474 E478.66156
G1 X125.871 Y122.586 E478.67484
G1 X125.59 Y122.6 E478.68185
G1 X113.61 Y122.6 E478.98069
G1 X113.058 Y122.543 E478.99434
G1 F3900 E475.49434
G0 F12000 X113.078 Y122.446
G0 X125.941 Y122.2
G0 X127.091 Y121.67
G0 X127.706 Y120.757
G0 X128.014 Y115.772
G0 X128.587 Y114.939
;TYPE:SKIN
G1 F3900 E478.99434
G1 F3000 X128.587 Y114.656 E479.00128
G1 X128.587 Y105.04 E479.23698
G1 X128.472 Y104.872 E479.24197
G1 F3900 E475.74197
G0 F12000 X128.546 Y104.798
G0 X128.776 Y115.033
G1 F3900 E479.24197
G1 F3000 X128.609 Y115.201 E479.24492
G0 F12000 X128.609 Y115.2
G1 F3900 E475.74492
G1 F600 Z4.55
;MESH:NONMESH
G0 F12000 X128.609 Y115.2 Z4.55
G0 X108.04 Y107.485
;TIME_ELAPSED:666.621767
;LAYER:28
;MESH:filament_filter_idig3d.stl
G0 X108.04 Y107.485 Z4.7
;TYPE:FILL
G1 F600 Z4.5
G1 F3900 E479.24492
G1 F5400 X108.149 Y107.535 E479.24851
G1 X108.355 Y107.614 E479.25512
G1 X108.611 Y107.684 E479.26306
G1 X108.745 Y107.703 E479.26711
G1 X108.745 Y112.297 E479.40463
G1 X108.614 Y112.316 E479.40859
G1 X108.354 Y112.388 E479.41667
G1 X108.139 Y112.467 E479.42353
G1 X108.04 Y112.514 E479.42681
G1 X108.04 Y107.485 E479.57735
G1 F3900 E476.07735
G0 F12000 X108.362 Y105.716
;TYPE:WALL-INNER
G1 F3900 E479.57735
G1 F5400 X109.1 Y105.796 E479.59586
G1 X109.185 Y105.787 E479.59799
G1 X109.185 Y114.224 E479.80846
G1 X108.735 Y114.224 E479.81968
G1 X108.009 Y114.381 E479.83821
G1 X107.702 Y114.5 E479.84642
G1 X107.6 Y114.5 E479.84897
G1 X107.6 Y105.5 E480.07347
G1 X107.722 Y105.5 E480.07652
G1 X108.362 Y105.716 E480.09337
G0 F12000 X108.449 Y105.323
G1 F5400 X109.1 Y105.394 E480.1097
G1 X109.585 Y105.341 E480.12187
G1 X109.585 Y114.66 E480.35434
G1 X109.423 Y114.624 E480.35848
G1 X108.778 Y114.624 E480.37457
G1 X108.124 Y114.765 E480.39125
G1 X107.777 Y114.9 E480.40054
G1 X107.2 Y114.9 E480.41494
G1 X107.2 Y105.1 E480.6594
G1 X107.788 Y105.1 E480.67407
G1 X108.449 Y105.323 E480.69147
G1 F3900 E477.19147
G0 F12000 X107.028 Y115.333
G0 X106.805 Y120.393
G0 X106.255 Y121.49
G0 X105.122 Y122.241
G1 F3900 E480.69147
G0 F12000 X105.098 Y122.144
;TYPE:WALL-OUTER
G1 F1800 X105.652 Y121.932 E480.70626
G1 X106.065 Y121.642 E480.71885
G1 X106.38 Y121.293 E480.73058
G1 X106.61 Y120.894 E480.74207
G1 X106.766 Y120.386 E480.75532
G1 X106.8 Y120.005 E480.76487
G1 X106.8 Y115.3 E480.88223
G1 X106.8 Y104.7 E481.14665
G1 X106.8 Y99.972 E481.26459
G1 X106.744 Y99.503 E481.27637
G1 X106.532 Y98.948 E481.29119
G1 X106.242 Y98.535 E481.30378
G1 X105.893 Y98.22 E481.31551
G1 X105.495 Y97.99 E481.32698
G1 X105.053 Y97.847 E481.33857
G1 X104.606 Y97.8 E481.34978
G1 X92.594 Y97.8 E481.64942
G1 X92.102 Y97.856 E481.66177
G1 X91.548 Y98.068 E481.67657
G1 X91.135 Y98.358 E481.68916
G1 X90.82 Y98.707 E481.70088
G1 X90.59 Y99.106 E481.71237
G1 X90.447 Y99.547 E481.72394
G1 X90.4 Y99.994 E481.73515
G1 X90.4 Y104.563 E481.84912
G1 X90.4 Y115.438 E482.1204
G1 X90.4 Y120.006 E482.23435
G1 X90.456 Y120.498 E482.2467
G1 X90.668 Y121.052 E482.2615
G1 X90.958 Y121.465 E482.27409
G1 X91.308 Y121.78 E482.28583
G1 X91.706 Y122.01 E482.2973
G1 X92.147 Y122.153 E482.30886
G1 X92.594 Y122.2 E482.32008
G1 X104.606 Y122.2 E482.61972
G1 X105.098 Y122.144 E482.63207
G0 F12000 X104.59 Y122.6
G1 F1800 X92.61 Y122.6 E482.93091
G1 X92.055 Y122.542 E482.94482
G1 X91.538 Y122.373 E482.95835
G1 X91.068 Y122.1 E482.9719
G1 X90.671 Y121.743 E482.9852
G1 X90.346 Y121.296 E482.99885
G1 X90.126 Y120.798 E483.0121
G1 X90.014 Y120.271 E483.02537
G1 X90 Y119.99 E483.03238
G1 X90 Y115.438 E483.14593
G1 X90.354 Y115.438 E483.15476
G1 F3900 E479.65476
G0 F12000 X90.424 Y115.508
G0 X90.424 Y104.493
G1 F3900 E483.15476
G0 F12000 X90.354 Y104.563
G1 F1800 X90 Y104.562 E483.16359
G1 X90 Y100.01 E483.27714
G1 X90.059 Y99.452 E483.29112
G1 X90.227 Y98.938 E483.30458
G1 X90.496 Y98.474 E483.31793
G1 X90.863 Y98.066 E483.33159
G1 X91.303 Y97.747 E483.34502
G1 X91.802 Y97.526 E483.35832
G1 X92.329 Y97.414 E483.37159
G1 X92.61 Y97.4 E483.3786
G1 X104.59 Y97.4 E483.67744
G1 X105.145 Y97.458 E483.69135
G1 X105.662 Y97.627 E483.70488
G1 X106.126 Y97.896 E483.71823
G1 X106.525 Y98.252 E483.73148
G1 X106.853 Y98.703 E483.7452
G1 X107.074 Y99.202 E483.7585
G1 X107.188 Y99.748 E483.77221
G1 X107.2 Y100.098 E483.78092
G1 X107.2 Y104.7 E483.89571
G1 X107.854 Y104.7 E483.91203
G1 X108.536 Y104.93 E483.92998
G1 X109.1 Y104.992 E483.94414
G1 X109.664 Y104.93 E483.95829
G1 X109.985 Y104.842 E483.96659
G1 X109.985 Y115.158 E484.22393
G1 X109.379 Y115.024 E484.23941
G1 X108.821 Y115.024 E484.25333
G1 X108.24 Y115.149 E484.26815
G1 X107.853 Y115.3 E484.27852
G1 X107.2 Y115.3 E484.2948
G1 X107.2 Y120.022 E484.4126
G1 X107.144 Y120.538 E484.42543
G1 X106.973 Y121.062 E484.43904
G1 X106.704 Y121.526 E484.45239
G1 X106.348 Y121.925 E484.46563
G1 X105.897 Y122.253 E484.47936
G1 X105.398 Y122.474 E484.49266
G1 X104.871 Y122.586 E484.50593
G1 X104.59 Y122.6 E484.51294
G1 F3900 E481.01294
G0 F12000 X104.586 Y122.499
G0 X105.67 Y121.967
G0 X106.646 Y120.909
G0 X107.172 Y115.072
G0 X107.99 Y113.987
;TYPE:SKIN
G1 F3900 E484.51294
G1 F3000 X107.99 Y113.029 E484.53684
G1 X108.491 Y112.796 E484.55062
G1 X108.795 Y112.725 E484.55841
G1 X108.795 Y113.834 E484.58607
G1 X108.694 Y113.834 E484.58859
G1 X107.99 Y113.987 E484.60656
G0 F12000 X108.374 Y113.51
G1 F3000 X108.41 Y113.501 E484.60749
G1 X108.411 Y113.255 E484.61362
G1 X108.374 Y113.272 E484.61464
G1 X108.374 Y113.465 E484.61945
G1 F3900 E481.11945
G0 F12000 X108.795 Y107.275
G1 F3900 E484.61945
G1 F3000 X108.301 Y107.133 E484.63228
G1 X107.99 Y106.976 E484.64097
G1 X107.99 Y106.002 E484.66526
G1 X108.278 Y106.099 E484.67284
G1 X108.795 Y106.155 E484.68582
G1 X108.795 Y107.275 E484.71375
G0 F12000 X108.373 Y106.739
G1 F3000 X108.41 Y106.758 E484.71479
G1 X108.41 Y106.713 E484.71591
G1 X108.373 Y106.676
G1 X108.373 Y106.495 E484.72043
G1 X108.41 Y106.499 E484.72136
G1 F3900 E481.22136
G1 F600 Z4.7
G0 F12000 X108.41 Y106.499 Z4.7
G0 X109.455 Y102.718
G0 X109.455 Y102.08
;TYPE:FILL
G1 F600 Z4.5
G1 F3900 E484.72136
G1 F5400 X109.84 Y101.798 E484.73564
G1 X109.903 Y101.763 E484.7378
G1 X110.16 Y101.638 E484.74635
G1 X110.16 Y102.66 E484.77695
G1 X109.716 Y102.66 E484.79024
G1 X109.455 Y102.718 E484.79824
G1 X109.455 Y102.08 E484.81734
G1 F3900 E481.31734
G0 F12000 X111.028 Y103.672
G0 X111.028 Y116.328
G0 X109.455 Y117.283
G1 F3900 E484.81734
G1 F5400 X109.713 Y117.34 E484.82525
G1 X110.16 Y117.34 E484.83863
G1 X110.16 Y118.361 E484.86919
G1 X109.909 Y118.241 E484.87752
G1 X109.506 Y117.975 E484.89197
G1 X109.456 Y117.928 E484.89403
G1 X109.455 Y117.283 E484.91334
G0 F12000 X109.763 Y116.9
;TYPE:WALL-INNER
G1 F5400 X110.6 Y116.9 E484.93422
G1 X110.6 Y118.973 E484.98593
G1 X110.195 Y118.865 E484.99638
G1 X109.693 Y118.624 E485.01027
G1 X109.231 Y118.319 E485.02408
G1 X109.02 Y118.126 E485.03122
G1 X109.016 Y118.059 E485.03289
G1 X109.014 Y116.789 E485.06457
G1 X109.249 Y116.788 E485.07043
G1 X109.763 Y116.9 E485.08356
G1 F3900 E481.58356
G0 F12000 X111.028 Y116.328
G0 X111.028 Y103.672
G0 X109.255 Y103.211
G1 F3900 E485.08356
G1 F5400 X109.015 Y103.212 E485.08954
G1 X109.015 Y101.89 E485.12252
G1 X109.089 Y101.803 E485.12537
G1 X109.599 Y101.429 E485.14114
G1 X109.695 Y101.374 E485.1439
G1 X110.166 Y101.145 E485.15697
G1 X110.6 Y101.027 E485.16819
G1 X110.6 Y103.1 E485.2199
G1 X109.765 Y103.1 E485.24073
G1 X109.255 Y103.211 E485.25375
G0 F12000 X109.299 Y103.611
G1 F5400 X108.908 Y103.612 E485.2635
G1 X108.615 Y103.548 E485.27098
G1 X108.615 Y101.83 E485.31384
G1 X108.651 Y101.701 E485.31718
G1 X108.813 Y101.509 E485.32345
G1 X109.377 Y101.096 E485.34088
G1 X109.51 Y101.019 E485.34472
G1 X110.024 Y100.77 E485.35896
G1 X110.484 Y100.635 E485.37092
G1 X111 Y100.591 E485.38384
G1 X111 Y103.5 E485.45641
G1 X109.808 Y103.5 E485.48614
G1 X109.299 Y103.611 E485.49914
G1 F3900 E481.99914
G0 F12000 X111.028 Y103.672
G0 X111.028 Y116.328
G0 X109.292 Y116.388
G1 F3900 E485.49914
G1 F5400 X109.806 Y116.5 E485.51226
G1 X111 Y116.5 E485.54204
G1 X111 Y119.409 E485.61461
G1 X110.467 Y119.363 E485.62795
G1 X110.052 Y119.24 E485.63875
G1 X109.494 Y118.973 E485.65418
G1 X108.987 Y118.638 E485.66934
G1 X108.704 Y118.382 E485.67886
G1 X108.627 Y118.241 E485.68287
G1 X108.616 Y118.068 E485.68719
G1 X108.614 Y116.437 E485.72788
G1 X108.891 Y116.389 E485.73489
G1 X109.292 Y116.388 E485.74489
G1 F3900 E482.24489
G0 F12000 X111.028 Y116.328
G0 X111.171 Y100.14
G0 X111.554 Y99.089
G0 X112.105 Y98.333
G0 X113.221 Y97.803
G0 X125.608 Y97.761
G0 X126.512 Y97.954
G0 X127.271 Y98.509
G0 X127.76 Y99.439
G0 X128.2 Y104.6
G1 F3900 E485.74489
G1 F5400 X128.994 Y104.6 E485.7647
G1 X128.994 Y115.4 E486.03411
G1 X128.2 Y115.4 E486.05391
G1 X128.2 Y104.6 E486.32332
G1 F3900 E482.82332
G0 F12000 X128.028 Y115.833
G0 X127.809 Y120.357
G0 X127.255 Y121.49
G0 X126.023 Y122.192
G0 X113.126 Y122.25
G1 F3900 E486.32332
G0 F12000 X113.147 Y122.153
;TYPE:WALL-OUTER
G1 F1800 X113.594 Y122.2 E486.33453
G1 X125.606 Y122.2 E486.63417
G1 X126.098 Y122.144 E486.64653
G1 X126.652 Y121.932 E486.66132
G1 X127.065 Y121.642 E486.67391
G1 X127.38 Y121.293 E486.68564
G1 X127.61 Y120.894 E486.69713
G1 X127.77 Y120.35 E486.71127
G1 X127.8 Y120.006 E486.71989
G1 X127.8 Y115.8 E486.8248
G1 X127.8 Y104.2 E487.11417
G1 X127.8 Y99.994 E487.21909
G1 X127.744 Y99.504 E487.23139
G1 X127.532 Y98.948 E487.24623
G1 X127.242 Y98.535 E487.25882
G1 X126.893 Y98.22 E487.27055
G1 X126.495 Y97.99 E487.28202
G1 X126.053 Y97.847 E487.2936
G1 X125.606 Y97.8 E487.30482
G1 X113.594 Y97.8 E487.60446
G1 X113.102 Y97.856 E487.61681
G1 X112.548 Y98.068 E487.63161
G1 X112.135 Y98.358 E487.64419
G1 X111.82 Y98.707 E487.65592
G1 X111.59 Y99.106 E487.66741
G1 X111.447 Y99.547 E487.67897
G1 X111.4 Y99.994 E487.69019
G1 X111.4 Y103.9 E487.78762
G1 X111.4 Y116.1 E488.09195
G1 X111.4 Y120.006 E488.18939
G1 X111.456 Y120.498 E488.20174
G1 X111.668 Y121.052 E488.21654
G1 X111.958 Y121.465 E488.22913
G1 X112.308 Y121.78 E488.24087
G1 X112.706 Y122.01 E488.25234
G1 X113.147 Y122.153 E488.2639
G0 F12000 X113.058 Y122.543
G1 F1800 X112.545 Y122.376 E488.2773
G1 X112.073 Y122.104 E488.29082
G1 X111.671 Y121.743 E488.30424
G1 X111.346 Y121.296 E488.31789
G1 X111.126 Y120.798 E488.33114
G1 X111.014 Y120.271 E488.34441
G1 X110.991 Y119.81 E488.35593
G1 X110.389 Y119.757 E488.371
G1 X109.908 Y119.615 E488.38351
G1 X109.299 Y119.323 E488.40036
G1 X108.741 Y118.955 E488.41703
G1 X108.387 Y118.634 E488.42895
G1 X108.233 Y118.355 E488.4369
G1 X108.216 Y118.068 E488.44407
G1 X108.214 Y116.1 E488.49317
G1 X108.857 Y115.989 E488.50944
G1 X109.335 Y115.988 E488.52137
G1 X109.849 Y116.1 E488.53449
G1 X111 Y116.1 E488.5632
G1 X111 Y103.9 E488.86753
G1 X109.851 Y103.9 E488.89619
G1 X109.343 Y104.011 E488.90916
G1 X108.865 Y104.012 E488.92109
G1 X108.351 Y103.9 E488.93421
G1 X108.215 Y103.9 E488.9376
G1 X108.215 Y101.774 E488.99064
G1 X108.288 Y101.51 E488.99747
G1 X108.538 Y101.215 E489.00712
G1 X109.159 Y100.76 E489.02632
G1 X109.319 Y100.667 E489.03094
G1 X109.882 Y100.395 E489.04653
G1 X110.41 Y100.239 E489.06027
G1 X110.992 Y100.19 E489.07484
G1 X111.058 Y99.448 E489.09314
G1 X111.229 Y98.933 E489.1066
G1 X111.505 Y98.46 E489.12023
G1 X111.863 Y98.066 E489.13347
G1 X112.303 Y97.747 E489.14691
G1 X112.802 Y97.526 E489.16021
G1 X113.331 Y97.414 E489.17353
G1 X113.61 Y97.4 E489.18049
G1 X125.59 Y97.4 E489.47933
G1 X126.145 Y97.458 E489.49323
G1 X126.662 Y97.627 E489.50677
G1 X127.126 Y97.896 E489.52012
G1 X127.525 Y98.252 E489.53336
G1 X127.853 Y98.703 E489.54709
G1 X128.074 Y99.202 E489.5604
G1 X128.186 Y99.729 E489.57369
G1 X128.2 Y100.01 E489.58069
G1 X128.2 Y104.2 E489.68521
G1 X129.075 Y104.2 E489.70704
G1 X129.292 Y104.28 E489.71281
G1 X129.364 Y104.379 E489.71586
G1 X129.394 Y104.522 E489.71951
G1 X129.394 Y115.482 E489.99291
G1 X129.31 Y115.707 E489.9989
G1 X129.128 Y115.792 E490.00391
G1 X129.08 Y115.8 E490.00512
G1 X128.2 Y115.8 E490.02707
G1 X128.2 Y119.99 E490.13159
G1 X128.142 Y120.545 E490.14539
G1 X127.973 Y121.062 E490.1588
G1 X127.704 Y121.526 E490.17215
G1 X127.348 Y121.925 E490.1854
G1 X126.897 Y122.253 E490.19912
G1 X126.398 Y122.474 E490.21242
G1 X125.871 Y122.586 E490.22569
G1 X125.59 Y122.6 E490.2327
G1 X113.61 Y122.6 E490.53155
G1 X113.058 Y122.543 E490.54534
G1 F3900 E487.04534
G0 F12000 X113.078 Y122.446
G0 X125.608 Y122.239
G0 X126.67 Y121.967
G0 X127.646 Y120.909
G0 X128.012 Y115.777
G0 X128.445 Y115.152
;TYPE:SKIN
G1 F3900 E490.54534
G1 F3000 X128.587 Y115.011 E490.55034
G1 X128.595 Y109.079 E490.69851
G1 X128.595 Y105.119 E490.79742
G1 X128.675 Y104.916 E490.80287
G0 F12000 X128.557 Y104.8
G1 F3900 E487.30287
G1 F600 Z4.7
;MESH:NONMESH
G0 F12000 X128.557 Y104.8 Z4.7
G0 X108.04 Y107.619
;TIME_ELAPSED:684.162702
;LAYER:29
;MESH:filament_filter_idig3d.stl
G0 X108.04 Y107.619 Z4.85
G1 F600 Z4.65
G0 F12000 X108.654 Y112.163
;TYPE:FILL
G1 F3900 E490.80287
G1 F5400 X108.417 Y112.224 E490.81019
G1 X108.199 Y112.306 E490.81717
G1 X108.04 Y112.383 E490.82246
G1 X108.04 Y107.619 E490.96506
G1 X108.205 Y107.696 E490.97051
G1 X108.421 Y107.776 E490.97741
G1 X108.652 Y107.836 E490.98455
G1 X108.853 Y107.868 E490.99064
G1 X108.894 Y107.87 E490.99187
G1 X108.895 Y112.13 E491.11939
G1 X108.854 Y112.132 E491.12062
G1 X108.654 Y112.163 E491.12668
G0 F12000 X108.453 Y111.545
G1 F5400 X108.454 Y108.212 E491.22645
G0 F12000 X108.453 Y108.453
G1 F5400 X108.48 Y108.48 E491.22759
G1 X108.48 Y111.518 E491.31853
G1 X108.453 Y111.545 E491.31968
G1 F3900 E487.81968
G0 F12000 X108.402 Y114.13
;TYPE:WALL-INNER
G1 F3900 E491.31968
G1 F5400 X107.694 Y114.356 E491.33821
G1 X107.6 Y114.402 E491.34082
G1 X107.6 Y105.579 E491.56092
G1 X108.042 Y105.773 E491.57296
G1 X108.751 Y105.927 E491.59105
G1 X109.334 Y105.927 E491.6056
G1 X109.335 Y114.08 E491.80898
G1 X109.1 Y114.054 E491.81487
G1 X108.402 Y114.13 E491.83239
G0 F12000 X108.485 Y114.523
G1 F5400 X107.844 Y114.728 E491.84918
G1 X107.494 Y114.9 E491.8589
G1 X107.2 Y114.9 E491.86624
G1 X107.2 Y105.1 E492.1107
G1 X107.503 Y105.1 E492.11826
G1 X108.166 Y105.391 E492.13632
G1 X108.794 Y105.527 E492.15235
G1 X109.406 Y105.527 E492.16761
G1 X109.734 Y105.456 E492.17599
G1 X109.735 Y114.53 E492.40234
G1 X109.713 Y114.523 E492.40291
G1 X109.1 Y114.456 E492.4183
G1 X108.485 Y114.523 E492.43373
G1 F3900 E488.93373
G0 F12000 X107.018 Y115.072
G0 X106.801 Y120.409
G0 X106.412 Y121.317
G0 X105.223 Y122.213
G1 F3900 E492.43373
G0 F12000 X105.197 Y122.117
;TYPE:WALL-OUTER
G1 F1800 X105.702 Y121.905 E492.44739
G1 X106.065 Y121.641 E492.45859
G1 X106.38 Y121.294 E492.47028
G1 X106.61 Y120.893 E492.48181
G1 X106.762 Y120.402 E492.49463
G1 X106.8 Y120.007 E492.50453
G1 X106.8 Y115.3 E492.62195
G1 X106.8 Y104.7 E492.88636
G1 X106.8 Y99.97 E493.00435
G1 X106.717 Y99.403 E493.01865
G1 X106.505 Y98.899 E493.03229
G1 X106.241 Y98.535 E493.0435
G1 X105.894 Y98.22 E493.0552
G1 X105.494 Y97.989 E493.06672
G1 X105.055 Y97.848 E493.07822
G1 X104.606 Y97.8 E493.08948
G1 X92.594 Y97.8 E493.38912
G1 X92.003 Y97.883 E493.40401
G1 X91.499 Y98.095 E493.41765
G1 X91.134 Y98.36 E493.4289
G1 X90.82 Y98.706 E493.44056
G1 X90.59 Y99.107 E493.45209
G1 X90.448 Y99.545 E493.46358
G1 X90.4 Y99.994 E493.47484
G1 X90.4 Y104.478 E493.58669
G1 X90.4 Y115.522 E493.86219
G1 X90.4 Y120.006 E493.97404
G1 X90.483 Y120.597 E493.98893
G1 X90.695 Y121.101 E494.00257
G1 X90.959 Y121.465 E494.01378
G1 X91.328 Y121.795 E494.02613
G1 X91.863 Y122.073 E494.04117
G1 X92.352 Y122.186 E494.05369
G1 X92.594 Y122.2 E494.05974
G1 X104.606 Y122.2 E494.35938
G1 X105.197 Y122.117 E494.37427
G0 F12000 X104.59 Y122.6
G1 F1800 X92.61 Y122.6 E494.67311
G1 X92.055 Y122.542 E494.68682
G1 X91.538 Y122.373 E494.70039
G1 X91.068 Y122.1 E494.71394
G1 X90.671 Y121.743 E494.72709
G1 X90.345 Y121.294 E494.74083
G1 X90.126 Y120.798 E494.75419
G1 X90.014 Y120.271 E494.76747
G1 X90 Y119.99 E494.77448
G1 X90 Y115.522 E494.88594
G1 X90.204 Y115.524 E494.89103
G1 F3900 E491.39103
G0 F12000 X90.274 Y115.595
G0 X90.274 Y104.408
G1 F3900 E494.89103
G0 F12000 X90.204 Y104.478
G1 F1800 X90 Y104.478 E494.89612
G1 X90 Y100.01 E495.00757
G1 X90.059 Y99.452 E495.02155
G1 X90.227 Y98.938 E495.03498
G1 X90.496 Y98.474 E495.04828
G1 X90.863 Y98.066 E495.06192
G1 X91.303 Y97.747 E495.07545
G1 X91.802 Y97.526 E495.08889
G1 X92.329 Y97.414 E495.10218
G1 X92.61 Y97.4 E495.10919
G1 X104.59 Y97.4 E495.40803
G1 X105.145 Y97.458 E495.42192
G1 X105.662 Y97.627 E495.43544
G1 X106.126 Y97.896 E495.44877
G1 X106.525 Y98.252 E495.462
G1 X106.853 Y98.703 E495.47582
G1 X107.074 Y99.202 E495.48926
G1 X107.187 Y99.734 E495.50283
G1 X107.116 Y99.827 E495.50574
G1 F3900 E492.00574
G0 F12000 X107.027 Y99.783
G0 X106.945 Y104.7
G1 F3900 E495.50574
G0 F12000 X107.046 Y104.7
G1 F1800 X107.586 Y104.7 E495.51921
G1 X108.29 Y105.009 E495.53839
G1 X108.837 Y105.127 E495.55235
G1 X109.363 Y105.127 E495.56547
G1 X109.91 Y105.009 E495.57943
G1 X110.134 Y104.925 E495.5854
G1 X110.135 Y115.074 E495.83857
G1 X109.631 Y114.916 E495.85174
G1 X109.1 Y114.858 E495.86507
G1 X108.569 Y114.916 E495.87839
G1 X107.994 Y115.1 E495.89345
G1 X107.586 Y115.3 E495.90479
G1 X107.046 Y115.3 E495.91826
G1 F3900 E492.41826
G0 F12000 X106.946 Y115.3
G0 X107.042 Y118.819
G0 X107.013 Y119.72
G1 F3900 E495.91826
G0 F12000 X107.184 Y120.302
G1 F1800 X107.074 Y120.798 E495.93071
G1 X106.855 Y121.294 E495.944
G1 X106.525 Y121.748 E495.95775
G1 X106.126 Y122.104 E495.97086
G1 X105.662 Y122.373 E495.98402
G1 X105.145 Y122.542 E495.99759
G1 X104.59 Y122.6 E496.01151
G1 F3900 E492.51151
G0 F12000 X104.584 Y122.501
G0 X105.718 Y121.942
G0 X106.412 Y121.317
G0 X106.801 Y120.409
G0 X107.018 Y115.072
G0 X107.99 Y113.852
;TYPE:SKIN
G1 F3900 E496.01151
G1 F3000 X107.99 Y112.899 E496.03528
G1 X108.543 Y112.636 E496.05056
G1 X108.945 Y112.557 E496.06077
G1 X108.945 Y113.679 E496.08876
G1 X108.32 Y113.746 E496.10444
G1 X107.99 Y113.852 E496.11309
G0 F12000 X108.56 Y113.333
G1 F3000 X108.56 Y113.187 E496.11673
G1 X108.397 Y113.351 E496.1225
G1 X108.374 Y113.353 E496.12308
G1 X108.374 Y113.141 E496.12836
G1 X108.56 Y113.052 E496.13351
G1 F3900 E492.63351
G0 F12000 X108.944 Y107.443
G1 F3900 E496.13351
G1 F3000 X108.543 Y107.364 E496.1437
G1 X107.99 Y107.097 E496.15902
G1 X107.99 Y106.161 E496.18237
G1 X108.71 Y106.317 E496.20075
G1 X108.944 Y106.317 E496.20658
G1 X108.944 Y107.443 E496.23467
G0 F12000 X108.373 Y106.855
G1 F3000 X108.559 Y106.945 E496.23983
G1 X108.559 Y106.676 E496.24654
G1 X108.373 Y106.636 E496.25128
G1 F3900 E492.75128
G1 F600 Z4.85
G0 F12000 X108.373 Y106.636 Z4.85
G0 X109.305 Y102.898
G1 F600 Z4.65
G0 F12000 X109.816 Y101.819
;TYPE:FILL
G1 F3900 E496.25128
G1 F5400 X110.135 Y101.644 E496.26217
G1 X110.16 Y101.634 E496.26298
G1 X110.16 Y102.66 E496.29369
G1 X109.977 Y102.66 E496.29917
G1 X109.305 Y102.898 E496.32051
G1 X109.306 Y102.203 E496.34131
G1 X109.816 Y101.819 E496.36042
G1 F3900 E492.86042
G0 F12000 X111.182 Y103.672
G0 X111.182 Y116.328
G0 X109.305 Y117.102
G1 F3900 E496.36042
G1 F5400 X109.947 Y117.34 E496.38092
G1 X110.16 Y117.34 E496.3873
G1 X110.16 Y118.362 E496.41789
G1 X109.918 Y118.245 E496.42594
G1 X109.5 Y117.969 E496.44093
G1 X109.306 Y117.776 E496.44912
G1 X109.305 Y117.102 E496.4693
G0 F12000 X109.379 Y116.661
;TYPE:WALL-INNER
G1 F5400 X110.027 Y116.9 E496.48653
G1 X110.6 Y116.9 E496.50082
G1 X110.6 Y118.973 E496.55253
G1 X110.172 Y118.857 E496.56359
G1 X109.702 Y118.629 E496.57662
G1 X109.224 Y118.315 E496.59089
G1 X108.866 Y117.96 E496.60347
G1 X108.864 Y116.656 E496.63599
G1 X109.099 Y116.631 E496.64189
G1 X109.379 Y116.661 E496.64891
G1 F3900 E493.14891
G0 F12000 X111.182 Y116.328
G0 X111.182 Y103.672
G0 X109.1 Y103.369
G1 F3900 E496.64891
G1 F5400 X108.865 Y103.344 E496.65481
G1 X108.866 Y102.032 E496.68754
G1 X108.94 Y101.926 E496.69076
G1 X109.57 Y101.45 E496.71046
G1 X109.948 Y101.244 E496.7212
G1 X110.373 Y101.075 E496.73261
G1 X110.6 Y101.028 E496.73839
G1 X110.6 Y103.1 E496.79007
G1 X110.052 Y103.1 E496.80374
G1 X109.375 Y103.34 E496.82166
G1 X109.1 Y103.369 E496.82856
G0 F12000 X109.1 Y103.772
G1 F5400 X108.732 Y103.732 E496.83779
G1 X108.465 Y103.646 E496.84479
G1 X108.466 Y101.98 E496.88635
G1 X108.507 Y101.827 E496.8903
G1 X108.659 Y101.637 E496.89637
G1 X109.354 Y101.112 E496.9181
G1 X109.777 Y100.881 E496.93012
G1 X110.259 Y100.69 E496.94305
G1 X110.654 Y100.608 E496.95312
G1 X111 Y100.59 E496.96176
G1 X111 Y103.5 E497.03435
G1 X110.121 Y103.5 E497.05628
G1 X109.463 Y103.733 E497.07369
G1 X109.1 Y103.772 E497.0828
G1 F3900 E493.5828
G0 F12000 X110.15 Y103.661
G0 X111.182 Y103.672
G0 X111.182 Y116.328
G0 X109.1 Y116.228
G1 F3900 E497.0828
G1 F5400 X109.468 Y116.268 E497.09203
G1 X110.098 Y116.5 E497.10878
G1 X111 Y116.5 E497.13128
G1 X111 Y119.41 E497.20387
G1 X110.463 Y119.362 E497.21732
G1 X110.027 Y119.231 E497.22867
G1 X109.503 Y118.977 E497.2432
G1 X108.979 Y118.632 E497.25885
G1 X108.56 Y118.26 E497.27283
G1 X108.473 Y118.083 E497.27775
G1 X108.466 Y117.969 E497.2806
G1 X108.464 Y116.36 E497.32073
G1 X108.733 Y116.267 E497.32783
G1 X109.1 Y116.228 E497.33704
G1 F3900 E493.83704
G0 F12000 X110.125 Y116.339
G0 X111.182 Y116.328
G0 X111.171 Y100.148
G0 X111.554 Y99.09
G0 X112.304 Y98.188
G0 X113.592 Y97.761
G0 X125.722 Y97.773
G0 X126.509 Y97.952
G0 X127.27 Y98.508
G0 X127.763 Y99.444
G0 X128.2 Y104.6
G1 F3900 E497.33704
G1 F5400 X129 Y104.6 E497.35699
G1 X128.999 Y115.4 E497.6264
G1 X128.2 Y115.4 E497.64633
G1 X128.2 Y104.6 E497.91574
G1 F3900 E494.41574
G0 F12000 X128.028 Y115.833
G0 X127.791 Y120.464
G0 X127.412 Y121.317
G0 X126.718 Y121.942
G0 X125.608 Y122.239
G0 X113.346 Y122.225
G1 F3900 E497.91574
G0 F12000 X112.863 Y122.073
;TYPE:WALL-OUTER
G1 F1800 X113.352 Y122.186 E497.92826
G1 X113.594 Y122.2 E497.93431
G1 X125.606 Y122.2 E498.23395
G1 X126.197 Y122.117 E498.24883
G1 X126.702 Y121.905 E498.2625
G1 X127.065 Y121.641 E498.27369
G1 X127.38 Y121.294 E498.28538
G1 X127.61 Y120.893 E498.29692
G1 X127.752 Y120.455 E498.3084
G1 X127.8 Y120.006 E498.31967
G1 X127.8 Y115.8 E498.42458
G1 X127.8 Y104.2 E498.71395
G1 X127.8 Y99.994 E498.81887
G1 X127.717 Y99.403 E498.83375
G1 X127.505 Y98.899 E498.84739
G1 X127.241 Y98.535 E498.85861
G1 X126.894 Y98.22 E498.8703
G1 X126.494 Y97.989 E498.88182
G1 X126.055 Y97.848 E498.89332
G1 X125.606 Y97.8 E498.90459
G1 X113.594 Y97.8 E499.20423
G1 X113.003 Y97.883 E499.21912
G1 X112.499 Y98.095 E499.23276
G1 X112.134 Y98.36 E499.24401
G1 X111.82 Y98.706 E499.25566
G1 X111.59 Y99.107 E499.26719
G1 X111.448 Y99.545 E499.27868
G1 X111.4 Y99.994 E499.28994
G1 X111.4 Y103.9 E499.38738
G1 X111.4 Y116.1 E499.69171
G1 X111.4 Y120.006 E499.78915
G1 X111.483 Y120.597 E499.80403
G1 X111.695 Y121.101 E499.81767
G1 X111.959 Y121.465 E499.82889
G1 X112.328 Y121.795 E499.84124
G1 X112.863 Y122.073 E499.85628
G0 F12000 X113.057 Y122.543
G1 F1800 X112.545 Y122.376 E499.86971
G1 X112.073 Y122.104 E499.8833
G1 X111.671 Y121.743 E499.89668
G1 X111.345 Y121.294 E499.91049
G1 X111.126 Y120.798 E499.92384
G1 X111.014 Y120.271 E499.93713
G1 X110.991 Y119.81 E499.94865
G1 X110.386 Y119.756 E499.9638
G1 X109.882 Y119.605 E499.97692
G1 X109.304 Y119.325 E499.99294
G1 X108.733 Y118.949 E500.01
G1 X108.236 Y118.507 E500.02659
G1 X108.079 Y118.189 E500.03544
G1 X108.066 Y117.978 E500.04071
G1 X108.064 Y116.075 E500.08818
G1 X108.648 Y115.874 E500.10359
G1 X109.1 Y115.825 E500.11493
G1 X109.552 Y115.874 E500.12627
G1 X110.048 Y116.034 E500.13927
G1 X110.188 Y116.1 E500.14313
G1 X111.154 Y116.1 E500.16723
G1 F3900 E496.66723
G0 F12000 X111.254 Y116.1
G0 X111.372 Y103.933
G1 F3900 E500.16723
G0 F12000 X111.154 Y103.9
G1 F1800 X110.19 Y103.9 E500.19128
G1 X109.552 Y104.126 E500.20816
G1 X109.1 Y104.175 E500.2195
G1 X108.648 Y104.126 E500.23084
G1 X108.152 Y103.966 E500.24384
G1 X108.065 Y103.925 E500.24624
G1 X108.066 Y101.926 E500.29611
G1 X108.143 Y101.643 E500.30342
G1 X108.377 Y101.349 E500.3128
G1 X109.138 Y100.774 E500.33659
G1 X109.609 Y100.517 E500.34997
G1 X110.143 Y100.305 E500.36431
G1 X110.598 Y100.211 E500.3759
G1 X110.992 Y100.19 E500.38574
G1 X111.059 Y99.448 E500.40404
G1 X111.23 Y98.931 E500.4175
G1 X111.498 Y98.471 E500.43069
G1 X111.863 Y98.066 E500.44424
G1 X112.299 Y97.749 E500.45766
G1 X112.806 Y97.525 E500.47131
G1 X113.331 Y97.414 E500.48454
G1 X113.61 Y97.4 E500.4915
G1 X125.59 Y97.4 E500.79035
G1 X126.145 Y97.458 E500.80423
G1 X126.662 Y97.627 E500.81776
G1 X127.126 Y97.896 E500.83109
G1 X127.525 Y98.252 E500.84432
G1 X127.853 Y98.703 E500.85813
G1 X128.074 Y99.202 E500.87157
G1 X128.186 Y99.729 E500.88486
G1 X128.2 Y100.01 E500.89187
G1 X128.2 Y104.2 E500.99639
G1 X129.083 Y104.2 E501.01842
G1 X129.298 Y104.279 E501.02413
G1 X129.37 Y104.379 E501.02721
G1 X129.4 Y104.522 E501.03085
G1 X129.399 Y115.488 E501.3044
G1 X129.316 Y115.707 E501.31024
G1 X129.205 Y115.781 E501.31357
G1 X129.082 Y115.8 E501.31667
G1 X128.2 Y115.8 E501.33868
G1 X128.2 Y119.99 E501.4432
G1 X128.142 Y120.545 E501.45708
G1 X127.973 Y121.062 E501.47061
G1 X127.704 Y121.526 E501.48394
G1 X127.348 Y121.925 E501.49717
G1 X126.897 Y122.253 E501.51097
G1 X126.398 Y122.474 E501.52439
G1 X125.871 Y122.586 E501.53768
G1 X125.59 Y122.6 E501.54469
G1 X113.61 Y122.6 E501.84353
G1 X113.057 Y122.543 E501.85719
G1 F3900 E498.35719
G0 F12000 X113.077 Y122.446
G0 X125.608 Y122.239
G0 X126.718 Y121.942
G0 X127.412 Y121.317
G0 X127.791 Y120.464
G0 X128.01 Y115.818
G0 X128.598 Y114.928
;TYPE:SKIN
G1 F3900 E501.85719
G1 F3000 X128.598 Y114.645 E501.86455
G1 X128.598 Y105.028 E502.11453
G1 X128.472 Y104.872 E502.11974
G1 F3900 E498.61974
G0 F12000 X128.546 Y104.798
G0 X128.798 Y115.011
G1 F3900 E502.11974
G1 F3000 X128.609 Y115.201 E502.12308
G0 F12000 X128.609 Y115.2
G1 F3900 E498.62308
G1 F600 Z4.85
;MESH:NONMESH
G0 F12000 X128.609 Y115.2 Z4.85
G0 X108.04 Y107.744
;TIME_ELAPSED:702.715913
;LAYER:30
;MESH:filament_filter_idig3d.stl
G0 X108.04 Y107.744 Z5
G0 X108.668 Y107.987
;TYPE:FILL
G1 F600 Z4.8
G1 F3900 E502.12308
G1 F5400 X108.883 Y108.022 E502.1296
G1 X109.053 Y108.031 E502.1347
G1 X109.053 Y111.969 E502.25258
G1 X108.883 Y111.978 E502.25767
G1 X108.668 Y112.013 E502.26419
G1 X108.458 Y112.068 E502.27069
G1 X108.281 Y112.136 E502.27637
G1 X108.095 Y112.225 E502.28254
G1 X108.04 Y112.256 E502.28443
G1 X108.04 Y107.744 E502.41949
G1 X108.1 Y107.778 E502.42156
G1 X108.275 Y107.861 E502.42735
G1 X108.458 Y107.932 E502.43323
G1 X108.668 Y107.987 E502.43973
G0 F12000 X108.638 Y108.638
G1 F5400 X108.638 Y111.36 E502.52121
G1 X108.453 Y111.545 E502.52904
G1 X108.454 Y108.358 E502.62444
G1 X108.453 Y108.453
G1 X108.638 Y108.638 E502.63227
G1 F3900 E499.13227
G0 F12000 X109.1 Y106.096
;TYPE:WALL-INNER
G1 F3900 E502.63227
G1 F5400 X109.493 Y106.054 E502.64213
G1 X109.493 Y113.935 E502.83872
G1 X109.432 Y113.922 E502.84028
G1 X108.769 Y113.922 E502.85682
G1 X108.099 Y114.066 E502.87391
G1 X107.6 Y114.277 E502.88743
G1 X107.6 Y105.725 E503.10076
G1 X107.752 Y105.805 E503.10504
G1 X108.434 Y106.024 E503.12291
G1 X109.1 Y106.096 E503.13962
G0 F12000 X109.1 Y105.694
G1 F5400 X109.682 Y105.631 E503.15422
G1 X109.893 Y105.563 E503.15975
G1 X109.893 Y114.43 E503.38094
G1 X109.39 Y114.322 E503.39378
G1 X108.811 Y114.322 E503.40822
G1 X108.22 Y114.449 E503.4233
G1 X107.583 Y114.718 E503.44055
G1 X107.265 Y114.9 E503.44969
G1 X107.2 Y114.9 E503.45131
G1 X107.2 Y105.1 E503.69577
G1 X107.272 Y105.1 E503.69757
G1 X107.908 Y105.435 E503.7155
G1 X108.518 Y105.631 E503.73148
G1 X109.1 Y105.694 E503.74608
G1 F3900 E500.24608
G0 F12000 X106.808 Y115.199
G0 X106.827 Y120.247
G0 X106.539 Y121.119
G0 X105.985 Y121.75
G0 X105.112 Y122.242
G1 F3900 E503.74608
G0 F12000 X105.091 Y122.145
;TYPE:WALL-OUTER
G1 F1800 X105.496 Y122.01 E503.75673
G1 X105.894 Y121.78 E503.7682
G1 X106.242 Y121.465 E503.77991
G1 X106.505 Y121.1 E503.79113
G1 X106.693 Y120.678 E503.80266
G1 X106.788 Y120.242 E503.81379
G1 X106.8 Y120.007 E503.81966
G1 X106.8 Y115.3 E503.93707
G1 X106.8 Y104.7 E504.20149
G1 X106.8 Y102.419 E504.25839
G1 X106.8 Y99.969 E504.31951
G1 X106.745 Y99.507 E504.33111
G1 X106.61 Y99.105 E504.34169
G1 X106.395 Y98.727 E504.35254
G1 X106.065 Y98.358 E504.36489
G1 X105.562 Y98.022 E504.37998
G1 X105.092 Y97.856 E504.39241
G1 X104.606 Y97.8 E504.40461
G1 X92.594 Y97.8 E504.70425
G1 X92.109 Y97.855 E504.71643
G1 X91.705 Y97.99 E504.72706
G1 X91.226 Y98.285 E504.74109
G1 X90.958 Y98.535 E504.75023
G1 X90.695 Y98.9 E504.76145
G1 X90.507 Y99.322 E504.77298
G1 X90.414 Y99.753 E504.78398
G1 X90.4 Y99.994 E504.79
G1 X90.4 Y104.382 E504.89946
G1 X90.4 Y115.595 E505.17917
G1 X90.4 Y120.006 E505.2892
G1 X90.455 Y120.491 E505.30138
G1 X90.59 Y120.895 E505.312
G1 X90.805 Y121.273 E505.32285
G1 X91.135 Y121.642 E505.3352
G1 X91.639 Y121.978 E505.35031
G1 X92.108 Y122.144 E505.36272
G1 X92.594 Y122.2 E505.37492
G1 X104.606 Y122.2 E505.67456
G1 X105.091 Y122.145 E505.68674
G0 F12000 X104.59 Y122.6
G1 F1800 X92.61 Y122.6 E505.98558
G1 X92.055 Y122.542 E505.99942
G1 X91.538 Y122.373 E506.0128
G1 X91.068 Y122.1 E506.02606
G1 X90.671 Y121.743 E506.03913
G1 X90.347 Y121.297 E506.05267
G1 X90.126 Y120.798 E506.06603
G1 X90.014 Y120.271 E506.07932
G1 X90 Y119.99 E506.08633
G1 X90 Y115.595 E506.19596
G1 X90.1 Y115.589 E506.19846
G1 F3900 E502.69846
G0 F12000 X90.172 Y115.657
G0 X90.167 Y104.309
G1 F3900 E506.19846
G0 F12000 X90.1 Y104.382
G1 F1800 X90 Y104.39 E506.20096
G1 X90 Y100.01 E506.31022
G1 X90.059 Y99.451 E506.32403
G1 X90.227 Y98.938 E506.33726
G1 X90.496 Y98.474 E506.35039
G1 X90.863 Y98.066 E506.36385
G1 X91.303 Y97.747 E506.37712
G1 X91.802 Y97.526 E506.39048
G1 X92.329 Y97.414 E506.40377
G1 X92.61 Y97.4 E506.41078
G1 X104.59 Y97.4 E506.70962
G1 X105.145 Y97.458 E506.72346
G1 X105.662 Y97.627 E506.73684
G1 X106.126 Y97.896 E506.74992
G1 X106.525 Y98.252 E506.76302
G1 X106.853 Y98.703 E506.7767
G1 X107.074 Y99.202 E506.7901
G1 X107.166 Y99.596 E506.79985
G1 F3900 E503.29985
G0 F12000 X107.071 Y99.568
G0 X106.81 Y104.625
G1 F3900 E506.79985
G0 F12000 X106.88 Y104.7
G1 F1800 X107.372 Y104.7 E506.81212
G1 X108.064 Y105.065 E506.83164
G1 X108.602 Y105.238 E506.84573
G1 X109.1 Y105.292 E506.85823
G1 X109.598 Y105.238 E506.87073
G1 X110.136 Y105.064 E506.88483
G1 X110.293 Y104.991 E506.88915
G1 X110.293 Y115.009 E507.13905
G1 X109.857 Y114.832 E507.15079
G1 X109.347 Y114.722 E507.1638
G1 X108.853 Y114.722 E507.17613
G1 X108.341 Y114.832 E507.18919
G1 X107.761 Y115.077 E507.20489
G1 X107.372 Y115.3 E507.21608
G1 X106.88 Y115.3 E507.22835
G1 F3900 E503.72835
G0 F12000 X106.81 Y115.375
G0 X106.838 Y119.927
G1 F3900 E507.22835
G0 F12000 X107.166 Y120.41
G1 F1800 X107.074 Y120.798 E507.23828
G1 X106.853 Y121.297 E507.25186
G1 X106.525 Y121.748 E507.26568
G1 X106.126 Y122.104 E507.27891
G1 X105.662 Y122.373 E507.29224
G1 X105.145 Y122.542 E507.30569
G1 X104.59 Y122.6 E507.31949
G1 F3900 E503.81949
G0 F12000 X104.585 Y122.5
G0 X105.917 Y121.812
G0 X106.539 Y121.119
G0 X106.839 Y120.008
G0 X106.852 Y115.272
G0 X107.99 Y113.69
;TYPE:SKIN
G1 F3900 E507.31949
G1 F3000 X107.99 Y112.778 E507.34224
G1 X108.453 Y112.531 E507.35533
G1 X108.933 Y112.406 E507.36771
G1 X109.1 Y112.398 E507.37188
G1 X109.103 Y113.532 E507.40017
G1 X108.728 Y113.532 E507.40952
G1 X107.99 Y113.69 E507.42835
G0 F12000 X108.374 Y113.006
G1 F3000 X108.374 Y113.214 E507.43354
G1 X108.632 Y113.158 E507.44012
G1 X108.444 Y112.969 E507.44677
G1 X108.587 Y112.892 E507.45082
G1 X108.716 Y112.857 E507.45416
G1 X108.717 Y113.146 E507.46137
G1 X108.687 Y113.146 E507.46211
G1 F3900 E503.96211
G0 F12000 X109.103 Y107.602
G1 F3900 E507.46211
G1 F3000 X108.585 Y107.52 E507.4752
G1 X108.151 Y107.314 E507.48718
G1 X107.99 Y107.211 E507.49195
G1 X107.99 Y106.292 E507.51487
G1 X108.352 Y106.408 E507.52436
G1 X109.103 Y106.488 E507.5432
G1 X109.103 Y107.602 E507.57098
G0 F12000 X108.717 Y106.833
G1 F3000 X108.508 Y106.811 E507.57623
G1 X108.718 Y107.021 E507.58363
G1 X108.718 Y107.151 E507.58688
G1 X108.698 Y107.148 E507.58738
G1 X108.373 Y106.994 E507.59635
G1 X108.373 Y106.796 E507.60129
G1 F3900 E504.10129
G1 F600 Z5
G0 F12000 X108.373 Y106.796 Z5
G0 X109.147 Y103.072
G1 F600 Z4.8
G0 F12000 X109.474 Y102.05
;TYPE:FILL
G1 F3900 E507.60129
G1 F5400 X109.955 Y101.733 E507.61854
G1 X110.065 Y101.673 E507.62229
G1 X110.16 Y101.636 E507.62534
G1 X110.16 Y102.66 E507.65599
G1 X110.139 Y102.66 E507.65662
G1 X109.517 Y102.977 E507.67752
G1 X109.256 Y103.06 E507.68572
G1 X109.147 Y103.072 E507.689
G1 X109.145 Y102.354 E507.71049
G1 X109.18 Y102.294 E507.71257
G1 X109.474 Y102.05 E507.72401
G1 F3900 E504.22401
G0 F12000 X111.172 Y103.672
G0 X111.172 Y100.146
G0 X111.661 Y98.881
G0 X112.201 Y98.254
G0 X113.101 Y97.816
G0 X125.608 Y97.761
G0 X126.579 Y97.987
G0 X127.427 Y98.704
G0 X127.784 Y99.501
G0 X128.028 Y104.167
G0 X128.028 Y115.833
G0 X127.825 Y120.252
G0 X127.534 Y121.127
G0 X126.917 Y121.812
G0 X126.099 Y122.184
G0 X113.592 Y122.239
G0 X112.622 Y122.013
G0 X111.773 Y121.296
G0 X111.017 Y119.522
G0 X109.179 Y116.927
G1 F3900 E507.72401
G1 F5400 X109.343 Y116.964 E507.72904
G1 X110.121 Y117.34 E507.75491
G1 X110.16 Y117.34 E507.75607
G1 X110.16 Y118.363 E507.7867
G1 X109.922 Y118.249 E507.7946
G1 X109.482 Y117.959 E507.81037
G1 X109.168 Y117.697 E507.82261
G1 X109.148 Y117.668 E507.82367
G1 X109.147 Y116.927 E507.84585
G1 X109.179 Y116.927 E507.84681
G0 F12000 X109.223 Y116.487
;TYPE:WALL-INNER
G1 F5400 X109.492 Y116.546 E507.85367
G1 X110.222 Y116.9 E507.87391
G1 X110.6 Y116.9 E507.88334
G1 X110.6 Y118.973 E507.93505
G1 X110.171 Y118.856 E507.94615
G1 X109.705 Y118.632 E507.95904
G1 X109.212 Y118.308 E507.97376
G1 X108.844 Y117.999 E507.98575
G1 X108.725 Y117.836 E507.99078
G1 X108.708 Y117.743 E507.99314
G1 X108.707 Y116.547 E508.02297
G1 X108.976 Y116.487 E508.02985
G1 X109.223 Y116.487 E508.03601
G1 F3900 E504.53601
G0 F12000 X111.171 Y119.86
G0 X111.554 Y120.911
G0 X112.109 Y121.672
G0 X113.099 Y122.182
G0 X125.608 Y122.239
G0 X126.571 Y122.012
G0 X127.271 Y121.492
G0 X127.731 Y120.69
G0 X128.028 Y115.833
G0 X128.028 Y104.167
G0 X127.784 Y99.501
G0 X127.427 Y98.704
G0 X126.579 Y97.987
G0 X125.608 Y97.761
G0 X113.592 Y97.761
G0 X112.633 Y97.988
G0 X111.788 Y98.703
G0 X110.902 Y100.651
G0 X109.1 Y103.52
G1 F3900 E508.03601
G1 F5400 X108.707 Y103.442 E508.046
G1 X108.705 Y102.238 E508.07604
G1 X108.839 Y102.005 E508.08274
G1 X109.21 Y101.696 E508.09479
G1 X109.743 Y101.347 E508.11068
G1 X109.875 Y101.275 E508.11443
G1 X110.37 Y101.076 E508.12774
G1 X110.6 Y101.028 E508.1336
G1 X110.6 Y103.1 E508.18529
G1 X110.244 Y103.1 E508.19417
G1 X109.681 Y103.385 E508.20991
G1 X109.345 Y103.493 E508.21871
G1 X109.1 Y103.52 E508.22486
G0 F12000 X109.1 Y103.922
G1 F5400 X108.771 Y103.887 E508.23311
G1 X108.307 Y103.729 E508.24534
G1 X108.305 Y102.207 E508.28331
G1 X108.337 Y102.019 E508.28806
G1 X108.543 Y101.731 E508.2969
G1 X108.975 Y101.371 E508.31092
G1 X109.536 Y101.004 E508.32765
G1 X109.706 Y100.912 E508.33247
G1 X110.254 Y100.691 E508.34721
G1 X110.662 Y100.607 E508.3576
G1 X111 Y100.59 E508.36604
G1 X111 Y103.5 E508.43863
G1 X110.34 Y103.5 E508.4551
G1 X109.833 Y103.757 E508.46927
G1 X109.429 Y103.887 E508.47986
G1 X109.1 Y103.922 E508.48811
G1 F3900 E504.98811
G0 F12000 X111.381 Y99.717
G0 X111.788 Y98.703
G0 X112.689 Y97.954
G0 X113.592 Y97.761
G0 X125.608 Y97.761
G0 X126.579 Y97.987
G0 X127.427 Y98.704
G0 X127.784 Y99.501
G0 X128.028 Y104.167
G0 X128.028 Y115.833
G0 X127.825 Y120.252
G0 X127.534 Y121.127
G0 X126.917 Y121.812
G0 X126.099 Y122.184
G0 X113.592 Y122.239
G0 X112.622 Y122.013
G0 X111.773 Y121.296
G0 X111.017 Y119.522
G0 X109.267 Y116.087
G1 F3900 E508.48811
G1 F5400 X109.611 Y116.162 E508.4969
G1 X110.075 Y116.356 E508.50944
G1 X110.328 Y116.5 E508.5167
G1 X111 Y116.5 E508.53347
G1 X111 Y119.409 E508.60603
G1 X110.464 Y119.363 E508.61945
G1 X110.027 Y119.231 E508.63084
G1 X109.507 Y118.98 E508.64524
G1 X108.97 Y118.627 E508.66127
G1 X108.551 Y118.276 E508.67491
G1 X108.349 Y117.999 E508.68346
G1 X108.308 Y117.778 E508.68907
G1 X108.307 Y116.283 E508.72636
G1 X108.591 Y116.161 E508.73407
G1 X108.933 Y116.087 E508.7428
G1 X109.267 Y116.087 E508.75113
G1 F3900 E505.25113
G0 F12000 X111.416 Y120.499
G0 X111.773 Y121.296
G0 X112.622 Y122.013
G0 X113.592 Y122.239
G0 X125.608 Y122.239
G0 X126.571 Y122.012
G0 X127.271 Y121.492
G0 X127.731 Y120.69
G0 X127.992 Y116.627
G0 X128.2 Y104.6
G1 F3900 E508.75113
G1 F5400 X129 Y104.6 E508.77109
G1 X129 Y115.4 E509.04049
G1 X128.2 Y115.4 E509.06045
G1 X128.2 Y104.6 E509.32986
G1 F3900 E505.82986
G0 F12000 X128.028 Y115.833
G0 X127.825 Y120.252
G0 X127.534 Y121.127
G0 X126.917 Y121.812
G0 X126.099 Y122.184
G0 X113.086 Y122.241
G1 F3900 E509.32986
G0 F12000 X113.108 Y122.144
;TYPE:WALL-OUTER
G1 F1800 X113.594 Y122.2 E509.34206
G1 X125.606 Y122.2 E509.6417
G1 X126.091 Y122.145 E509.65388
G1 X126.496 Y122.01 E509.66453
G1 X126.894 Y121.78 E509.67599
G1 X127.242 Y121.465 E509.6877
G1 X127.505 Y121.1 E509.69893
G1 X127.693 Y120.678 E509.71045
G1 X127.786 Y120.247 E509.72145
G1 X127.8 Y120.006 E509.72747
G1 X127.8 Y115.8 E509.83239
G1 X127.8 Y104.2 E510.12175
G1 X127.8 Y99.994 E510.22667
G1 X127.745 Y99.509 E510.23885
G1 X127.61 Y99.105 E510.24947
G1 X127.395 Y98.727 E510.26032
G1 X127.065 Y98.358 E510.27267
G1 X126.562 Y98.022 E510.28776
G1 X126.092 Y97.856 E510.30019
G1 X125.606 Y97.8 E510.3124
G1 X113.594 Y97.8 E510.61204
G1 X113.109 Y97.855 E510.62421
G1 X112.705 Y97.99 E510.63484
G1 X112.226 Y98.285 E510.64887
G1 X111.958 Y98.535 E510.65801
G1 X111.695 Y98.9 E510.66924
G1 X111.507 Y99.322 E510.68076
G1 X111.414 Y99.753 E510.69176
G1 X111.4 Y99.994 E510.69778
G1 X111.4 Y103.9 E510.79522
G1 X111.4 Y116.1 E511.09955
G1 X111.4 Y120.006 E511.19698
G1 X111.455 Y120.491 E511.20916
G1 X111.59 Y120.895 E511.21978
G1 X111.805 Y121.273 E511.23063
G1 X112.135 Y121.642 E511.24298
G1 X112.639 Y121.978 E511.25809
G1 X113.108 Y122.144 E511.2705
G0 F12000 X113.057 Y122.543
G1 F1800 X112.541 Y122.375 E511.28385
G1 X112.073 Y122.104 E511.29704
G1 X111.671 Y121.743 E511.31028
G1 X111.347 Y121.297 E511.32381
G1 X111.126 Y120.798 E511.33718
G1 X111.014 Y120.271 E511.35047
G1 X110.991 Y119.81 E511.36198
G1 X110.387 Y119.757 E511.3771
G1 X109.882 Y119.605 E511.39026
G1 X109.309 Y119.328 E511.40614
G1 X108.728 Y118.946 E511.42348
G1 X108.258 Y118.552 E511.43878
G1 X107.973 Y118.162 E511.45083
G1 X107.908 Y117.814 E511.45966
G1 X107.907 Y116.019 E511.50444
G1 X108.467 Y115.779 E511.51963
G1 X108.889 Y115.687 E511.53041
G1 X109.311 Y115.687 E511.54094
G1 X109.733 Y115.779 E511.55171
G1 X110.253 Y115.997 E511.56577
G1 X110.434 Y116.1 E511.57097
G1 X111.321 Y116.1 E511.5931
G1 F3900 E508.0931
G0 F12000 X111.391 Y116.025
G0 X111.391 Y103.975
G1 F3900 E511.5931
G0 F12000 X111.321 Y103.9
G1 F1800 X110.436 Y103.9 E511.61517
G1 X109.987 Y104.128 E511.62773
G1 X109.511 Y104.281 E511.64021
G1 X109.1 Y104.325 E511.65052
G1 X108.689 Y104.281 E511.66083
G1 X108.213 Y104.128 E511.6733
G1 X107.907 Y103.981 E511.68177
G1 X107.905 Y102.177 E511.72677
G1 X107.954 Y101.885 E511.73416
G1 X108.086 Y101.643 E511.74103
G1 X108.262 Y101.445 E511.74764
G1 X108.74 Y101.046 E511.76317
G1 X109.329 Y100.661 E511.78073
G1 X109.534 Y100.55 E511.78654
G1 X110.14 Y100.306 E511.80284
G1 X110.608 Y100.21 E511.81475
G1 X110.992 Y100.19 E511.82435
G1 X111.059 Y99.449 E511.84245
G1 X111.229 Y98.933 E511.85577
G1 X111.504 Y98.462 E511.86914
G1 X111.863 Y98.066 E511.88226
G1 X112.306 Y97.745 E511.89562
G1 X112.806 Y97.525 E511.909
G1 X113.331 Y97.414 E511.92224
G1 X113.61 Y97.4 E511.9292
G1 X125.59 Y97.4 E512.22804
G1 X126.145 Y97.458 E512.24188
G1 X126.662 Y97.627 E512.25526
G1 X127.126 Y97.896 E512.26834
G1 X127.525 Y98.252 E512.28144
G1 X127.853 Y98.703 E512.29512
G1 X128.074 Y99.202 E512.30848
G1 X128.185 Y99.723 E512.32162
G1 X128.2 Y100.01 E512.32878
G1 X128.2 Y104.2 E512.4333
G1 X129.082 Y104.2 E512.45531
G1 X129.299 Y104.28 E512.46107
G1 X129.37 Y104.379 E512.46411
G1 X129.4 Y104.522 E512.46776
G1 X129.4 Y115.486 E512.74126
G1 X129.379 Y115.609 E512.74437
G1 X129.311 Y115.714 E512.74749
G1 X129.203 Y115.781 E512.75066
G1 X129.082 Y115.8 E512.75372
G1 X128.2 Y115.8 E512.77572
G1 X128.2 Y119.99 E512.88024
G1 X128.142 Y120.545 E512.89393
G1 X127.975 Y121.057 E512.90713
G1 X127.704 Y121.526 E512.92041
G1 X127.348 Y121.925 E512.93351
G1 X126.897 Y122.253 E512.94716
G1 X126.398 Y122.474 E512.96053
G1 X125.871 Y122.586 E512.97381
G1 X125.59 Y122.6 E512.98082
G1 X113.61 Y122.6 E513.27967
G1 X113.057 Y122.543 E513.29345
G1 F3900 E509.79345
G0 F12000 X113.077 Y122.446
G0 X125.608 Y122.239
G0 X126.571 Y122.012
G0 X127.271 Y121.492
G0 X127.731 Y120.69
G0 X128.014 Y115.75
G0 X128.445 Y115.152
;TYPE:SKIN
G1 F3900 E513.29345
G1 F3000 X128.587 Y115.011 E513.29852
G1 X128.598 Y109.648 E513.43443
G1 X128.598 Y105.122 E513.54913
G1 X128.679 Y104.92 E513.55464
G0 F12000 X128.558 Y104.8
G1 F3900 E510.05464
G1 F600 Z5
;MESH:NONMESH
G0 F12000 X128.558 Y104.8 Z5
G0 X108.04 Y107.869
;TIME_ELAPSED:721.932753
;LAYER:31
;MESH:filament_filter_idig3d.stl
G0 X108.04 Y107.869 Z5.15
G0 X108.874 Y108.171
;TYPE:FILL
G1 F600 Z4.95
G1 F3900 E513.55464
G1 F5400 X109.1 Y108.186 E513.56142
G1 X109.254 Y108.175 E513.56604
G1 X109.254 Y111.826 E513.67533
G1 X109.1 Y111.814 E513.67996
G1 X108.874 Y111.829 E513.68674
G1 X108.699 Y111.861 E513.69206
G1 X108.543 Y111.901 E513.69688
G1 X108.348 Y111.971 E513.70308
G1 X108.174 Y112.054 E513.70886
G1 X108.04 Y112.131 E513.71348
G1 X108.04 Y107.869 E513.84106
G1 X108.174 Y107.946 E513.84569
G1 X108.348 Y108.029 E513.85146
G1 X108.543 Y108.099 E513.85766
G1 X108.699 Y108.139 E513.86248
G1 X108.874 Y108.171 E513.86781
G0 F12000 X108.839 Y108.839
G1 F5400 X108.519 Y108.519 E513.88135
G1 X108.61 Y108.543 E513.88417
G1 X108.824 Y108.582 E513.89068
G1 X108.84 Y108.583 E513.89116
G1 X108.839 Y111.16 E513.9683
G1 X108.519 Y111.479 E513.98183
G1 X108.454 Y111.497 E513.98385
G1 X108.454 Y108.503 E514.07347
G1 X108.454 Y108.403
G1 F3900 E510.57347
G0 F12000 X107.6 Y114.14
;TYPE:WALL-INNER
G1 F3900 E514.07347
G1 F5400 X107.6 Y105.86 E514.28001
G1 X108.149 Y106.092 E514.29488
G1 X108.784 Y106.229 E514.31109
G1 X109.416 Y106.229 E514.32685
G1 X109.694 Y106.169 E514.33395
G1 X109.694 Y113.836 E514.5252
G1 X109.426 Y113.771 E514.53208
G1 X108.784 Y113.771 E514.54809
G1 X108.149 Y113.908 E514.5643
G1 X107.6 Y114.14 E514.57917
G0 F12000 X107.669 Y114.545
G1 F5400 X107.2 Y114.829 E514.59284
G1 X107.2 Y105.17 E514.83379
G1 X107.668 Y105.455 E514.84746
G1 X108.27 Y105.709 E514.86376
G1 X108.827 Y105.829 E514.87797
G1 X109.373 Y105.829 E514.89159
G1 X109.93 Y105.709 E514.9058
G1 X110.094 Y105.64 E514.91024
G1 X110.094 Y114.352 E515.12756
G1 X110.063 Y114.337 E515.12842
G1 X109.378 Y114.171 E515.146
G1 X108.827 Y114.171 E515.15975
G1 X108.27 Y114.291 E515.17396
G1 X107.669 Y114.545 E515.19024
G1 F3900 E511.69024
G0 F12000 X107.024 Y115.143
G1 F3900 E515.19024
G0 F12000 X106.8 Y115.3
;TYPE:WALL-OUTER
G1 F1800 X106.8 Y104.7 E515.45465
G1 X107.198 Y104.7 E515.46458
G1 X107.851 Y105.098 E515.48366
G1 X108.391 Y105.326 E515.49828
G1 X108.87 Y105.429 E515.5105
G1 X109.33 Y105.429 E515.52198
G1 X109.809 Y105.326 E515.5342
G1 X110.347 Y105.099 E515.54877
G1 X110.494 Y105.019 E515.55294
G1 X110.494 Y114.981 E515.80144
G1 X109.93 Y114.716 E515.81699
G1 X109.33 Y114.571 E515.83239
G1 X108.87 Y114.571 E515.84386
G1 X108.391 Y114.674 E515.85608
G1 X107.851 Y114.902 E515.8707
G1 X107.194 Y115.3 E515.88987
G1 X106.8 Y115.3 E515.89969
G1 F3900 E512.39969
G1 F600 Z5.15
G0 F12000 X104.59 Y122.6 Z5.15
G1 F600 Z4.95
G1 F3900 E515.89969
G1 F1800 X92.61 Y122.6 E516.19854
G1 X92.055 Y122.542 E516.21246
G1 X91.538 Y122.373 E516.22602
G1 X91.068 Y122.1 E516.23958
G1 X90.671 Y121.743 E516.2529
G1 X90.345 Y121.294 E516.26674
G1 X90.126 Y120.798 E516.28027
G1 X90.014 Y120.271 E516.29371
G1 X90 Y119.99 E516.30073
G1 X90 Y115.673 E516.40841
G1 X90.1 Y115.672 E516.41091
G1 X90.1 Y104.325 E516.69396
G1 X90 Y104.325 E516.69645
G1 X90 Y100.01 E516.80409
G1 X90.059 Y99.452 E516.81809
G1 X90.227 Y98.938 E516.83158
G1 X90.496 Y98.474 E516.84496
G1 X90.863 Y98.066 E516.85865
G1 X91.303 Y97.747 E516.8722
G1 X91.802 Y97.526 E516.88582
G1 X92.329 Y97.414 E516.89926
G1 X92.61 Y97.4 E516.90628
G1 X104.59 Y97.4 E517.20512
G1 X105.145 Y97.458 E517.21904
G1 X105.662 Y97.627 E517.23261
G1 X106.126 Y97.896 E517.24599
G1 X106.525 Y98.252 E517.25932
G1 X106.853 Y98.703 E517.27324
G1 X107.074 Y99.202 E517.28685
G1 X107.152 Y99.512 E517.29482
G1 X107.049 Y99.558 E517.29764
G1 X106.813 Y99.795 E517.30598
G1 X106.794 Y99.859 E517.30765
G0 F12000 X106.713 Y99.391
G1 F1800 X106.504 Y98.898 E517.32092
G1 X106.24 Y98.534 E517.33206
G1 X105.894 Y98.22 E517.34362
G1 X105.493 Y97.989 E517.35512
G1 X105.055 Y97.848 E517.36655
G1 X104.606 Y97.8 E517.37774
G1 X92.594 Y97.8 E517.67626
G1 X92.143 Y97.848 E517.68744
G1 X91.705 Y97.99 E517.69868
G1 X91.231 Y98.281 E517.71225
G1 X90.82 Y98.706 E517.72675
G1 X90.59 Y99.107 E517.73819
G1 X90.448 Y99.545 E517.74963
G1 X90.4 Y99.994 E517.7608
G1 X90.4 Y104.325 E517.86829
G1 F3900 E514.36829
G0 F12000 X90.3 Y104.325
G0 X90.3 Y115.673
G1 F3900 E517.86829
G0 F12000 X90.4 Y115.673
G1 F1800 X90.4 Y120.006 E517.97637
G1 X90.448 Y120.457 E517.98755
G1 X90.59 Y120.895 E517.9988
G1 X90.82 Y121.294 E518.01004
G1 X91.134 Y121.64 E518.02146
G1 X91.499 Y121.905 E518.03247
G1 X91.922 Y122.093 E518.04377
G1 X92.354 Y122.186 E518.05457
G1 X92.594 Y122.2 E518.06057
G1 X104.606 Y122.2 E518.35909
G1 X105.057 Y122.152 E518.3704
G1 X105.556 Y121.981 E518.38356
G1 X105.894 Y121.78 E518.39337
G1 X106.24 Y121.466 E518.40503
G1 X106.505 Y121.101 E518.41628
G1 X106.693 Y120.678 E518.42782
G1 X106.793 Y120.16 E518.44098
G0 F12000 X107.154 Y120.483
G1 F1800 X106.974 Y121.06 E518.4558
G1 X106.704 Y121.526 E518.46901
G1 X106.348 Y121.925 E518.48211
G1 X105.897 Y122.253 E518.49578
G1 X105.398 Y122.474 E518.5091
G1 X104.871 Y122.586 E518.52241
G1 X104.59 Y122.6 E518.52942
G1 F3900 E515.02942
G1 F600 Z5.15
G0 F12000 X106.766 Y119.79 Z5.15
;TYPE:SKIN
G1 F600 Z4.95
G1 F3900 E518.52942
G1 F3000 X106.914 Y119.924 E518.53352
G1 X106.766 Y119.224 E518.54821
G1 X106.766 Y115.829 E518.61793
G1 X106.699 Y115.613 E518.62258
G1 F3900 E515.12258
G1 F600 Z5.15
G0 F12000 X106.865 Y104.417 Z5.15
G1 F600 Z4.95
G1 F3900 E518.62258
G1 F3000 X106.764 Y104.235 E518.62697
G1 X106.765 Y100.275 E518.71068
G1 X106.644 Y100.113 E518.71496
G1 F3900 E515.21496
G1 F600 Z5.15
G0 F12000 X107.99 Y106.449 Z5.15
;TYPE:SKIN
G1 F600 Z4.95
G1 F3900 E518.71496
G1 F3000 X108.03 Y106.466 E518.71604
G1 X108.743 Y106.619 E518.73423
G1 X109.304 Y106.619 E518.74822
G1 X109.304 Y107.737 E518.77611
G1 X108.921 Y107.741 E518.78567
G1 X108.515 Y107.632 E518.79615
G1 X107.99 Y107.326 E518.81131
G1 X107.99 Y106.449 E518.83319
G0 F12000 X108.555 Y106.971
G1 F3000 X108.403 Y107.123 E518.83855
G1 X108.373 Y107.104 E518.83944
G1 X108.373 Y106.933 E518.8437
G1 X108.403 Y107.123
G1 X108.663 Y107.273 E518.85119
G1 X108.784 Y107.306 E518.85432
G1 X108.919 Y107.172 E518.85906
G1 X108.919 Y107.343 E518.86333
G1 F3900 E515.36333
G0 F12000 X109.263 Y112.258
G1 F3900 E518.86333
G1 F3000 X109.304 Y112.264 E518.86436
G1 X109.304 Y113.381 E518.89223
G1 X108.743 Y113.381 E518.90622
G1 X108.03 Y113.534 E518.92441
G1 X107.99 Y113.551 E518.9255
G1 X107.99 Y112.674 E518.94737
G1 X108.375 Y112.435 E518.95868
G1 X108.795 Y112.281 E518.96984
G1 X109.263 Y112.258 E518.98152
G0 F12000 X108.92 Y112.996
G1 F3000 X108.919 Y112.828 E518.98572
G1 X108.752 Y112.996 E518.99162
G1 X108.702 Y112.996 E518.99287
G1 X108.374 Y113.066 E519.00124
G1 X108.374 Y112.886 E519.00573
G1 X108.54 Y112.782 E519.01061
G1 X108.871 Y112.661 E519.01941
G1 X108.919 Y112.659 E519.0206
G1 F3900 E515.5206
G1 F600 Z5.15
G0 F12000 X108.919 Y112.659 Z5.15
G0 X108.963 Y116.795
G1 F600 Z4.95
G0 F12000 X109.919 Y118.245
;TYPE:FILL
G1 F3900 E519.0206
G1 F5400 X109.481 Y117.956 E519.03631
G1 X109.123 Y117.66 E519.05022
G1 X108.976 Y117.496 E519.05681
G1 X108.945 Y117.411 E519.05952
G1 X108.944 Y116.827 E519.077
G1 X108.944 Y116.801 E519.07778
G1 X108.963 Y116.795 E519.07837
G1 X109.249 Y116.794 E519.08694
G1 X109.434 Y116.856 E519.09278
G1 X109.827 Y117.058 E519.106
G1 X110.16 Y117.273 E519.11787
G1 X110.16 Y118.362 E519.15047
G1 X109.919 Y118.245 E519.15849
G1 F3900 E515.65849
G0 F12000 X111.172 Y116.328
G0 X111.171 Y119.857
G0 X111.554 Y120.912
G0 X112.305 Y121.812
G0 X113.599 Y122.239
G0 X125.607 Y122.239
G0 X126.919 Y121.812
G0 X127.537 Y121.122
G0 X127.839 Y120.001
G0 X128.028 Y115.833
G0 X128.028 Y104.167
G0 X127.791 Y99.534
G0 X127.412 Y98.683
G0 X126.722 Y98.063
G0 X125.601 Y97.761
G0 X113.459 Y97.775
G0 X112.207 Y98.249
G0 X111.553 Y99.093
G0 X111.004 Y100.526
G0 X109.023 Y103.22
G1 F3900 E519.15849
G1 F5400 X108.947 Y103.204 E519.16081
G1 X108.947 Y102.562 E519.18003
G1 X109.134 Y102.331 E519.18893
G1 X109.488 Y102.035 E519.20274
G1 X109.834 Y101.804 E519.21519
G1 X110.16 Y101.634 E519.2262
G1 X110.16 Y102.738 E519.25924
G1 X109.61 Y103.065 E519.2784
G1 X109.325 Y103.185 E519.28765
G1 X109.023 Y103.22 E519.29676
G0 F12000 X109.244 Y104.065
;TYPE:WALL-INNER
G1 F5400 X108.956 Y104.065 E519.30394
G1 X108.637 Y103.997 E519.31208
G1 X108.107 Y103.758 E519.32658
G1 X108.107 Y102.439 E519.35948
G1 X108.18 Y102.186 E519.36605
G1 X108.376 Y101.889 E519.37493
G1 X108.539 Y101.734 E519.38054
G1 X108.983 Y101.364 E519.39495
G1 X109.408 Y101.079 E519.40772
G1 X109.879 Y100.832 E519.42099
G1 X110.321 Y100.676 E519.43268
G1 X110.652 Y100.608 E519.44111
G1 X111 Y100.59 E519.4498
G1 X111 Y103.5 E519.52239
G1 X110.521 Y103.5 E519.53434
G1 X109.987 Y103.818 E519.54984
G1 X109.561 Y103.997 E519.56137
G1 X109.244 Y104.065 E519.56946
G0 F12000 X109.439 Y103.614
G1 F5400 X108.997 Y103.665 E519.58056
G1 X108.764 Y103.615 E519.5865
G1 X108.507 Y103.499 E519.59353
G1 X108.507 Y102.495 E519.61858
G1 X108.547 Y102.356 E519.62219
G1 X108.815 Y102.024 E519.63283
G1 X109.221 Y101.686 E519.64601
G1 X109.613 Y101.423 E519.65778
G1 X110.04 Y101.199 E519.66981
G1 X110.6 Y101.027 E519.68443
G1 X110.6 Y103.1 E519.73614
G1 X110.411 Y103.1 E519.74085
G1 X109.805 Y103.46 E519.75843
G1 X109.439 Y103.614 E519.76834
G1 F3900 E516.26834
G0 F12000 X111.409 Y99.535
G0 X111.787 Y98.684
G0 X112.689 Y97.954
G0 X113.593 Y97.761
G0 X125.861 Y97.775
G0 X126.714 Y98.059
G0 X127.412 Y98.683
G0 X127.791 Y99.534
G0 X128.004 Y103.703
G0 X128.2 Y115.4
G1 F3900 E519.76834
G1 F5400 X128.2 Y104.6 E520.03775
G1 X129 Y104.6 E520.0577
G1 X129 Y115.4 E520.32711
G1 X128.2 Y115.4 E520.34707
G1 F3900 E516.84707
G0 F12000 X127.825 Y120.255
G0 X127.534 Y121.126
G0 X126.919 Y121.812
G0 X125.607 Y122.239
G0 X113.345 Y122.225
G0 X112.305 Y121.812
G0 X111.554 Y120.912
G0 X111.21 Y119.963
G0 X110.6 Y118.976
G1 F3900 E520.34707
G1 F5400 X110.154 Y118.849 E520.35863
G1 X109.706 Y118.631 E520.37106
G1 X109.217 Y118.31 E520.38565
G1 X108.816 Y117.976 E520.39867
G1 X108.594 Y117.729 E520.40696
G1 X108.505 Y117.492 E520.41327
G1 X108.504 Y116.825 E520.42991
G1 X108.506 Y116.494 E520.43817
G1 X108.881 Y116.355 E520.44814
G1 X109.318 Y116.354 E520.45904
G1 X109.606 Y116.448 E520.4666
G1 X110.057 Y116.682 E520.47928
G1 X110.394 Y116.9 E520.48929
G1 X110.6 Y116.9 E520.49443
G1 X110.6 Y118.976 E520.54621
G0 F12000 X111 Y119.41
G1 F5400 X110.538 Y119.374 E520.55777
G1 X110.01 Y119.224 E520.57146
G1 X109.51 Y118.981 E520.58533
G1 X108.98 Y118.633 E520.60115
G1 X108.536 Y118.263 E520.61556
G1 X108.247 Y117.941 E520.62636
G1 X108.105 Y117.564 E520.63641
G1 X108.104 Y116.823 E520.65489
G1 X108.107 Y116.252 E520.66914
G1 X108.44 Y116.076 E520.67853
G1 X108.798 Y115.961 E520.68791
G1 X109.1 Y115.928 E520.69549
G1 X109.402 Y115.961 E520.70307
G1 X109.761 Y116.077 E520.71248
G1 X110.255 Y116.334 E520.72637
G1 X110.512 Y116.5 E520.734
G1 X111 Y116.5 E520.74617
G1 X111 Y119.41 E520.81876
G1 F3900 E517.31876
G0 F12000 X111.554 Y120.912
G0 X112.08 Y121.597
G0 X113.076 Y122.446
G1 F3900 E520.81876
G0 F12000 X113.057 Y122.543
;TYPE:WALL-OUTER
G1 F1800 X112.544 Y122.376 E520.83222
G1 X112.072 Y122.103 E520.84582
G1 X111.671 Y121.743 E520.85927
G1 X111.345 Y121.294 E520.87311
G1 X111.126 Y120.798 E520.88663
G1 X111.014 Y120.271 E520.90007
G1 X110.991 Y119.81 E520.91159
G1 X110.466 Y119.77 E520.92472
G1 X109.87 Y119.6 E520.94018
G1 X109.315 Y119.331 E520.95557
G1 X108.739 Y118.953 E520.97275
G1 X108.256 Y118.55 E520.98844
G1 X107.903 Y118.156 E521.00164
G1 X107.743 Y117.758 E521.01234
G1 X107.705 Y117.618 E521.01596
G1 X107.704 Y116.821 E521.03584
G1 X107.708 Y116.01 E521.05607
G1 X108.284 Y115.706 E521.07232
G1 X108.714 Y115.567 E521.08359
G1 X109.1 Y115.525 E521.09328
G1 X109.486 Y115.567 E521.10296
G1 X109.916 Y115.706 E521.11423
G1 X110.454 Y115.986 E521.12936
G1 X110.63 Y116.1 E521.13459
G1 X111.4 Y116.1 E521.1538
G1 X111.4 Y120.006 E521.25124
G1 X111.448 Y120.457 E521.26242
G1 X111.59 Y120.895 E521.27367
G1 X111.82 Y121.294 E521.2849
G1 X112.134 Y121.64 E521.29631
G1 X112.499 Y121.905 E521.30733
G1 X112.922 Y122.093 E521.31865
G1 X113.354 Y122.186 E521.32967
G1 X113.594 Y122.2 E521.33567
G1 X125.606 Y122.2 E521.63531
G1 X126.057 Y122.152 E521.64662
G1 X126.556 Y121.981 E521.65978
G1 X126.894 Y121.78 E521.66959
G1 X127.24 Y121.466 E521.68125
G1 X127.505 Y121.101 E521.6925
G1 X127.693 Y120.678 E521.70405
G1 X127.786 Y120.246 E521.71507
G1 X127.8 Y120.006 E521.72107
G1 X127.8 Y115.8 E521.82599
G1 X127.8 Y104.2 E522.11535
G1 X127.8 Y99.994 E522.22027
G1 X127.752 Y99.543 E522.23158
G1 X127.61 Y99.105 E522.24307
G1 X127.38 Y98.706 E522.25456
G1 X127.066 Y98.36 E522.26621
G1 X126.701 Y98.095 E522.27746
G1 X126.28 Y97.908 E522.28895
G1 X125.846 Y97.814 E522.30003
G1 X125.606 Y97.8 E522.30603
G1 X113.594 Y97.8 E522.60567
G1 X113.143 Y97.848 E522.61698
G1 X112.705 Y97.99 E522.62847
G1 X112.231 Y98.281 E522.64234
G1 X111.82 Y98.706 E522.65709
G1 X111.59 Y99.107 E522.66862
G1 X111.448 Y99.545 E522.68011
G1 X111.4 Y99.994 E522.69137
G1 X111.4 Y103.9 E522.78881
G1 X110.631 Y103.9 E522.80799
G1 X110.169 Y104.175 E522.8214
G1 X109.683 Y104.38 E522.83456
G1 X109.286 Y104.465 E522.84469
G1 X108.914 Y104.465 E522.85397
G1 X108.517 Y104.38 E522.8641
G1 X108.027 Y104.173 E522.87736
G1 X107.707 Y103.99 E522.88656
G1 X107.707 Y102.381 E522.9267
G1 X107.811 Y102.018 E522.93612
G1 X108.07 Y101.628 E522.94779
G1 X108.263 Y101.444 E522.95445
G1 X108.745 Y101.042 E522.9701
G1 X109.203 Y100.735 E522.98386
G1 X109.718 Y100.465 E522.99836
G1 X110.216 Y100.289 E523.01154
G1 X110.598 Y100.211 E523.02126
G1 X110.992 Y100.19 E523.03111
G1 X111.058 Y99.449 E523.0494
G1 X111.229 Y98.933 E523.0629
G1 X111.504 Y98.462 E523.07647
G1 X111.863 Y98.066 E523.08962
G1 X112.306 Y97.745 E523.10298
G1 X112.805 Y97.525 E523.11634
G1 X113.327 Y97.415 E523.12951
G1 X113.61 Y97.4 E523.13657
G1 X125.59 Y97.4 E523.43542
G1 X126.145 Y97.458 E523.44912
G1 X126.662 Y97.627 E523.46245
G1 X127.126 Y97.896 E523.4756
G1 X127.525 Y98.252 E523.48871
G1 X127.852 Y98.701 E523.50231
G1 X128.074 Y99.202 E523.51574
G1 X128.185 Y99.724 E523.52892
G1 X128.2 Y100.01 E523.53605
G1 X128.2 Y104.2 E523.64057
G1 X129.082 Y104.2 E523.66257
G1 X129.295 Y104.276 E523.66822
G1 X129.37 Y104.381 E523.67143
G1 X129.4 Y104.522 E523.67503
G1 X129.4 Y115.485 E523.9485
G1 X129.379 Y115.61 E523.95166
G1 X129.211 Y115.779 E523.95761
G1 X129.082 Y115.8 E523.96087
G1 X128.2 Y115.8 E523.98287
G1 X128.2 Y119.99 E524.08739
G1 X128.142 Y120.545 E524.1011
G1 X127.974 Y121.06 E524.11437
G1 X127.704 Y121.526 E524.12758
G1 X127.348 Y121.925 E524.14069
G1 X126.897 Y122.253 E524.15435
G1 X126.398 Y122.474 E524.16767
G1 X125.871 Y122.586 E524.18098
G1 X125.59 Y122.6 E524.18799
G1 X113.61 Y122.6 E524.48683
G1 X113.057 Y122.543 E524.50048
G1 F3900 E521.00048
G1 F600 Z5.15
G0 F12000 X113.016 Y122.521 Z5.15
G0 X111.56 Y115.844
;TYPE:SKIN
G1 F600 Z4.95
G1 F3900 E524.50048
G1 F3000 X111.432 Y115.688 E524.50469
G1 X111.432 Y104.375 E524.74062
G1 X111.338 Y104.187 E524.745
G1 F3900 E521.245
G1 F600 Z5.15
G0 F12000 X128.472 Y104.872 Z5.15
G1 F600 Z4.95
G1 F3900 E524.745
G1 F3000 X128.599 Y105.028 E524.7501
G1 X128.599 Y114.928 E525.00099
G1 X128.704 Y115.105 E525.0062
G0 F12000 X128.609 Y115.2
G1 F3900 E521.5062
G1 F600 Z5.15
;MESH:NONMESH
G0 F12000 X128.609 Y115.2 Z5.15
G0 X108.039 Y107.985
;TIME_ELAPSED:740.880141
;LAYER:32
;MESH:filament_filter_idig3d.stl
G0 X108.039 Y107.985 Z5.3
G1 F600 Z5.1
G0 F12000 X108.765 Y111.7
;TYPE:FILL
G1 F3900 E525.0062
G1 F5400 X108.561 Y111.751 E525.0125
G1 X108.283 Y111.863 E525.02147
G1 X108.04 Y112.014 E525.03003
G1 X108.039 Y107.985 E525.15064
G1 X108.28 Y108.135 E525.15914
G1 X108.578 Y108.257 E525.16878
G1 X108.924 Y108.331 E525.17937
G1 X109.204 Y108.331 E525.18775
G1 X109.42 Y108.302 E525.19427
G1 X109.42 Y111.527 E525.29081
G1 X109.293 Y111.443 E525.29537
G1 X108.832 Y111.691 E525.31104
G1 X108.765 Y111.7 E525.31306
G0 F12000 X108.718 Y111.28
G1 F5400 X108.701 Y111.291 E525.31367
G1 X108.686 Y111.293 E525.31412
G1 X108.454 Y111.352 E525.32129
G1 X108.453 Y108.653 E525.40208
G0 F12000 X109.006 Y109.006
G1 F5400 X108.708 Y108.708 E525.41469
G1 X108.88 Y108.745 E525.41996
G1 X109.006 Y108.745 E525.42373
G1 X109.005 Y110.993 E525.49102
G1 X108.718 Y111.28 E525.50317
G1 F3900 E522.00317
G0 F12000 X107.6 Y114.016
;TYPE:WALL-INNER
G1 F3900 E525.50317
G1 F5400 X107.599 Y105.984 E525.70353
G1 X107.895 Y106.138 E525.71186
G1 X108.501 Y106.331 E525.72772
G1 X109.1 Y106.396 E525.74275
G1 X109.7 Y106.331 E525.75781
G1 X109.86 Y106.28 E525.76199
G1 X109.86 Y113.72 E525.94759
G1 X109.7 Y113.669 E525.95177
G1 X109.1 Y113.604 E525.96683
G1 X108.501 Y113.669 E525.98186
G1 X107.895 Y113.862 E525.99772
G1 X107.6 Y114.016 E526.00603
G0 F12000 X108.049 Y114.233
G1 F5400 X107.443 Y114.548 E526.02306
G1 X107.2 Y114.713 E526.03039
G1 X107.199 Y105.286 E526.26555
G1 X107.443 Y105.452 E526.27291
G1 X108.049 Y105.767 E526.28995
G1 X108.584 Y105.938 E526.30396
G1 X109.1 Y105.994 E526.3169
G1 X109.616 Y105.938 E526.32985
G1 X110.151 Y105.766 E526.34387
G1 X110.26 Y105.71 E526.34693
G1 X110.26 Y114.292 E526.561
G1 X110.156 Y114.236 E526.56395
G1 X109.616 Y114.062 E526.5781
G1 X109.1 Y114.006 E526.59105
G1 X108.584 Y114.062 E526.604
G1 X108.049 Y114.233 E526.61801
G1 F3900 E523.11801
G0 F12000 X107.094 Y114.99
G1 F3900 E526.61801
G0 F12000 X106.8 Y115.3
;TYPE:WALL-OUTER
G1 F1800 X106.799 Y104.7 E526.88243
G1 X107.049 Y104.7 E526.88866
G1 X107.648 Y105.108 E526.90674
G1 X108.203 Y105.396 E526.92234
G1 X108.668 Y105.545 E526.93452
G1 X109.1 Y105.592 E526.94536
G1 X109.532 Y105.545 E526.9562
G1 X109.997 Y105.395 E526.96839
G1 X110.552 Y105.109 E526.98396
G1 X110.66 Y105.041 E526.98715
G1 X110.66 Y114.959 E527.23455
G1 X109.999 Y114.606 E527.25324
G1 X109.532 Y114.455 E527.26549
G1 X109.1 Y114.408 E527.27633
G1 X108.668 Y114.455 E527.28717
G1 X108.203 Y114.604 E527.29935
G1 X107.648 Y114.892 E527.31495
G1 X107.049 Y115.3 E527.33302
G1 X106.8 Y115.3 E527.33924
G1 F3900 E523.83924
G1 F600 Z5.3
G0 F12000 X104.59 Y122.6 Z5.3
G1 F600 Z5.1
G1 F3900 E527.33924
G1 F1800 X92.61 Y122.6 E527.63808
G1 X92.055 Y122.542 E527.652
G1 X91.538 Y122.373 E527.66557
G1 X91.068 Y122.1 E527.67912
G1 X90.671 Y121.743 E527.69244
G1 X90.345 Y121.294 E527.70628
G1 X90.126 Y120.798 E527.71981
G1 X90.014 Y120.271 E527.73325
G1 X90 Y119.99 E527.74027
G1 X90 Y115.745 E527.84616
G1 X90.1 Y115.745 E527.84865
G1 X90.1 Y104.255 E528.13527
G1 X90 Y104.255 E528.13777
G1 X90 Y100.01 E528.24366
G1 X90.059 Y99.452 E528.25766
G1 X90.227 Y98.938 E528.27115
G1 X90.496 Y98.474 E528.28452
G1 X90.863 Y98.066 E528.29821
G1 X91.303 Y97.747 E528.31177
G1 X91.802 Y97.526 E528.32538
G1 X92.329 Y97.414 E528.33882
G1 X92.61 Y97.4 E528.34584
G1 X104.59 Y97.4 E528.64468
G1 X105.145 Y97.458 E528.6586
G1 X105.662 Y97.627 E528.67217
G1 X106.126 Y97.896 E528.68555
G1 X106.525 Y98.252 E528.69889
G1 X106.853 Y98.703 E528.7128
G1 X107.074 Y99.202 E528.72642
G1 X107.122 Y99.469 E528.73318
G1 X106.913 Y99.558 E528.73885
G1 X106.778 Y99.696 E528.74366
G1 X106.631 Y99.158 E528.75758
G1 X106.38 Y98.706 E528.77025
G1 X106.066 Y98.36 E528.78167
G1 X105.7 Y98.095 E528.79272
G1 X105.28 Y97.907 E528.80395
G1 X104.845 Y97.814 E528.81482
G1 X104.606 Y97.8 E528.82079
G1 X92.594 Y97.8 E529.11931
G1 X92.115 Y97.853 E529.13117
G1 X91.705 Y97.991 E529.14171
G1 X91.307 Y98.22 E529.15293
G1 X90.96 Y98.534 E529.16436
G1 X90.695 Y98.9 E529.1754
G1 X90.508 Y99.32 E529.18663
G1 X90.414 Y99.755 E529.1975
G1 X90.4 Y99.994 E529.20348
G1 X90.4 Y104.255 E529.30924
G1 F3900 E525.80924
G0 F12000 X90.3 Y104.255
G0 X90.3 Y115.745
G1 F3900 E529.30924
G0 F12000 X90.4 Y115.745
G1 F1800 X90.4 Y120.006 E529.41552
G1 X90.453 Y120.485 E529.42738
G1 X90.591 Y120.895 E529.43792
G1 X90.82 Y121.294 E529.44915
G1 X91.134 Y121.641 E529.46058
G1 X91.5 Y121.905 E529.4716
G1 X91.92 Y122.092 E529.48282
G1 X92.355 Y122.186 E529.49371
G1 X92.594 Y122.2 E529.49968
G1 X104.606 Y122.2 E529.7982
G1 X105.085 Y122.147 E529.81022
G1 X105.496 Y122.01 E529.82103
G1 X105.894 Y121.78 E529.8325
G1 X106.24 Y121.466 E529.84415
G1 X106.505 Y121.1 E529.85542
G1 X106.692 Y120.68 E529.86689
G1 X106.777 Y120.304 E529.87651
G0 F12000 X107.141 Y120.55
G1 F1800 X106.973 Y121.062 E529.88972
G1 X106.704 Y121.526 E529.90287
G1 X106.348 Y121.925 E529.91598
G1 X105.897 Y122.253 E529.92963
G1 X105.398 Y122.474 E529.94299
G1 X104.871 Y122.586 E529.95627
G1 X104.59 Y122.6 E529.96328
G1 F3900 E526.46328
G1 F600 Z5.3
G0 F12000 X106.693 Y119.986 Z5.3
;TYPE:SKIN
G1 F600 Z5.1
G1 F3900 E529.96328
G1 F3000 X106.703 Y119.714 E529.967
G1 X106.704 Y115.755 E530.02112
G1 X106.777 Y115.546 E530.02414
G1 F3900 E526.52414
G1 F600 Z5.3
G0 F12000 X106.672 Y104.409 Z5.3
G1 F600 Z5.1
G1 F3900 E530.02414
G1 F3000 X106.703 Y104.158 E530.02766
G1 X106.702 Y100.197 E530.08273
G1 X106.753 Y99.965 E530.08603
G1 F3900 E526.58603
G1 F600 Z5.3
G0 F12000 X107.989 Y106.577 Z5.3
;TYPE:SKIN
G1 F600 Z5.1
G1 F3900 E530.08603
G1 F3000 X108.419 Y106.715 E530.0973
G1 X109.1 Y106.788 E530.11438
G1 X109.47 Y106.748 E530.12367
G1 X109.47 Y107.848 E530.1511
G1 X109.179 Y107.901 E530.15848
G1 X108.707 Y107.845 E530.17034
G1 X108.278 Y107.628 E530.18233
G1 X107.989 Y107.398 E530.19155
G1 X107.989 Y106.577 E530.21203
G1 F3900 E526.71203
G0 F12000 X109.085 Y107.173
G1 F3900 E530.21203
G1 F3000 X108.844 Y107.147 E530.21807
G1 X109.085 Y107.388 E530.22657
G1 X109.085 Y107.501 E530.22939
G1 X108.815 Y107.471 E530.23617
G1 X108.486 Y107.304 E530.24537
G1 X108.372 Y107.214 E530.249
G1 X108.372 Y107.096 E530.25194
G1 F3900 E526.75194
G0 F12000 X109.269 Y111.943
G1 F3900 E530.25194
G1 F3000 X109.47 Y112.076 E530.25795
G1 X109.47 Y113.252 E530.28729
G1 X109.1 Y113.212 E530.29657
G1 X108.419 Y113.285 E530.31366
G1 X107.99 Y113.422 E530.32489
G1 X107.99 Y112.602 E530.34535
G1 X108.476 Y112.248 E530.36034
G1 X108.845 Y112.123 E530.37006
G1 X108.966 Y112.107 E530.37311
G1 X109.269 Y111.943 E530.3817
G0 F12000 X109.086 Y112.48
G1 F3000 X109.086 Y112.826 E530.39033
G1 X108.887 Y112.847 E530.39532
G1 X108.642 Y112.602 E530.40397
G1 X108.374 Y112.797 E530.41223
G1 X108.374 Y112.899 E530.41478
G1 F3900 E526.91478
G1 F600 Z5.3
G0 F12000 X108.374 Y112.899 Z5.3
G0 X108.925 Y116.659
G0 X109.289 Y116.662
;TYPE:FILL
G1 F600 Z5.1
G1 F3900 E530.41478
G1 F5400 X109.501 Y116.751 E530.42166
G1 X109.989 Y117.049 E530.43878
G1 X110.16 Y117.173 E530.4451
G1 X110.16 Y118.364 E530.48075
G1 X109.941 Y118.258 E530.48804
G1 X109.483 Y117.957 E530.50444
G1 X109.092 Y117.632 E530.51966
G1 X108.877 Y117.417 E530.52876
G1 X108.781 Y117.254 E530.53442
G1 X108.781 Y116.726 E530.55023
G1 X108.925 Y116.659 E530.55498
G1 X109.099 Y116.631 E530.56026
G1 X109.289 Y116.662 E530.56602
G1 F3900 E527.06602
G0 F12000 X111.171 Y119.86
G0 X111.675 Y121.12
G0 X112.48 Y121.938
G0 X113.599 Y122.239
G0 X125.606 Y122.239
G0 X126.514 Y122.045
G0 X127.536 Y121.124
G0 X127.839 Y120.001
G0 X128.028 Y115.833
G0 X128.028 Y104.167
G0 X127.786 Y99.509
G0 X127.412 Y98.682
G0 X126.725 Y98.065
G0 X125.601 Y97.761
G0 X113.594 Y97.761
G0 X112.69 Y97.956
G0 X111.803 Y98.683
G0 X110.885 Y100.747
G0 X109.024 Y103.368
G1 F3900 E530.56602
G1 F5400 X108.952 Y103.353 E530.56822
G1 X108.781 Y103.273 E530.57388
G1 X108.781 Y102.732 E530.59007
G1 X108.884 Y102.577 E530.59564
G1 X109.088 Y102.369 E530.60436
G1 X109.491 Y102.034 E530.62005
G1 X109.801 Y101.822 E530.63129
G1 X110.16 Y101.658 E530.64311
G1 X110.16 Y102.832 E530.67825
G1 X109.712 Y103.131 E530.69437
G1 X109.203 Y103.358 E530.71105
G1 X109.024 Y103.368 E530.71642
G0 F12000 X109.379 Y104.191
;TYPE:WALL-INNER
G1 F5400 X108.961 Y104.214 E530.72686
G1 X108.692 Y104.157 E530.73372
G1 X108.223 Y103.951 E530.7465
G1 X107.941 Y103.774 E530.75481
G1 X107.941 Y102.609 E530.78387
G1 X108.003 Y102.383 E530.78971
G1 X108.224 Y102.049 E530.7997
G1 X108.522 Y101.748 E530.81027
G1 X108.981 Y101.366 E530.82517
G1 X109.383 Y101.092 E530.8373
G1 X109.803 Y100.87 E530.84915
G1 X110.265 Y100.687 E530.86155
G1 X110.66 Y100.607 E530.8716
G1 X111 Y100.59 E530.88009
G1 X111 Y103.5 E530.95268
G1 X110.673 Y103.5 E530.96084
G1 X110.133 Y103.86 E530.97703
G1 X109.691 Y104.089 E530.98945
G1 X109.379 Y104.191 E530.99764
G0 F12000 X109.304 Y103.795
G1 F5400 X108.992 Y103.812 E531.00543
G1 X108.816 Y103.775 E531.00992
G1 X108.341 Y103.552 E531.02301
G1 X108.341 Y102.664 E531.04516
G1 X108.372 Y102.551 E531.04808
G1 X108.539 Y102.299 E531.05562
G1 X108.791 Y102.044 E531.06456
G1 X109.218 Y101.689 E531.07842
G1 X109.589 Y101.436 E531.08962
G1 X110.38 Y101.072 E531.11134
G1 X110.6 Y101.027 E531.11694
G1 X110.6 Y103.1 E531.16865
G1 X110.552 Y103.1 E531.16985
G1 X109.927 Y103.517 E531.18859
G1 X109.304 Y103.795 E531.20561
G1 F3900 E527.70561
G0 F12000 X111.375 Y99.741
G0 X111.803 Y98.683
G0 X112.68 Y97.96
G0 X113.594 Y97.761
G0 X125.854 Y97.775
G0 X126.717 Y98.061
G0 X127.412 Y98.682
G0 X127.786 Y99.509
G0 X128.003 Y103.701
G0 X128.2 Y115.4
G1 F3900 E531.20561
G1 F5400 X128.2 Y104.6 E531.47502
G1 X129 Y104.6 E531.49497
G1 X129 Y115.4 E531.76438
G1 X128.2 Y115.4 E531.78433
G1 F3900 E528.28433
G0 F12000 X127.761 Y120.554
G0 X127.074 Y121.67
G0 X126.093 Y122.185
G0 X113.34 Y122.225
G0 X112.303 Y121.812
G0 X111.557 Y120.915
G0 X111.21 Y119.966
G0 X110.6 Y118.972
G1 F3900 E531.78433
G1 F5400 X110.154 Y118.849 E531.79588
G1 X109.717 Y118.638 E531.80798
G1 X109.225 Y118.316 E531.82265
G1 X108.802 Y117.964 E531.83638
G1 X108.527 Y117.687 E531.84611
G1 X108.341 Y117.375 E531.85517
G1 X108.341 Y116.448 E531.8783
G1 X108.794 Y116.235 E531.89078
G1 X109.099 Y116.186 E531.89849
G1 X109.411 Y116.236 E531.90637
G1 X109.705 Y116.36 E531.91433
G1 X110.231 Y116.68 E531.92969
G1 X110.533 Y116.9 E531.93901
G1 X110.6 Y116.9 E531.94068
G1 X110.6 Y118.972 E531.99237
G0 F12000 X111 Y119.409
G1 F5400 X110.461 Y119.361 E532.00587
G1 X110.015 Y119.225 E532.0175
G1 X109.52 Y118.987 E532.0312
G1 X108.979 Y118.632 E532.04734
G1 X108.533 Y118.261 E532.06181
G1 X108.211 Y117.936 E532.07322
G1 X107.96 Y117.526 E532.08522
G1 X107.941 Y117.408 E532.0882
G1 X107.941 Y116.226 E532.11768
G1 X108.223 Y116.049 E532.12599
G1 X108.681 Y115.848 E532.13847
G1 X109.1 Y115.78 E532.14905
G1 X109.522 Y115.849 E532.15972
G1 X109.888 Y116.003 E532.16963
G1 X110.446 Y116.343 E532.18593
G1 X110.663 Y116.5 E532.19261
G1 X111 Y116.5 E532.20101
G1 X111 Y119.409 E532.27358
G1 F3900 E528.77358
G0 F12000 X111.675 Y121.12
G0 X113.067 Y122.445
G1 F3900 E532.27358
G0 F12000 X113.057 Y122.543
;TYPE:WALL-OUTER
G1 F1800 X112.544 Y122.377 E532.28703
G1 X112.072 Y122.103 E532.30064
G1 X111.671 Y121.743 E532.31409
G1 X111.345 Y121.294 E532.32793
G1 X111.126 Y120.798 E532.34145
G1 X111.014 Y120.271 E532.35489
G1 X110.991 Y119.81 E532.36641
G1 X110.382 Y119.755 E532.38166
G1 X109.871 Y119.6 E532.39498
G1 X109.32 Y119.334 E532.41024
G1 X108.744 Y118.957 E532.42741
G1 X108.259 Y118.553 E532.44316
G1 X107.906 Y118.197 E532.45567
G1 X107.702 Y117.917 E532.46431
G1 X107.574 Y117.643 E532.47185
G1 X107.541 Y117.443 E532.47691
G1 X107.541 Y116.004 E532.5128
G1 X108.036 Y115.695 E532.52736
G1 X108.568 Y115.461 E532.54186
G1 X109.1 Y115.375 E532.5553
G1 X109.632 Y115.461 E532.56874
G1 X110.074 Y115.648 E532.58072
G1 X110.662 Y116.006 E532.59789
G1 X110.792 Y116.1 E532.60189
G1 X111.4 Y116.1 E532.61706
G1 X111.4 Y120.006 E532.71449
G1 X111.453 Y120.485 E532.72636
G1 X111.591 Y120.895 E532.7369
G1 X111.82 Y121.294 E532.74813
G1 X112.134 Y121.641 E532.75955
G1 X112.5 Y121.905 E532.77057
G1 X112.92 Y122.092 E532.78182
G1 X113.355 Y122.186 E532.79293
G1 X113.594 Y122.2 E532.7989
G1 X125.606 Y122.2 E533.09854
G1 X126.085 Y122.147 E533.11056
G1 X126.496 Y122.01 E533.12137
G1 X126.894 Y121.78 E533.13283
G1 X127.24 Y121.466 E533.14449
G1 X127.505 Y121.1 E533.15576
G1 X127.692 Y120.68 E533.16723
G1 X127.786 Y120.245 E533.17833
G1 X127.8 Y120.006 E533.1843
G1 X127.8 Y115.8 E533.28922
G1 X127.8 Y104.2 E533.57859
G1 X127.8 Y99.994 E533.68351
G1 X127.747 Y99.515 E533.69553
G1 X127.609 Y99.105 E533.70632
G1 X127.38 Y98.706 E533.71779
G1 X127.066 Y98.36 E533.72945
G1 X126.7 Y98.095 E533.74072
G1 X126.28 Y97.907 E533.7522
G1 X125.845 Y97.814 E533.7633
G1 X125.606 Y97.8 E533.76927
G1 X113.594 Y97.8 E534.06891
G1 X113.115 Y97.853 E534.08093
G1 X112.705 Y97.991 E534.09172
G1 X112.307 Y98.22 E534.10318
G1 X111.96 Y98.534 E534.11485
G1 X111.695 Y98.9 E534.12612
G1 X111.508 Y99.32 E534.13759
G1 X111.414 Y99.755 E534.14869
G1 X111.4 Y99.994 E534.15466
G1 X111.4 Y103.9 E534.2521
G1 X110.794 Y103.9 E534.26722
G1 X110.34 Y104.203 E534.28083
G1 X109.847 Y104.459 E534.29469
G1 X109.453 Y104.587 E534.30502
G1 X108.93 Y104.616 E534.31809
G1 X108.568 Y104.539 E534.32732
G1 X108.036 Y104.305 E534.34182
G1 X107.541 Y103.996 E534.35638
G1 X107.541 Y102.556 E534.3923
G1 X107.636 Y102.213 E534.40117
G1 X107.909 Y101.8 E534.41352
G1 X108.253 Y101.452 E534.42573
G1 X108.744 Y101.043 E534.44167
G1 X109.17 Y100.753 E534.45453
G1 X109.64 Y100.504 E534.46779
G1 X110.151 Y100.302 E534.4815
G1 X110.608 Y100.21 E534.49313
G1 X110.992 Y100.19 E534.50272
G1 X111.058 Y99.449 E534.52083
G1 X111.226 Y98.938 E534.53404
G1 X111.503 Y98.463 E534.54753
G1 X111.863 Y98.066 E534.56066
G1 X112.303 Y97.747 E534.57398
G1 X112.805 Y97.525 E534.58742
G1 X113.331 Y97.414 E534.60067
G1 X113.61 Y97.4 E534.60763
G1 X125.59 Y97.4 E534.90535
G1 X126.145 Y97.458 E534.91904
G1 X126.662 Y97.627 E534.93236
G1 X127.126 Y97.896 E534.94552
G1 X127.525 Y98.252 E534.95862
G1 X127.852 Y98.701 E534.97224
G1 X128.072 Y99.196 E534.9855
G1 X128.185 Y99.725 E534.99883
G1 X128.2 Y100.01 E535.00594
G1 X128.2 Y104.2 E535.11046
G1 X129.082 Y104.2 E535.13246
G1 X129.298 Y104.279 E535.1382
G1 X129.37 Y104.379 E535.14127
G1 X129.4 Y104.522 E535.14491
G1 X129.4 Y115.484 E535.41836
G1 X129.379 Y115.609 E535.42152
G1 X129.308 Y115.716 E535.42473
G1 X129.203 Y115.781 E535.42781
G1 X129.082 Y115.8 E535.43086
G1 X128.2 Y115.8 E535.45286
G1 X128.2 Y119.99 E535.55738
G1 X128.142 Y120.545 E535.57109
G1 X127.973 Y121.062 E535.58442
G1 X127.704 Y121.526 E535.59757
G1 X127.348 Y121.925 E535.61068
G1 X126.897 Y122.253 E535.62433
G1 X126.398 Y122.474 E535.63769
G1 X125.871 Y122.586 E535.65097
G1 X125.59 Y122.6 E535.65798
G1 X113.61 Y122.6 E535.95682
G1 X113.057 Y122.543 E535.97048
G1 F3900 E532.47048
G1 F600 Z5.3
G0 F12000 X113.015 Y122.523 Z5.3
G0 X111.494 Y115.737
;TYPE:SKIN
G1 F600 Z5.1
G1 F3900 E535.97048
G1 F3000 X111.494 Y115.454 E535.97429
G1 X111.494 Y104.423 E536.12281
G1 X111.534 Y104.18 E536.12613
G1 F3900 E532.62613
G1 F600 Z5.3
G0 F12000 X128.598 Y105.122 Z5.3
G1 F600 Z5.1
G1 F3900 E536.12613
G1 F3000 X128.679 Y104.92 E536.13157
G1 X128.598 Y105.971 E536.15792
G1 X128.598 Y114.739 E536.37713
G1 X128.445 Y115.152 E536.38814
G0 F12000 X128.4 Y115.104
G1 F3900 E532.88814
G1 F600 Z5.3
;MESH:NONMESH
G0 F12000 X128.4 Y115.104 Z5.3
G0 X108.04 Y108.087
;TIME_ELAPSED:760.092088
;LAYER:33
;MESH:filament_filter_idig3d.stl
G0 X108.04 Y108.087 Z5.45
G1 F600 Z5.25
G0 F12000 X109.101 Y108.834
;TYPE:FILL
G1 F3900 E536.38814
G1 F5400 X109.558 Y108.515 E536.40482
G1 X109.558 Y111.502 E536.49423
G1 X109.218 Y111.275 E536.50647
G1 X108.217 Y111.777 E536.53999
G1 X108.039 Y111.913 E536.5467
G1 X108.04 Y108.087 E536.66123
G1 X108.078 Y108.118 E536.66269
G1 X109.101 Y108.834 E536.70007
G1 F3900 E533.20007
G1 F600 Z5.45
G0 F12000 X109.101 Y108.834 Z5.45
G0 X106.782 Y99.565
;TYPE:WALL-OUTER
G1 F600 Z5.25
G1 F3900 E536.70007
G1 F1800 X106.76 Y99.589 E536.70088
G1 X106.61 Y99.106 E536.7135
G1 X106.38 Y98.706 E536.72501
G1 X106.067 Y98.361 E536.73663
G1 X105.7 Y98.095 E536.74794
G1 X105.28 Y97.907 E536.75942
G1 X104.844 Y97.814 E536.77054
G1 X104.606 Y97.8 E536.77648
G1 X99.073 Y97.8 E536.9145
G1 X99.072 Y97.4 E536.92448
G1 X104.59 Y97.4 E537.06161
G1 X105.145 Y97.458 E537.07531
G1 X105.662 Y97.627 E537.08863
G1 X106.126 Y97.896 E537.10178
G1 X106.525 Y98.252 E537.11489
G1 X106.853 Y98.703 E537.12856
G1 X107.074 Y99.202 E537.14217
G1 X107.133 Y99.421 E537.14783
G1 X106.782 Y99.565 E537.15729
G1 F3900 E533.65729
G1 F600 Z5.45
G0 F12000 X106.973 Y99.054 Z5.45
G0 X107.599 Y113.878
;TYPE:WALL-INNER
G1 F600 Z5.25
G1 F3900 E537.15729
G1 F5400 X107.6 Y106.122 E537.35076
G1 X107.665 Y106.162 E537.35267
G1 X108.25 Y106.409 E537.36851
G1 X108.818 Y106.531 E537.383
G1 X109.382 Y106.531 E537.39707
G1 X109.956 Y106.409 E537.41171
G1 X109.998 Y106.39 E537.41286
G1 X109.998 Y113.61 E537.59296
G1 X109.954 Y113.591 E537.59416
G1 X109.383 Y113.469 E537.60872
G1 X108.818 Y113.469 E537.62282
G1 X108.25 Y113.591 E537.63731
G1 X107.665 Y113.838 E537.65315
G1 X107.599 Y113.878 E537.65507
G0 F12000 X107.848 Y114.195
G1 F5400 X107.224 Y114.575 E537.6733
G1 X107.199 Y114.594 E537.67408
G1 X107.2 Y105.407 E537.90325
G1 X107.224 Y105.425 E537.904
G1 X107.848 Y105.805 E537.92223
G1 X108.371 Y106.026 E537.93639
G1 X108.86 Y106.131 E537.94887
G1 X109.34 Y106.131 E537.96084
G1 X109.832 Y106.026 E537.97339
G1 X110.398 Y105.777 E537.98881
G1 X110.398 Y114.224 E538.19952
G1 X109.83 Y113.974 E538.21501
G1 X109.341 Y113.869 E538.22748
G1 X108.86 Y113.869 E538.23948
G1 X108.371 Y113.974 E538.25196
G1 X107.848 Y114.195 E538.26612
G1 F3900 E534.76612
G0 F12000 X107.088 Y114.888
G1 F3900 E538.26612
G0 F12000 X106.799 Y115.3
;TYPE:WALL-OUTER
G1 F1800 X106.8 Y104.7 E538.53054
G1 X106.921 Y104.7 E538.53356
G1 X107.448 Y105.093 E538.54995
G1 X108.031 Y105.448 E538.56698
G1 X108.492 Y105.643 E538.57947
G1 X108.902 Y105.731 E538.58993
G1 X109.298 Y105.731 E538.59981
G1 X109.708 Y105.643 E538.61027
G1 X110.256 Y105.402 E538.6252
G1 X110.75 Y105.094 E538.63972
G1 X110.798 Y105.061 E538.64118
G1 X110.798 Y114.94 E538.88761
G1 X110.256 Y114.598 E538.90359
G1 X109.706 Y114.357 E538.91857
G1 X109.298 Y114.269 E538.92899
G1 X108.902 Y114.269 E538.93886
G1 X108.492 Y114.357 E538.94932
G1 X108.031 Y114.552 E538.96181
G1 X107.448 Y114.907 E538.97884
G1 X106.922 Y115.3 E538.99522
G1 X106.799 Y115.3 E538.99828
G1 F3900 E535.49828
G1 F600 Z5.45
G0 F12000 X99.073 Y122.6 Z5.45
G1 F600 Z5.25
G1 F3900 E538.99828
G1 F1800 X99.072 Y122.2 E539.00826
G1 X104.606 Y122.2 E539.14631
G1 X105.057 Y122.152 E539.15762
G1 X105.495 Y122.01 E539.16911
G1 X105.894 Y121.78 E539.1806
G1 X106.239 Y121.467 E539.19222
G1 X106.506 Y121.1 E539.20354
G1 X106.692 Y120.68 E539.215
G1 X106.76 Y120.41 E539.22194
G0 F12000 X107.011 Y120.553
G1 F1800 X107.135 Y120.571 E539.22507
G1 X106.973 Y121.062 E539.23774
G1 X106.704 Y121.526 E539.2509
G1 X106.348 Y121.925 E539.264
G1 X105.897 Y122.253 E539.27766
G1 X105.398 Y122.474 E539.29103
G1 X104.871 Y122.586 E539.30433
G1 X104.59 Y122.6 E539.31134
G1 X99.073 Y122.6 E539.44896
G1 F3900 E535.94896
G1 F600 Z5.45
G0 F12000 X106.649 Y119.906 Z5.45
;TYPE:SKIN
G1 F600 Z5.25
G1 F3900 E539.44896
G1 F3000 X106.649 Y119.623 E539.45089
G1 X106.65 Y115.663 E539.47776
G1 F3900 E535.97776
G1 F600 Z5.45
G0 F12000 X106.751 Y120.088 Z5.45
G1 F600 Z5.25
G1 F3900 E539.47776
G1 F3000 X106.707 Y120.132 E539.47854
G1 F3900 E535.97854
G1 F600 Z5.45
G0 F12000 X106.65 Y104.349 Z5.45
G1 F600 Z5.25
G1 F3900 E539.47854
G1 F3000 X106.65 Y104.067 E539.48044
G1 X106.656 Y100.101 E539.50717
G1 X106.638 Y99.835 E539.50896
G1 F3900 E536.00896
G1 F600 Z5.45
G0 F12000 X107.99 Y106.723 Z5.45
;TYPE:SKIN
G1 F600 Z5.25
G1 F3900 E539.50896
G1 F3000 X108.133 Y106.783 E539.51283
G1 X108.777 Y106.921 E539.52926
G1 X109.423 Y106.921 E539.54538
G1 X109.608 Y106.882 E539.55009
G1 X109.608 Y107.954 E539.57683
G1 X109.1 Y108.309 E539.59229
G1 X108.34 Y107.777 E539.61543
G1 X107.99 Y107.464 E539.62715
G1 X107.99 Y106.723 E539.64563
G0 F12000 X108.373 Y107.226
G1 F3000 X108.373 Y107.291 E539.64725
G1 X108.572 Y107.47 E539.65393
G1 X108.6 Y107.49 E539.65479
G1 X108.786 Y107.304 E539.66135
G1 X109.223 Y107.305 E539.67225
G1 X109.223 Y107.434 E539.67547
G1 X108.933 Y107.724 E539.6857
G0 F12000 X109.098 Y107.84
G1 F3000 X109.223 Y107.752 E539.68951
G1 X109.223 Y107.434 E539.69744
G0 F12000 X108.736 Y107.304
G1 F3000 X108.373 Y107.226 E539.70671
G1 F3900 E536.20671
G0 F12000 X109.187 Y111.771
G1 F3900 E539.70671
G1 F3000 X109.608 Y112.053 E539.71935
G1 X109.608 Y113.118 E539.74591
G1 X109.424 Y113.079 E539.75061
G1 X108.777 Y113.079 E539.76674
G1 X108.133 Y113.217 E539.78317
G1 X107.989 Y113.278 E539.78708
G1 X107.989 Y112.53 E539.80573
G1 X108.446 Y112.142 E539.82069
G1 X109.187 Y111.771 E539.84136
G0 F12000 X109.223 Y112.694
G1 F3000 X109.223 Y112.524 E539.8456
G1 X109.054 Y112.694 E539.85158
G1 X108.737 Y112.694 E539.85949
G1 X108.42 Y112.762 E539.86758
G1 X108.778 Y112.404 E539.8802
G1 X108.654 Y112.466
G1 X108.373 Y112.706 E539.88942
G1 X108.372 Y112.772 E539.89107
G1 X108.42 Y112.762 E539.89229
G1 F3900 E536.39229
G1 F600 Z5.45
G0 F12000 X108.42 Y112.762 Z5.45
G0 X98.128 Y122.6
;TYPE:WALL-OUTER
G1 F600 Z5.25
G1 F3900 E539.89229
G1 F1800 X92.61 Y122.6 E540.02994
G1 X92.055 Y122.542 E540.04386
G1 X91.538 Y122.373 E540.05743
G1 X91.068 Y122.1 E540.07099
G1 X90.671 Y121.743 E540.0843
G1 X90.345 Y121.294 E540.09815
G1 X90.126 Y120.798 E540.11167
G1 X90.014 Y120.271 E540.12511
G1 X90 Y119.99 E540.13213
G1 X90 Y115.806 E540.2365
G1 X90.1 Y115.806 E540.23899
G1 X90.1 Y104.194 E540.52866
G1 X90 Y104.194 E540.53115
G1 X90 Y100.01 E540.63552
G1 X90.058 Y99.455 E540.64944
G1 X90.227 Y98.938 E540.66301
G1 X90.496 Y98.474 E540.67639
G1 X90.863 Y98.066 E540.69008
G1 X91.303 Y97.747 E540.70363
G1 X91.802 Y97.526 E540.71725
G1 X92.329 Y97.414 E540.73069
G1 X92.61 Y97.4 E540.73771
G1 X98.127 Y97.4 E540.87533
G1 X98.128 Y97.8 E540.88531
G1 X92.594 Y97.8 E541.02334
G1 X92.143 Y97.848 E541.03452
G1 X91.706 Y97.99 E541.04575
G1 X91.307 Y98.221 E541.05701
G1 X90.961 Y98.533 E541.06839
G1 X90.694 Y98.9 E541.07948
G1 X90.508 Y99.32 E541.0907
G1 X90.414 Y99.756 E541.1016
G1 X90.4 Y99.994 E541.10755
G1 X90.4 Y104.194 E541.21193
G1 F3900 E537.71193
G0 F12000 X90.3 Y104.194
G0 X90.3 Y115.806
G1 F3900 E541.21193
G0 F12000 X90.4 Y115.806
G1 F1800 X90.4 Y120.006 E541.31669
G1 X90.448 Y120.457 E541.32787
G1 X90.59 Y120.894 E541.33909
G1 X90.82 Y121.294 E541.35035
G1 X91.133 Y121.639 E541.36174
G1 X91.5 Y121.906 E541.37282
G1 X91.92 Y122.092 E541.38403
G1 X92.356 Y122.186 E541.39494
G1 X92.594 Y122.2 E541.40089
G1 X98.127 Y122.2 E541.53839
G1 X98.128 Y122.6 E541.54837
G1 F3900 E538.04837
G1 F600 Z5.45
G0 F12000 X108.648 Y117.134 Z5.45
G1 F600 Z5.45
G0 F12000 X110.16 Y102.926
;TYPE:FILL
G1 F600 Z5.25
G1 F3900 E541.54837
G1 F5400 X109.573 Y103.332 E541.56973
G1 X109.323 Y103.464 E541.5782
G1 X109.123 Y103.518 E541.5844
G1 X109.043 Y103.514 E541.58679
G1 X108.769 Y103.411 E541.59556
G1 X108.643 Y103.332 E541.60001
G1 X108.643 Y102.889 E541.61327
G1 X108.647 Y102.872 E541.61379
G1 X108.776 Y102.696 E541.62032
G1 X109.12 Y102.343 E541.63508
G1 X109.469 Y102.051 E541.6487
G1 X109.865 Y101.785 E541.66298
G1 X110.098 Y101.66 E541.67089
G1 X110.16 Y101.634 E541.67291
G1 X110.16 Y102.926 E541.71158
G1 F3900 E538.21158
G1 F600 Z5.45
G0 F12000 X110.16 Y102.926 Z5.45
G0 X109.106 Y116.483
G1 F600 Z5.25
G1 F3900 E541.71158
G1 F5400 X109.213 Y116.499 E541.71482
G1 X109.616 Y116.691 E541.72818
G1 X109.82 Y116.825 E541.73549
G1 X110.16 Y117.07 E541.74803
G1 X110.16 Y118.365 E541.7868
G1 X109.948 Y118.262 E541.79385
G1 X109.482 Y117.96 E541.81048
G1 X109.095 Y117.634 E541.82562
G1 X108.747 Y117.275 E541.84059
G1 X108.648 Y117.134 E541.84575
G1 X108.641 Y117.11 E541.8465
G1 X108.642 Y116.675 E541.85952
G1 X108.885 Y116.536 E541.8679
G1 X109.106 Y116.483 E541.8747
G0 F12000 X109.091 Y116.035
;TYPE:WALL-INNER
G1 F5400 X109.349 Y116.077 E541.88122
G1 X109.834 Y116.307 E541.89461
G1 X110.058 Y116.454 E541.90129
G1 X110.6 Y116.847 E541.91799
G1 X110.6 Y118.977 E541.97113
G1 X110.165 Y118.855 E541.9824
G1 X109.727 Y118.643 E541.99454
G1 X109.221 Y118.315 E542.00958
G1 X108.786 Y117.95 E542.02374
G1 X108.414 Y117.564 E542.03712
G1 X108.246 Y117.327 E542.04436
G1 X108.201 Y117.172 E542.04839
G1 X108.202 Y116.419 E542.06717
G1 X108.72 Y116.124 E542.08204
G1 X109.091 Y116.035 E542.09156
G0 F12000 X109.075 Y115.627
G1 F5400 X109.469 Y115.691 E542.10152
G1 X110.032 Y115.959 E542.11707
G1 X110.285 Y116.124 E542.12461
G1 X110.803 Y116.5 E542.14057
G1 X111 Y116.5 E542.14549
G1 X111 Y119.409 E542.21805
G1 X110.536 Y119.374 E542.22966
G1 X110.023 Y119.23 E542.24295
G1 X109.526 Y118.99 E542.25672
G1 X108.996 Y118.646 E542.27248
G1 X108.965 Y118.622 E542.27346
G1 X108.508 Y118.238 E542.28835
G1 X108.104 Y117.82 E542.30285
G1 X107.881 Y117.504 E542.3125
G1 X107.801 Y117.227 E542.31969
G1 X107.802 Y116.21 E542.34506
G1 X108.107 Y115.998 E542.35432
G1 X108.578 Y115.747 E542.36764
G1 X109.075 Y115.627 E542.38039
G1 F3900 E538.88039
G1 F600 Z5.45
G0 F12000 X109.119 Y115.834 Z5.45
G0 X108.954 Y103.95
G1 F600 Z5.25
G1 F3900 E542.38039
G1 F5400 X108.568 Y103.805 E542.39068
G1 X108.203 Y103.578 E542.4014
G1 X108.203 Y102.829 E542.42008
G1 X108.244 Y102.676 E542.42403
G1 X108.437 Y102.411 E542.43221
G1 X108.808 Y102.031 E542.44546
G1 X109.206 Y101.698 E542.4584
G1 X109.643 Y101.405 E542.47153
G1 X109.911 Y101.259 E542.47914
G1 X110.386 Y101.07 E542.49189
G1 X110.6 Y101.027 E542.49734
G1 X110.6 Y103.158 E542.5505
G1 X109.806 Y103.707 E542.57458
G1 X109.48 Y103.877 E542.58375
G1 X109.17 Y103.962 E542.59177
G1 X108.954 Y103.95 E542.59716
G0 F12000 X108.871 Y104.346
G1 F5400 X108.388 Y104.164 E542.61004
G1 X107.83 Y103.818 E542.62642
G1 X107.803 Y103.798 E542.62726
G1 X107.803 Y102.777 E542.65272
G1 X107.878 Y102.499 E542.65991
G1 X108.13 Y102.152 E542.6706
G1 X108.537 Y101.736 E542.68512
G1 X108.962 Y101.38 E542.69895
G1 X109.437 Y101.062 E542.71321
G1 X109.743 Y100.895 E542.72191
G1 X110.268 Y100.686 E542.736
G1 X110.658 Y100.608 E542.74592
G1 X111 Y100.59 E542.75447
G1 X111 Y103.5 E542.82706
G1 X110.809 Y103.5 E542.83182
G1 X110.016 Y104.049 E542.85588
G1 X109.625 Y104.252 E542.86687
G1 X109.216 Y104.364 E542.87745
G1 X108.871 Y104.346 E542.88607
G0 F12000 X108.788 Y104.742
;TYPE:WALL-OUTER
G1 F1800 X108.208 Y104.523 E542.90153
G1 X107.611 Y104.153 E542.91905
G1 X107.403 Y103.999 E542.92551
G1 X107.403 Y102.725 E542.95729
G1 X107.512 Y102.322 E542.9677
G1 X107.823 Y101.893 E542.98092
G1 X108.266 Y101.441 E542.99671
G1 X108.718 Y101.062 E543.01142
G1 X109.227 Y100.721 E543.02671
G1 X109.574 Y100.531 E543.03657
G1 X110.151 Y100.302 E543.05206
G1 X110.607 Y100.211 E543.06366
G1 X110.991 Y100.19 E543.07325
G1 X111.06 Y99.446 E543.09189
G1 X111.228 Y98.935 E543.10531
G1 X111.496 Y98.474 E543.11861
G1 X111.863 Y98.066 E543.1323
G1 X112.298 Y97.75 E543.14571
G1 X112.805 Y97.525 E543.15955
G1 X113.33 Y97.414 E543.17293
G1 X113.61 Y97.4 E543.17993
G1 X119.127 Y97.4 E543.31755
G1 X119.128 Y97.8 E543.32753
G1 X113.594 Y97.8 E543.46556
G1 X113.143 Y97.848 E543.47674
G1 X112.706 Y97.99 E543.48796
G1 X112.307 Y98.221 E543.49923
G1 X111.961 Y98.533 E543.51061
G1 X111.694 Y98.9 E543.5217
G1 X111.508 Y99.32 E543.53292
G1 X111.414 Y99.756 E543.54382
G1 X111.4 Y99.994 E543.54931
G1 X111.4 Y103.9 E543.64674
G1 X110.934 Y103.9 E543.65837
G1 X110.226 Y104.391 E543.67986
G1 X109.77 Y104.627 E543.69267
G1 X109.261 Y104.766 E543.70583
G1 X108.788 Y104.742 E543.71764
G0 F12000 X108.877 Y104.312
G1 F3900 E540.21764
G1 F600 Z5.45
G0 F12000 X108.889 Y104.14 Z5.45
G0 X113.057 Y122.543
G1 F600 Z5.25
G1 F3900 E543.71764
G1 F1800 X112.536 Y122.372 E543.73132
G1 X112.072 Y122.103 E543.7447
G1 X111.671 Y121.743 E543.75814
G1 X111.345 Y121.294 E543.77198
G1 X111.126 Y120.798 E543.78551
G1 X111.014 Y120.271 E543.79895
G1 X110.991 Y119.81 E543.81046
G1 X110.467 Y119.77 E543.82357
G1 X109.881 Y119.605 E543.83876
G1 X109.325 Y119.337 E543.85416
G1 X108.771 Y118.978 E543.87062
G1 X108.707 Y118.928 E543.87265
G1 X108.24 Y118.535 E543.88787
G1 X107.792 Y118.072 E543.90395
G1 X107.516 Y117.681 E543.91588
G1 X107.401 Y117.282 E543.92624
G1 X107.402 Y116.001 E543.9582
G1 X107.897 Y115.656 E543.97325
G1 X108.43 Y115.373 E543.9883
G1 X108.939 Y115.234 E544.00146
G1 X109.1 Y115.225 E544.00549
G1 X109.588 Y115.305 E544.01782
G1 X110.226 Y115.609 E544.03545
G1 X110.52 Y115.8 E544.0442
G1 X110.933 Y116.1 E544.05693
G1 X111.4 Y116.1 E544.06858
G1 X111.4 Y120.006 E544.16602
G1 X111.448 Y120.457 E544.1772
G1 X111.59 Y120.894 E544.18842
G1 X111.82 Y121.294 E544.19968
G1 X112.133 Y121.639 E544.21105
G1 X112.5 Y121.906 E544.22214
G1 X112.92 Y122.092 E544.23337
G1 X113.356 Y122.186 E544.24449
G1 X113.594 Y122.2 E544.25044
G1 X119.127 Y122.2 E544.38846
G1 X119.128 Y122.6 E544.39844
G1 X113.61 Y122.6 E544.53557
G1 X113.057 Y122.543 E544.54922
G1 F3900 E541.04922
G1 F600 Z5.45
G0 F12000 X113.016 Y122.521 Z5.45
G0 X111.56 Y115.844
;TYPE:SKIN
G1 F600 Z5.25
G1 F3900 E544.54922
G1 F3000 X111.548 Y115.573 E544.55099
G1 X111.547 Y107.089 E544.60617
G1 X111.547 Y104.26 E544.62457
G1 F3900 E541.12457
G1 F600 Z5.45
G0 F12000 X128.2 Y115.4 Z5.45
;TYPE:WALL-INNER
G1 F600 Z5.25
G1 F3900 E544.62457
G1 F5400 X128.2 Y104.6 E544.89397
G1 X129 Y104.6 E544.91393
G1 X129 Y115.4 E545.18334
G1 X128.2 Y115.4 E545.20329
G1 F3900 E541.70329
G0 F12000 X127.826 Y120.253
G0 X127.273 Y121.485
G0 X126.512 Y122.046
G0 X120.143 Y122.53
G1 F3900 E545.20329
G0 F12000 X120.073 Y122.6
;TYPE:WALL-OUTER
G1 F1800 X120.072 Y122.2 E545.21327
G1 X125.606 Y122.2 E545.35132
G1 X126.057 Y122.152 E545.36263
G1 X126.495 Y122.01 E545.37412
G1 X126.894 Y121.78 E545.3856
G1 X127.239 Y121.467 E545.39722
G1 X127.506 Y121.1 E545.40855
G1 X127.692 Y120.68 E545.42
G1 X127.787 Y120.244 E545.43114
G1 X127.8 Y120.005 E545.43711
G1 X127.8 Y115.8 E545.542
G1 X127.8 Y104.2 E545.83136
G1 X127.8 Y99.995 E545.93626
G1 X127.747 Y99.518 E545.94823
G1 X127.586 Y99.056 E545.96043
G1 X127.38 Y98.706 E545.97056
G1 X127.067 Y98.361 E545.98218
G1 X126.7 Y98.095 E545.99349
G1 X126.28 Y97.907 E546.00497
G1 X125.844 Y97.814 E546.01609
G1 X125.606 Y97.8 E546.02204
G1 X120.073 Y97.8 E546.16006
G1 X120.072 Y97.4 E546.17004
G1 X125.59 Y97.4 E546.30717
G1 X126.145 Y97.458 E546.32086
G1 X126.662 Y97.627 E546.33418
G1 X127.126 Y97.896 E546.34734
G1 X127.525 Y98.252 E546.36045
G1 X127.853 Y98.703 E546.37412
G1 X128.074 Y99.202 E546.38744
G1 X128.186 Y99.729 E546.40074
G1 X128.2 Y100.01 E546.40775
G1 X128.2 Y104.2 E546.51227
G1 X129.082 Y104.2 E546.53427
G1 X129.298 Y104.278 E546.54
G1 X129.37 Y104.379 E546.54309
G1 X129.4 Y104.522 E546.54674
G1 X129.4 Y115.483 E546.82016
G1 X129.378 Y115.611 E546.8234
G1 X129.211 Y115.778 E546.82929
G1 X129.082 Y115.8 E546.83255
G1 X128.2 Y115.8 E546.85456
G1 X128.2 Y119.99 E546.95908
G1 X128.142 Y120.545 E546.97276
G1 X127.973 Y121.062 E546.98609
G1 X127.704 Y121.526 E546.99925
G1 X127.348 Y121.925 E547.01235
G1 X126.897 Y122.253 E547.02601
G1 X126.398 Y122.474 E547.03938
G1 X125.871 Y122.586 E547.05268
G1 X125.59 Y122.6 E547.05969
G1 X120.073 Y122.6 E547.19731
G1 F3900 E543.69731
G0 F12000 X120.143 Y122.53
G0 X126.066 Y122.191
G0 X126.918 Y121.812
G0 X127.625 Y120.929
G0 X128.007 Y115.938
G0 X128.398 Y115.129
G0 X128.599 Y114.928
;TYPE:SKIN
G1 F3900 E547.19731
G1 F3000 X128.599 Y114.645 E547.20469
G1 X128.599 Y105.028 E547.45532
G1 X128.472 Y104.872 E547.46056
G1 F3900 E543.96056
G0 F12000 X128.546 Y104.798
G0 X128.8 Y115.01
G1 F3900 E547.46056
G1 F3000 X128.609 Y115.201 E547.46393
G0 F12000 X128.609 Y115.2
G1 F3900 E543.96393
G1 F600 Z5.45
;MESH:NONMESH
G0 F12000 X128.609 Y115.2 Z5.45
G0 X108.04 Y106.932
;TIME_ELAPSED:780.060296
;LAYER:34
;MESH:filament_filter_idig3d.stl
G0 X108.04 Y106.932 Z5.6
G1 F600 Z5.4
G0 F12000 X109.1 Y112.863
;TYPE:FILL
G1 F3900 E547.46393
G1 F5400 X108.475 Y112.929 E547.48274
G1 X108.04 Y113.068 E547.49641
G1 X108.04 Y106.932 E547.68008
G1 X108.475 Y107.071 E547.69375
G1 X109.1 Y107.137 E547.71257
G1 X109.676 Y107.076 E547.72991
G1 X109.676 Y112.924 E547.90496
G1 X109.1 Y112.863 E547.9223
G1 F3900 E544.4223
G0 F12000 X109.261 Y110.737
G1 F3900 E547.9223
G1 F5400 X109.262 Y109.262 E547.96645
G1 X108.453 Y108.453 E548.0007
G1 X108.383 Y108.383
G0 F12000 X108.454 Y107.485
G1 F5400 X108.453 Y111.545 E548.12223
G1 X109.261 Y110.737 E548.15644
G1 X109.331 Y110.667
G1 F3900 E544.65644
G1 F600 Z5.6
G0 F12000 X109.331 Y110.667 Z5.6
G0 X106.971 Y99.427
;TYPE:WALL-OUTER
G1 F600 Z5.4
G1 F3900 E548.15644
G1 F1800 X106.747 Y99.519 E548.16248
G1 X106.61 Y99.105 E548.17336
G1 X106.38 Y98.706 E548.18484
G1 X106.068 Y98.361 E548.19645
G1 X105.7 Y98.094 E548.20779
G1 X105.226 Y97.893 E548.22063
G1 X104.842 Y97.814 E548.23041
G1 X104.606 Y97.8 E548.23631
G1 X99.536 Y97.8 E548.36278
G1 X99.535 Y97.4 E548.37276
G1 X104.59 Y97.4 E548.49838
G1 X105.145 Y97.458 E548.51211
G1 X105.662 Y97.627 E548.52541
G1 X106.122 Y97.893 E548.53844
G1 X106.525 Y98.252 E548.55166
G1 X106.853 Y98.703 E548.56532
G1 X107.074 Y99.202 E548.57893
G1 X107.129 Y99.407 E548.58422
G1 F3900 E545.08422
G1 F600 Z5.6
G0 F12000 X107.6 Y113.757 Z5.6
;TYPE:WALL-INNER
G1 F600 Z5.4
G1 F3900 E548.58422
G1 F5400 X107.6 Y106.243 E548.77166
G1 X108.033 Y106.468 E548.78383
G1 X108.567 Y106.638 E548.79781
G1 X109.1 Y106.696 E548.81119
G1 X109.633 Y106.638 E548.82456
G1 X110.116 Y106.484 E548.83721
G1 X110.116 Y113.516 E549.01262
G1 X109.634 Y113.362 E549.02524
G1 X109.1 Y113.304 E549.03864
G1 X108.567 Y113.362 E549.05202
G1 X108.033 Y113.532 E549.066
G1 X107.6 Y113.757 E549.07817
G0 F12000 X107.669 Y114.172
G1 F5400 X107.2 Y114.496 E549.09239
G1 X107.2 Y105.504 E549.3167
G1 X107.669 Y105.828 E549.33092
G1 X108.187 Y106.097 E549.34548
G1 X108.65 Y106.245 E549.3576
G1 X109.1 Y106.294 E549.36889
G1 X109.55 Y106.245 E549.38018
G1 X110.013 Y106.097 E549.39231
G1 X110.516 Y105.837 E549.40643
G1 X110.516 Y114.172 E549.61435
G1 X110.018 Y113.905 E549.62845
G1 X109.55 Y113.755 E549.64071
G1 X109.1 Y113.706 E549.652
G1 X108.65 Y113.755 E549.66329
G1 X108.187 Y113.903 E549.67541
G1 X107.669 Y114.172 E549.68997
G1 F3900 E546.18997
G0 F12000 X106.991 Y114.859
G1 F3900 E549.68997
G0 F12000 X106.8 Y115.3
;TYPE:WALL-OUTER
G1 F1800 X106.8 Y114.893 E549.70013
G1 X106.8 Y105.107 E549.94424
G1 X106.8 Y104.7 E549.95439
G1 X106.808 Y104.7 E549.95459
G0 F12000 X107.243 Y105.047
G1 F1800 X107.876 Y105.485 E549.97379
G1 X108.341 Y105.726 E549.98686
G1 X108.734 Y105.852 E549.99715
G1 X109.1 Y105.892 E550.00634
G1 X109.466 Y105.852 E550.01552
G1 X109.859 Y105.726 E550.02582
G1 X110.324 Y105.486 E550.03887
G1 X110.916 Y105.078 E550.05681
G1 X110.916 Y114.922 E550.30237
G1 X110.417 Y114.573 E550.31755
G1 X109.861 Y114.275 E550.33329
G1 X109.466 Y114.148 E550.34364
G1 X109.1 Y114.108 E550.35283
G1 X108.734 Y114.148 E550.36201
G1 X108.341 Y114.274 E550.3723
G1 X107.876 Y114.515 E550.38537
G1 X107.243 Y114.953 E550.40457
G0 F12000 X106.808 Y115.3
G1 F1800 X106.8 Y115.3 E550.40477
G1 F3900 E546.90477
G1 F600 Z5.6
G0 F12000 X99.536 Y122.6 Z5.6
G1 F600 Z5.4
G1 F3900 E550.40477
G1 F1800 X99.535 Y122.2 E550.41475
G1 X104.606 Y122.2 E550.54125
G1 X105.08 Y122.148 E550.55314
G1 X105.496 Y122.01 E550.56407
G1 X105.894 Y121.78 E550.57554
G1 X106.239 Y121.468 E550.58714
G1 X106.506 Y121.1 E550.59849
G1 X106.707 Y120.626 E550.61133
G1 X106.75 Y120.465 E550.61549
G0 F12000 X106.897 Y120.551
G1 F1800 X107.13 Y120.59 E550.62138
G1 X106.973 Y121.062 E550.63363
G1 X106.704 Y121.526 E550.64678
G1 X106.348 Y121.925 E550.65988
G1 X105.897 Y122.253 E550.67353
G1 X105.398 Y122.474 E550.68689
G1 X104.871 Y122.586 E550.70017
G1 X104.59 Y122.6 E550.70718
G1 X99.536 Y122.6 E550.83326
G1 F3900 E547.33326
G1 F600 Z5.6
G0 F12000 X97.665 Y122.6 Z5.6
G1 F600 Z5.4
G1 F3900 E550.83326
G1 F1800 X92.61 Y122.6 E550.95935
G1 X92.055 Y122.542 E550.97327
G1 X91.538 Y122.373 E550.98684
G1 X91.068 Y122.1 E551.0004
G1 X90.671 Y121.743 E551.01372
G1 X90.345 Y121.294 E551.02756
G1 X90.126 Y120.798 E551.04108
G1 X90.014 Y120.271 E551.05452
G1 X90 Y119.99 E551.06154
G1 X90 Y115.866 E551.16442
G1 X90.1 Y115.866 E551.16691
G1 X90.1 Y104.134 E551.45957
G1 X90 Y104.134 E551.46206
G1 X90 Y100.01 E551.56493
G1 X90.058 Y99.455 E551.57885
G1 X90.227 Y98.938 E551.59242
G1 X90.496 Y98.474 E551.6058
G1 X90.863 Y98.066 E551.61949
G1 X91.303 Y97.747 E551.63305
G1 X91.802 Y97.526 E551.64666
G1 X92.329 Y97.414 E551.6601
G1 X92.61 Y97.4 E551.66712
G1 X97.664 Y97.4 E551.79319
G1 X97.665 Y97.8 E551.80317
G1 X92.594 Y97.8 E551.92966
G1 X92.12 Y97.852 E551.9414
G1 X91.705 Y97.99 E551.95205
G1 X91.307 Y98.22 E551.96327
G1 X90.961 Y98.532 E551.97464
G1 X90.694 Y98.9 E551.98574
G1 X90.493 Y99.374 E551.99832
G1 X90.414 Y99.758 E552.0079
G1 X90.4 Y99.994 E552.0138
G1 X90.4 Y104.134 E552.11669
G1 F3900 E548.61669
G0 F12000 X90.3 Y104.134
G0 X90.3 Y115.866
G1 F3900 E552.11669
G0 F12000 X90.4 Y115.866
G1 F1800 X90.4 Y120.006 E552.21995
G1 X90.452 Y120.48 E552.23169
G1 X90.59 Y120.895 E552.24235
G1 X90.82 Y121.294 E552.25359
G1 X91.133 Y121.639 E552.26497
G1 X91.5 Y121.906 E552.27605
G1 X91.974 Y122.107 E552.28862
G1 X92.358 Y122.186 E552.2982
G1 X92.594 Y122.2 E552.3041
G1 X97.664 Y122.2 E552.4301
G1 X97.665 Y122.6 E552.44008
G1 F3900 E548.94008
G1 F600 Z5.6
G0 F12000 X108.526 Y116.97 Z5.6
G0 X108.525 Y116.628
;TYPE:FILL
G1 F600 Z5.4
G1 F3900 E552.44008
G1 F5400 X108.704 Y116.5 E552.44667
G1 X109.038 Y116.342 E552.45773
G1 X109.099 Y116.332 E552.45958
G1 X109.157 Y116.341 E552.46133
G1 X109.505 Y116.508 E552.47289
G1 X109.977 Y116.835 E552.49008
G1 X110.16 Y116.982 E552.4971
G1 X110.16 Y118.365 E552.5385
G1 X109.951 Y118.264 E552.54545
G1 X109.49 Y117.966 E552.56188
G1 X109.092 Y117.632 E552.57743
G1 X108.73 Y117.256 E552.59306
G1 X108.526 Y116.97 E552.60357
G1 X108.525 Y116.628 E552.61381
G1 F3900 E549.11381
G1 F600 Z5.6
G0 F12000 X108.525 Y116.628 Z5.6
G0 X109.091 Y103.668
G1 F600 Z5.4
G1 F3900 E552.61381
G1 F5400 X108.957 Y103.633 E552.61796
G1 X108.669 Y103.478 E552.62775
G1 X108.525 Y103.377 E552.63301
G1 X108.524 Y103.034 E552.64328
G1 X108.7 Y102.779 E552.65255
G1 X109.113 Y102.35 E552.67038
G1 X109.771 Y101.843 E552.69525
G1 X110.16 Y101.635 E552.70845
G1 X110.16 Y103.015 E552.74976
G1 X109.681 Y103.381 E552.7678
G1 X109.342 Y103.587 E552.77968
G1 X109.129 Y103.667 E552.78649
G1 X109.091 Y103.668 E552.78763
G1 F3900 E549.28763
G1 F600 Z5.6
G0 F12000 X109.091 Y103.668 Z5.6
G0 X109.1 Y115.886
;TYPE:WALL-INNER
G1 F600 Z5.4
G1 F3900 E552.78763
G1 F5400 X109.294 Y115.918 E552.79253
G1 X109.718 Y116.12 E552.80425
G1 X110.24 Y116.483 E552.82011
G1 X110.6 Y116.769 E552.83158
G1 X110.6 Y118.976 E552.88663
G1 X110.154 Y118.849 E552.8982
G1 X109.731 Y118.645 E552.90991
G1 X109.23 Y118.322 E552.92478
G1 X108.788 Y117.951 E552.93918
G1 X108.394 Y117.542 E552.95334
G1 X108.109 Y117.143 E552.96558
G1 X108.086 Y117.037 E552.96828
G1 X108.085 Y116.402 E552.98412
G1 X108.486 Y116.116 E552.99641
G1 X108.903 Y115.918 E553.00792
G1 X109.1 Y115.886 E553.0129
G0 F12000 X109.1 Y115.481
G1 F5400 X109.415 Y115.532 E553.02086
G1 X109.919 Y115.773 E553.0348
G1 X110.483 Y116.164 E553.05192
G1 X110.904 Y116.5 E553.06535
G1 X111 Y116.5 E553.06775
G1 X111 Y119.41 E553.14034
G1 X110.541 Y119.375 E553.15182
G1 X110.013 Y119.225 E553.16551
G1 X109.534 Y118.994 E553.17878
G1 X108.994 Y118.646 E553.1948
G1 X108.51 Y118.239 E553.21058
G1 X108.09 Y117.804 E553.22566
G1 X107.735 Y117.307 E553.2409
G1 X107.686 Y117.08 E553.24669
G1 X107.685 Y116.196 E553.26874
G1 X108.279 Y115.772 E553.28695
G1 X108.785 Y115.532 E553.30092
G1 X109.1 Y115.481 E553.30888
G1 F3900 E549.80888
G1 F600 Z5.6
G0 F12000 X109.129 Y115.688 Z5.6
G0 X109.047 Y104.112
G1 F600 Z5.4
G1 F3900 E553.30888
G1 F5400 X108.796 Y104.045 E553.31536
G1 X108.442 Y103.855 E553.32538
G1 X108.085 Y103.603 E553.33628
G1 X108.084 Y102.976 E553.35192
G1 X108.114 Y102.852 E553.3551
G1 X108.363 Y102.494 E553.36598
G1 X108.814 Y102.026 E553.3822
G1 X109.531 Y101.472 E553.4048
G1 X110.006 Y101.218 E553.41823
G1 X110.6 Y101.027 E553.4338
G1 X110.6 Y103.233 E553.48883
G1 X109.94 Y103.737 E553.50954
G1 X109.535 Y103.982 E553.52135
G1 X109.216 Y104.103 E553.52986
G1 X109.047 Y104.112 E553.53408
G0 F12000 X109.005 Y104.515
G1 F5400 X108.645 Y104.418 E553.54338
G1 X108.232 Y104.197 E553.55507
G1 X107.685 Y103.811 E553.57177
G1 X107.684 Y102.926 E553.59384
G1 X107.743 Y102.685 E553.60003
G1 X108.052 Y102.239 E553.61357
G1 X108.541 Y101.732 E553.63114
G1 X108.949 Y101.39 E553.64442
G1 X109.324 Y101.129 E553.65582
G1 X109.837 Y100.854 E553.67034
G1 X110.273 Y100.685 E553.682
G1 X110.66 Y100.607 E553.69185
G1 X111 Y100.59 E553.70034
G1 X111 Y103.5 E553.77293
G1 X110.91 Y103.5 E553.77518
G1 X110.16 Y104.071 E553.79869
G1 X109.714 Y104.342 E553.81171
G1 X109.3 Y104.498 E553.82274
G1 X109.005 Y104.515 E553.83012
G0 F12000 X108.962 Y104.918
;TYPE:WALL-OUTER
G1 F1800 X108.497 Y104.792 E553.84213
G1 X108.019 Y104.537 E553.85565
G1 X107.444 Y104.131 E553.87321
G1 X107.285 Y104.004 E553.87828
G1 X107.286 Y103.412 E553.89305
G1 X107.284 Y102.881 E553.9063
G1 X107.372 Y102.523 E553.91549
G1 X107.633 Y102.12 E553.92747
G1 X107.754 Y101.972 E553.93224
G1 X108.263 Y101.444 E553.95053
G1 X108.705 Y101.073 E553.96493
G1 X109.122 Y100.783 E553.9776
G1 X109.665 Y100.492 E553.99297
G1 X110.161 Y100.3 E554.00623
G1 X110.608 Y100.21 E554.01761
G1 X110.99 Y100.19 E554.02715
G1 X111.057 Y99.455 E554.04556
G1 X111.228 Y98.935 E554.05921
G1 X111.498 Y98.472 E554.07258
G1 X111.863 Y98.066 E554.0862
G1 X112.303 Y97.747 E554.09976
G1 X112.805 Y97.525 E554.11345
G1 X113.33 Y97.414 E554.12684
G1 X113.61 Y97.4 E554.13383
G1 X118.664 Y97.4 E554.2599
G1 X118.665 Y97.8 E554.26988
G1 X113.594 Y97.8 E554.39637
G1 X113.12 Y97.852 E554.40811
G1 X112.705 Y97.99 E554.41876
G1 X112.307 Y98.22 E554.42998
G1 X111.961 Y98.532 E554.44135
G1 X111.694 Y98.9 E554.45244
G1 X111.493 Y99.374 E554.46502
G1 X111.414 Y99.758 E554.47463
G1 X111.4 Y99.994 E554.48011
G1 X111.4 Y103.9 E554.57755
G1 X111.045 Y103.9 E554.5864
G1 X110.38 Y104.406 E554.60725
G1 X109.893 Y104.702 E554.62146
G1 X109.384 Y104.894 E554.63503
G1 X108.962 Y104.918 E554.64558
G0 F12000 X109.007 Y104.481
G1 F3900 E551.14558
G1 F600 Z5.6
G0 F12000 X108.999 Y104.307 Z5.6
G0 X113.057 Y122.543
G1 F600 Z5.4
G1 F3900 E554.64558
G1 F1800 X112.536 Y122.372 E554.65926
G1 X112.071 Y122.103 E554.67266
G1 X111.671 Y121.743 E554.68608
G1 X111.345 Y121.294 E554.69992
G1 X111.126 Y120.798 E554.71345
G1 X111.014 Y120.271 E554.72689
G1 X110.991 Y119.81 E554.7384
G1 X110.471 Y119.771 E554.75141
G1 X109.872 Y119.601 E554.76694
G1 X109.337 Y119.343 E554.78176
G1 X108.764 Y118.973 E554.79877
G1 X108.706 Y118.928 E554.8006
G1 X108.236 Y118.532 E554.81593
G1 X107.789 Y118.069 E554.83199
G1 X107.514 Y117.72 E554.84307
G1 X107.358 Y117.455 E554.85074
G1 X107.286 Y117.124 E554.85919
G1 X107.285 Y115.997 E554.88731
G1 X107.822 Y115.593 E554.90407
G1 X108.085 Y115.422 E554.91189
G1 X108.666 Y115.146 E554.92794
G1 X109.1 Y115.075 E554.93891
G1 X109.534 Y115.146 E554.94988
G1 X110.123 Y115.427 E554.96616
G1 X110.718 Y115.84 E554.98423
G1 X111.044 Y116.1 E554.99463
G1 X111.4 Y116.1 E555.00351
G1 X111.4 Y120.006 E555.10094
G1 X111.452 Y120.48 E555.11268
G1 X111.59 Y120.895 E555.12335
G1 X111.82 Y121.294 E555.13458
G1 X112.133 Y121.639 E555.14597
G1 X112.5 Y121.906 E555.15706
G1 X112.974 Y122.107 E555.16965
G1 X113.358 Y122.186 E555.17943
G1 X113.594 Y122.2 E555.18532
G1 X118.664 Y122.2 E555.3118
G1 X118.665 Y122.6 E555.32177
G1 X113.61 Y122.6 E555.4474
G1 X113.057 Y122.543 E555.46107
G0 F12000 X113.019 Y122.524
G1 F3900 E551.96107
G1 F600 Z5.6
G0 F12000 X113.061 Y122.533 Z5.6
G0 X128.2 Y115.4
;TYPE:WALL-INNER
G1 F600 Z5.4
G1 F3900 E555.46107
G1 F5400 X128.2 Y104.6 E555.73048
G1 X129 Y104.6 E555.75043
G1 X129 Y115.4 E556.01984
G1 X128.2 Y115.4 E556.0398
G1 F3900 E552.5398
G0 F12000 X127.826 Y120.247
G0 X127.54 Y121.119
G0 X126.917 Y121.812
G0 X126.131 Y122.172
G0 X120.606 Y122.53
G1 F3900 E556.0398
G0 F12000 X120.536 Y122.6
;TYPE:WALL-OUTER
G1 F1800 X120.535 Y122.2 E556.04977
G1 X125.606 Y122.2 E556.17627
G1 X126.08 Y122.148 E556.18817
G1 X126.496 Y122.01 E556.1991
G1 X126.894 Y121.78 E556.21057
G1 X127.239 Y121.468 E556.22217
G1 X127.506 Y121.1 E556.23351
G1 X127.707 Y120.626 E556.24635
G1 X127.787 Y120.242 E556.25614
G1 X127.8 Y120.005 E556.26206
G1 X127.8 Y115.8 E556.36695
G1 X127.8 Y104.2 E556.65632
G1 X127.8 Y99.995 E556.76121
G1 X127.748 Y99.52 E556.77313
G1 X127.61 Y99.105 E556.78404
G1 X127.38 Y98.706 E556.79553
G1 X127.068 Y98.361 E556.80713
G1 X126.7 Y98.094 E556.81847
G1 X126.226 Y97.893 E556.83132
G1 X125.842 Y97.814 E556.8411
G1 X125.606 Y97.8 E556.84699
G1 X120.536 Y97.8 E556.97346
G1 X120.535 Y97.4 E556.98344
G1 X125.59 Y97.4 E557.10907
G1 X126.145 Y97.458 E557.12279
G1 X126.662 Y97.627 E557.13609
G1 X127.122 Y97.893 E557.14912
G1 X127.525 Y98.252 E557.16234
G1 X127.853 Y98.703 E557.176
G1 X128.074 Y99.202 E557.18936
G1 X128.186 Y99.729 E557.20264
G1 X128.2 Y100.01 E557.20965
G1 X128.2 Y104.2 E557.31417
G1 X129.082 Y104.2 E557.33617
G1 X129.302 Y104.282 E557.34203
G1 X129.369 Y104.377 E557.34493
G1 X129.4 Y104.522 E557.34863
G1 X129.4 Y115.482 E557.62203
G1 X129.377 Y115.613 E557.62534
G1 X129.309 Y115.716 E557.62842
G1 X129.208 Y115.781 E557.63142
G1 X129.082 Y115.8 E557.6346
G1 X128.2 Y115.8 E557.6566
G1 X128.2 Y119.99 E557.76112
G1 X128.142 Y120.545 E557.77483
G1 X127.973 Y121.062 E557.78813
G1 X127.704 Y121.526 E557.80127
G1 X127.348 Y121.925 E557.81438
G1 X126.897 Y122.253 E557.82803
G1 X126.398 Y122.474 E557.84139
G1 X125.871 Y122.586 E557.85467
G1 X125.59 Y122.6 E557.86168
G1 X120.536 Y122.6 E557.98775
G1 F3900 E554.48775
G0 F12000 X120.606 Y122.53
G0 X126.088 Y122.187
G0 X126.917 Y121.812
G0 X127.558 Y121.077
G0 X127.839 Y120
G0 X128.008 Y115.91
G0 X128.397 Y115.104
G0 X128.445 Y115.152
;TYPE:SKIN
G1 F3900 E557.98775
G1 F3000 X128.587 Y115.011 E557.99283
G1 X128.598 Y109.648 E558.12873
G1 X128.598 Y105.122 E558.24343
G1 X128.679 Y104.92 E558.24894
G0 F12000 X128.558 Y104.8
G1 F3900 E554.74894
G1 F600 Z5.6
;MESH:NONMESH
G0 F12000 X128.558 Y104.8 Z5.6
G0 X99.784 Y122.6
;TIME_ELAPSED:797.395642
;LAYER:35
;MESH:filament_filter_idig3d.stl
G0 X99.784 Y122.6 Z5.75
;TYPE:WALL-OUTER
G1 F600 Z5.55
G1 F3900 E558.24894
G1 F1800 X99.783 Y122.2 E558.25892
G1 X104.605 Y122.2 E558.37921
G1 X105.077 Y122.148 E558.39105
G1 X105.535 Y121.992 E558.40312
G1 X105.881 Y121.79 E558.41312
G1 X106.239 Y121.468 E558.42513
G1 X106.506 Y121.1 E558.43647
G1 X106.692 Y120.68 E558.44793
G1 X106.737 Y120.513 E558.45224
G1 X107.084 Y120.6 E558.46117
G1 X107.127 Y120.6 E558.46224
G1 X106.973 Y121.062 E558.47416
G1 X106.704 Y121.526 E558.48731
G1 X106.348 Y121.925 E558.5004
G1 X105.897 Y122.253 E558.51408
G1 X105.398 Y122.474 E558.52741
G1 X104.871 Y122.586 E558.5407
G1 X104.59 Y122.6 E558.54771
G1 X99.784 Y122.6 E558.6676
G1 F3900 E555.1676
G1 F600 Z5.75
G0 F12000 X97.417 Y122.6 Z5.75
G1 F600 Z5.55
G1 F3900 E558.6676
G1 F1800 X92.61 Y122.6 E558.78751
G1 X92.055 Y122.542 E558.80143
G1 X91.538 Y122.373 E558.815
G1 X91.068 Y122.1 E558.82855
G1 X90.671 Y121.743 E558.84187
G1 X90.347 Y121.297 E558.85562
G1 X90.126 Y120.798 E558.86924
G1 X90.014 Y120.271 E558.88268
G1 X90 Y119.99 E558.8897
G1 X90 Y115.927 E558.99105
G1 X90.1 Y115.927 E558.99354
G1 X90.1 Y104.073 E559.28924
G1 X90 Y104.073 E559.29174
G1 X90 Y100.01 E559.39309
G1 X90.058 Y99.455 E559.40701
G1 X90.227 Y98.938 E559.42058
G1 X90.496 Y98.474 E559.43396
G1 X90.863 Y98.066 E559.44764
G1 X91.303 Y97.747 E559.4612
G1 X91.802 Y97.526 E559.47482
G1 X92.329 Y97.414 E559.48826
G1 X92.61 Y97.4 E559.49527
G1 X97.416 Y97.4 E559.61516
G1 X97.417 Y97.8 E559.62514
G1 X92.595 Y97.8 E559.74541
G1 X92.123 Y97.852 E559.75711
G1 X91.666 Y98.008 E559.76888
G1 X91.32 Y98.21 E559.77864
G1 X90.961 Y98.532 E559.79041
G1 X90.694 Y98.9 E559.80151
G1 X90.508 Y99.32 E559.81273
G1 X90.413 Y99.759 E559.8237
G1 X90.4 Y99.995 E559.8296
G1 X90.4 Y104.073 E559.93094
G1 F3900 E556.43094
G0 F12000 X90.3 Y104.073
G0 X90.3 Y115.927
G1 F3900 E559.93094
G0 F12000 X90.4 Y115.927
G1 F1800 X90.4 Y120.005 E560.03266
G1 X90.452 Y120.477 E560.04436
G1 X90.608 Y120.934 E560.05612
G1 X90.81 Y121.281 E560.0659
G1 X91.132 Y121.639 E560.07766
G1 X91.5 Y121.906 E560.08875
G1 X91.92 Y122.092 E560.09997
G1 X92.359 Y122.187 E560.11093
G1 X92.595 Y122.2 E560.11683
G1 X97.416 Y122.2 E560.23664
G1 X97.417 Y122.6 E560.24662
G1 F3900 E556.74662
G1 F600 Z5.75
G0 F12000 X108.04 Y112.932 Z5.75
G1 F600 Z5.55
G0 F12000 X108.221 Y107.154
;TYPE:FILL
G1 F3900 E560.24662
G1 F5400 X109.101 Y107.298 E560.27331
G1 X109.779 Y107.188 E560.29387
G1 X109.779 Y112.813 E560.46225
G1 X109.1 Y112.702 E560.48285
G1 X108.221 Y112.846 E560.50951
G1 X108.04 Y112.932 E560.51551
G1 X108.04 Y107.068 E560.69104
G1 X108.221 Y107.154 E560.69704
G1 F3900 E557.19704
G0 F12000 X108.453 Y108.453
G1 F3900 E560.69704
G1 F5400 X109.364 Y109.364 E560.73561
G1 X109.364 Y110.634 E560.77362
G1 X108.453 Y111.545 E560.81219
G1 X108.454 Y107.612 E560.92992
G1 X108.454 Y107.512
G1 F3900 E557.42992
G0 F12000 X107.6 Y113.627
;TYPE:WALL-INNER
G1 F3900 E560.92992
G1 F5400 X107.6 Y106.373 E561.11087
G1 X108.353 Y106.731 E561.13167
G1 X109.1 Y106.852 E561.15055
G1 X109.847 Y106.731 E561.16942
G1 X110.219 Y106.555 E561.17969
G1 X110.219 Y113.436 E561.35134
G1 X109.833 Y113.267 E561.36185
G1 X109.1 Y113.148 E561.38037
G1 X108.353 Y113.269 E561.39925
G1 X107.6 Y113.627 E561.42005
G0 F12000 X107.2 Y114.387
G1 F5400 X107.2 Y105.613 E561.63891
G1 X107.789 Y106.02 E561.65677
G1 X108.473 Y106.345 E561.67566
G1 X109.1 Y106.447 E561.69151
G1 X109.727 Y106.345 E561.70736
G1 X110.412 Y106.021 E561.72626
G1 X110.619 Y105.875 E561.73258
G1 X110.619 Y114.121 E561.93828
G1 X110.25 Y113.886 E561.94919
G1 X109.719 Y113.654 E561.96364
G1 X109.1 Y113.553 E561.97929
G1 X108.473 Y113.655 E561.99513
G1 X107.789 Y113.98 E562.01403
G1 X107.2 Y114.387 E562.03188
G0 F12000 X106.8 Y115.229
;TYPE:WALL-OUTER
G1 F1800 X106.8 Y104.771 E562.29276
G1 X107.019 Y104.958 E562.29994
G1 X107.42 Y105.279 E562.31276
G1 X107.99 Y105.673 E562.33004
G1 X108.593 Y105.959 E562.34669
G1 X109.1 Y106.042 E562.35951
G1 X109.607 Y105.959 E562.37232
G1 X110.21 Y105.674 E562.38896
G1 X110.907 Y105.181 E562.41025
G1 X111.019 Y105.09 E562.41385
G1 X111.019 Y114.504 E562.64869
G1 X111.019 Y114.91 E562.65882
G0 F12000 X110.569 Y114.564
G1 F1800 X110.061 Y114.24 E562.67385
G1 X109.605 Y114.041 E562.68626
G1 X109.1 Y113.958 E562.69902
G1 X108.593 Y114.041 E562.71184
G1 X107.99 Y114.327 E562.72849
G1 X107.42 Y114.721 E562.74577
G1 X107.019 Y115.041 E562.75857
G1 X106.8 Y115.229 E562.76577
G1 F3900 E559.26577
G1 F600 Z5.75
G0 F12000 X108.423 Y116.586 Z5.75
G0 X109.147 Y116.199
;TYPE:FILL
G1 F600 Z5.55
G1 F3900 E562.76577
G1 F5400 X109.361 Y116.302 E562.77288
G1 X109.792 Y116.599 E562.78855
G1 X110.16 Y116.899 E562.80276
G1 X110.16 Y118.365 E562.84664
G1 X109.947 Y118.262 E562.85372
G1 X109.474 Y117.954 E562.87062
G1 X109.102 Y117.644 E562.88512
G1 X108.732 Y117.261 E562.90106
G1 X108.456 Y116.897 E562.91473
G1 X108.423 Y116.801 E562.91777
G1 X108.423 Y116.586 E562.9242
G1 X108.818 Y116.313 E562.93858
G1 X109.057 Y116.199 E562.9465
G1 X109.147 Y116.199 E562.9492
G1 F3900 E559.4492
G0 F12000 X110.6 Y118.975
;TYPE:WALL-INNER
G1 F3900 E562.9492
G1 F5400 X110.162 Y118.853 E562.96054
G1 X109.726 Y118.643 E562.97261
G1 X109.212 Y118.308 E562.98792
G1 X108.806 Y117.97 E563.00109
G1 X108.396 Y117.547 E563.01579
G1 X108.061 Y117.103 E563.02966
G1 X107.983 Y116.882 E563.03551
G1 X107.983 Y116.373 E563.04821
G1 X108.135 Y116.252 E563.05305
G1 X108.612 Y115.922 E563.06752
G1 X108.954 Y115.759 E563.07697
G1 X109.246 Y115.759 E563.08426
G1 X109.588 Y115.922 E563.09371
G1 X110.057 Y116.246 E563.10793
G1 X110.6 Y116.69 E563.12542
G1 X110.6 Y118.975 E563.18242
G0 F12000 X111 Y119.41
G1 F5400 X110.552 Y119.377 E563.19363
G1 X110.023 Y119.229 E563.20733
G1 X109.528 Y118.991 E563.22103
G1 X108.974 Y118.63 E563.23753
G1 X108.535 Y118.264 E563.25179
G1 X108.091 Y117.806 E563.2677
G1 X107.705 Y117.295 E563.28367
G1 X107.583 Y116.95 E563.2928
G1 X107.583 Y116.18 E563.31201
G1 X107.9 Y115.928 E563.32211
G1 X108.407 Y115.577 E563.33749
G1 X108.837 Y115.373 E563.34936
G1 X109.1 Y115.33 E563.35601
G1 X109.363 Y115.373 E563.36266
G1 X109.793 Y115.577 E563.37453
G1 X110.296 Y115.925 E563.38979
G1 X111 Y116.5 E563.41246
G1 X111 Y119.41 E563.48505
G1 F3900 E559.98505
G0 F12000 X111.572 Y120.95
G0 X113.076 Y122.446
G1 F3900 E563.48505
G0 F12000 X113.056 Y122.543
;TYPE:WALL-OUTER
G1 F1800 X112.54 Y122.374 E563.4986
G1 X112.077 Y122.106 E563.51194
G1 X111.671 Y121.743 E563.52553
G1 X111.347 Y121.297 E563.53928
G1 X111.126 Y120.798 E563.55289
G1 X111.014 Y120.271 E563.56633
G1 X110.991 Y119.81 E563.57785
G1 X110.484 Y119.773 E563.59053
G1 X109.879 Y119.604 E563.6062
G1 X109.336 Y119.343 E563.62123
G1 X108.736 Y118.952 E563.63909
G1 X108.264 Y118.558 E563.65443
G1 X107.786 Y118.065 E563.67156
G1 X107.356 Y117.496 E563.68935
G1 X107.193 Y117.103 E563.69996
G1 X107.183 Y116.968 E563.70334
G1 X107.183 Y115.992 E563.72769
G1 X107.27 Y115.918 E563.73054
G1 X107.665 Y115.604 E563.74312
G1 X108.202 Y115.232 E563.75942
G1 X108.719 Y114.987 E563.77369
G1 X109.1 Y114.925 E563.78332
G1 X109.481 Y114.987 E563.79295
G1 X109.998 Y115.232 E563.80722
G1 X110.535 Y115.604 E563.82351
G1 X111.142 Y116.1 E563.84307
G1 X111.4 Y116.1 E563.8495
G1 X111.4 Y120.005 E563.94692
G1 X111.452 Y120.477 E563.95862
G1 X111.608 Y120.934 E563.97038
G1 X111.81 Y121.281 E563.98016
G1 X112.132 Y121.639 E563.99191
G1 X112.5 Y121.906 E564.00301
G1 X112.92 Y122.092 E564.01425
G1 X113.359 Y122.187 E564.02545
G1 X113.595 Y122.2 E564.03135
G1 X118.416 Y122.2 E564.15161
G1 X118.417 Y122.6 E564.16159
G1 X113.61 Y122.6 E564.28105
G1 X113.056 Y122.543 E564.29473
G0 F12000 X113.056 Y122.53
G1 F3900 E560.79473
G1 F600 Z5.75
G0 F12000 X113.094 Y122.539 Z5.75
G0 X128.2 Y115.4
;TYPE:WALL-INNER
G1 F600 Z5.55
G1 F3900 E564.29473
G1 F5400 X128.2 Y104.6 E564.56414
G1 X129 Y104.6 E564.58409
G1 X129 Y115.4 E564.8535
G1 X128.2 Y115.4 E564.87346
G1 F3900 E561.37346
G0 F12000 X127.826 Y120.251
G0 X127.54 Y121.119
G0 X126.904 Y121.822
G0 X126.132 Y122.171
G0 X120.854 Y122.53
G1 F3900 E564.87346
G0 F12000 X120.784 Y122.6
;TYPE:WALL-OUTER
G1 F1800 X120.783 Y122.2 E564.88343
G1 X125.605 Y122.2 E565.00372
G1 X126.077 Y122.148 E565.01556
G1 X126.535 Y121.992 E565.02763
G1 X126.881 Y121.79 E565.03763
G1 X127.239 Y121.468 E565.04964
G1 X127.506 Y121.1 E565.06098
G1 X127.692 Y120.68 E565.07244
G1 X127.787 Y120.241 E565.08364
G1 X127.8 Y120.005 E565.08954
G1 X127.8 Y115.8 E565.19443
G1 X127.8 Y104.2 E565.4838
G1 X127.8 Y99.995 E565.58869
G1 X127.748 Y99.523 E565.60054
G1 X127.592 Y99.066 E565.61258
G1 X127.39 Y98.719 E565.6226
G1 X127.068 Y98.361 E565.63461
G1 X126.7 Y98.094 E565.64595
G1 X126.28 Y97.907 E565.65742
G1 X125.841 Y97.813 E565.66862
G1 X125.605 Y97.8 E565.67451
G1 X120.784 Y97.8 E565.79477
G1 X120.783 Y97.4 E565.80475
G1 X125.59 Y97.4 E565.92421
G1 X126.145 Y97.458 E565.93789
G1 X126.662 Y97.627 E565.95121
G1 X127.126 Y97.896 E565.96436
G1 X127.525 Y98.252 E565.97745
G1 X127.853 Y98.703 E565.99112
G1 X128.074 Y99.202 E566.00445
G1 X128.186 Y99.729 E566.01775
G1 X128.2 Y100.01 E566.02476
G1 X128.2 Y104.2 E566.12928
G1 X129.082 Y104.2 E566.15128
G1 X129.301 Y104.279 E566.15709
G1 X129.369 Y104.377 E566.16006
G1 X129.4 Y104.522 E566.16376
G1 X129.4 Y115.481 E566.43714
G1 X129.376 Y115.614 E566.44051
G1 X129.312 Y115.713 E566.44345
G1 X129.205 Y115.781 E566.44661
G1 X129.082 Y115.8 E566.44971
G1 X128.2 Y115.8 E566.47172
G1 X128.2 Y119.99 E566.57624
G1 X128.142 Y120.545 E566.58992
G1 X127.973 Y121.062 E566.60325
G1 X127.704 Y121.526 E566.6164
G1 X127.348 Y121.925 E566.62949
G1 X126.897 Y122.253 E566.64316
G1 X126.398 Y122.474 E566.65649
G1 X125.871 Y122.586 E566.66979
G1 X125.59 Y122.6 E566.6768
G1 X120.784 Y122.6 E566.79668
G1 F3900 E563.29668
G0 F12000 X120.854 Y122.53
G0 X126.092 Y122.184
G0 X126.904 Y121.822
G0 X127.54 Y121.119
G0 X127.839 Y120
G0 X128.008 Y115.941
G0 X128.398 Y115.129
G0 X128.599 Y114.928
;TYPE:SKIN
G1 F3900 E566.79668
G1 F3000 X128.599 Y114.645 E566.80406
G1 X128.599 Y105.028 E567.05468
G1 X128.472 Y104.872 E567.05993
G1 F3900 E563.55993
G0 F12000 X128.546 Y104.798
G0 X128.8 Y115.01
G1 F3900 E567.05993
G1 F3000 X128.609 Y115.201 E567.06329
G0 F12000 X128.609 Y115.2
G1 F3900 E563.56329
G1 F600 Z5.75
G0 F12000 X128.609 Y115.2 Z5.75
G0 X110.16 Y103.101
G1 F600 Z5.55
G0 F12000 X110.16 Y101.632
;TYPE:FILL
G1 F3900 E567.06329
G1 F5400 X110.16 Y103.101 E567.10727
G1 X109.782 Y103.409 E567.12186
G1 X109.369 Y103.694 E567.13688
G1 X109.147 Y103.801 E567.14426
G1 X109.058 Y103.801 E567.14692
G1 X108.822 Y103.689 E567.15474
G1 X108.423 Y103.411 E567.1693
G1 X108.422 Y103.209 E567.17535
G1 X108.532 Y102.991 E567.18266
G1 X108.768 Y102.699 E567.1939
G1 X109.115 Y102.345 E567.20873
G1 X109.433 Y102.078 E567.22116
G1 X110.131 Y101.644 E567.24577
G1 X110.16 Y101.632 E567.24671
G1 F3900 E563.74671
G0 F12000 X108.957 Y104.241
;TYPE:WALL-INNER
G1 F3900 E567.24671
G1 F5400 X108.606 Y104.075 E567.25639
G1 X108.093 Y103.717 E567.272
G1 X107.983 Y103.628 E567.27553
G1 X107.982 Y103.106 E567.28855
G1 X108.164 Y102.745 E567.29863
G1 X108.432 Y102.413 E567.30928
G1 X108.815 Y102.022 E567.32293
G1 X109.179 Y101.718 E567.33476
G1 X109.926 Y101.252 E567.35672
G1 X110.388 Y101.07 E567.36911
G1 X110.6 Y101.027 E567.37451
G1 X110.6 Y103.31 E567.43145
G1 X110.061 Y103.751 E567.44883
G1 X109.588 Y104.078 E567.46317
G1 X109.246 Y104.241 E567.47262
G1 X108.957 Y104.241 E567.47983
G0 F12000 X109.1 Y104.67
G1 F5400 X108.837 Y104.627 E567.48648
G1 X108.406 Y104.423 E567.49837
G1 X107.858 Y104.041 E567.51504
G1 X107.584 Y103.818 E567.52385
G1 X107.582 Y103.064 E567.54266
G1 X107.626 Y102.859 E567.54789
G1 X107.833 Y102.518 E567.55784
G1 X108.137 Y102.142 E567.5699
G1 X108.54 Y101.731 E567.58426
G1 X108.945 Y101.393 E567.59742
G1 X109.746 Y100.893 E567.62097
G1 X110.274 Y100.685 E567.63513
G1 X110.652 Y100.608 E567.64475
G1 X111 Y100.59 E567.65344
G1 X111 Y103.5 E567.72603
G1 X110.3 Y104.072 E567.74858
G1 X109.793 Y104.423 E567.76397
G1 X109.363 Y104.627 E567.77584
G1 X109.1 Y104.67 E567.78249
G0 F12000 X109.1 Y105.075
;TYPE:WALL-OUTER
G1 F1800 X108.719 Y105.013 E567.79212
G1 X108.202 Y104.768 E567.80639
G1 X107.623 Y104.365 E567.82398
G1 X107.184 Y104.008 E567.8381
G1 X107.182 Y103.022 E567.8627
G1 X107.249 Y102.71 E567.87066
G1 X107.505 Y102.288 E567.88297
G1 X107.837 Y101.877 E567.89615
G1 X108.27 Y101.436 E567.91156
G1 X108.707 Y101.071 E567.92577
G1 X109.122 Y100.784 E567.93835
G1 X109.576 Y100.53 E567.95133
G1 X110.16 Y100.3 E567.96699
G1 X110.598 Y100.211 E567.97814
G1 X110.991 Y100.19 E567.98796
G1 X111.056 Y99.457 E568.00631
G1 X111.226 Y98.94 E568.01989
G1 X111.495 Y98.475 E568.03329
G1 X111.863 Y98.066 E568.04701
G1 X112.306 Y97.745 E568.06066
G1 X112.804 Y97.525 E568.07424
G1 X113.324 Y97.415 E568.0875
G1 X113.61 Y97.4 E568.09464
G1 X118.416 Y97.4 E568.21453
G1 X118.417 Y97.8 E568.22451
G1 X113.595 Y97.8 E568.34478
G1 X113.123 Y97.852 E568.35649
G1 X112.666 Y98.008 E568.36825
G1 X112.32 Y98.21 E568.37801
G1 X111.961 Y98.532 E568.38978
G1 X111.694 Y98.9 E568.40088
G1 X111.508 Y99.32 E568.41212
G1 X111.413 Y99.759 E568.42311
G1 X111.4 Y99.995 E568.42858
G1 X111.4 Y103.9 E568.52599
G1 X111.143 Y103.9 E568.5324
G1 X110.93 Y104.082 E568.53939
G1 X110.535 Y104.396 E568.55197
G1 X109.998 Y104.768 E568.56827
G1 X109.481 Y105.013 E568.58254
G1 X109.1 Y105.075 E568.59217
G0 F12000 X109.1 Y104.635
G0 X109.076 Y104.464
G1 F3900 E565.09217
G1 F600 Z5.75
G0 F12000 X109.076 Y104.464 Z5.75
G0 X106.862 Y99.43
G1 F600 Z5.55
G1 F3900 E568.59217
G1 F1800 X106.738 Y99.491 E568.59562
G1 X106.592 Y99.066 E568.60683
G1 X106.39 Y98.719 E568.61684
G1 X106.068 Y98.361 E568.62885
G1 X105.7 Y98.094 E568.6402
G1 X105.28 Y97.907 E568.65166
G1 X104.841 Y97.813 E568.66286
G1 X104.605 Y97.8 E568.66876
G1 X99.784 Y97.8 E568.78902
G1 X99.783 Y97.4 E568.799
G1 X104.59 Y97.4 E568.91846
G1 X105.145 Y97.458 E568.93214
G1 X105.662 Y97.627 E568.94546
G1 X106.126 Y97.896 E568.9586
G1 X106.525 Y98.252 E568.9717
G1 X106.853 Y98.703 E568.98537
G1 X107.074 Y99.202 E568.99882
G1 X107.127 Y99.4 E569.00393
G0 F12000 X107.026 Y99.098
G1 F3900 E565.50393
G1 F600 Z5.75
;MESH:NONMESH
G0 F12000 X107.037 Y99.13 Z5.75
G0 X99.957 Y122.6
;TIME_ELAPSED:814.325191
;LAYER:36
;MESH:filament_filter_idig3d.stl
G0 X99.957 Y122.6 Z5.9
;TYPE:WALL-OUTER
G1 F600 Z5.7
G1 F3900 E569.00393
G1 F1800 X99.956 Y122.2 E569.01391
G1 X104.606 Y122.2 E569.12991
G1 X105.075 Y122.149 E569.14168
G1 X105.531 Y121.993 E569.1537
G1 X105.894 Y121.78 E569.1642
G1 X106.238 Y121.469 E569.17577
G1 X106.516 Y121.081 E569.18767
G1 X106.726 Y120.552 E569.20187
G1 X107.127 Y120.6 E569.21194
G1 X106.973 Y121.062 E569.22386
G1 X106.704 Y121.526 E569.23698
G1 X106.348 Y121.925 E569.25008
G1 X105.897 Y122.253 E569.26375
G1 X105.398 Y122.474 E569.27707
G1 X104.871 Y122.586 E569.29036
G1 X104.59 Y122.6 E569.29737
G1 X99.957 Y122.6 E569.41294
G1 F3900 E565.91294
G1 F600 Z5.9
G0 F12000 X97.245 Y122.6 Z5.9
G1 F600 Z5.7
G1 F3900 E569.41294
G1 F1800 X92.61 Y122.6 E569.52856
G1 X92.055 Y122.542 E569.54248
G1 X91.538 Y122.373 E569.55605
G1 X91.068 Y122.1 E569.56961
G1 X90.671 Y121.743 E569.58293
G1 X90.345 Y121.294 E569.59677
G1 X90.126 Y120.798 E569.61029
G1 X90.014 Y120.271 E569.62373
G1 X90 Y119.99 E569.63075
G1 X90 Y115.983 E569.7307
G1 X90.1 Y115.984 E569.7332
G1 X90.1 Y104.018 E570.03169
G1 X90 Y104.018 E570.03419
G1 X90 Y100.01 E570.13417
G1 X90.058 Y99.455 E570.14809
G1 X90.227 Y98.938 E570.16165
G1 X90.496 Y98.474 E570.17503
G1 X90.863 Y98.066 E570.18872
G1 X91.303 Y97.747 E570.20228
G1 X91.802 Y97.526 E570.21589
G1 X92.329 Y97.414 E570.22933
G1 X92.61 Y97.4 E570.23635
G1 X97.244 Y97.4 E570.35195
G1 X97.245 Y97.8 E570.36193
G1 X92.594 Y97.8 E570.47794
G1 X92.125 Y97.851 E570.48955
G1 X91.67 Y98.007 E570.50127
G1 X91.307 Y98.22 E570.51154
G1 X90.962 Y98.531 E570.52288
G1 X90.684 Y98.919 E570.53452
G1 X90.508 Y99.32 E570.54521
G1 X90.413 Y99.76 E570.5562
G1 X90.4 Y99.994 E570.56204
G1 X90.4 Y104.018 E570.66205
G1 F3900 E567.16205
G0 F12000 X90.3 Y104.018
G0 X90.3 Y115.983
G1 F3900 E570.66205
G0 F12000 X90.4 Y115.983
G1 F1800 X90.4 Y120.006 E570.76239
G1 X90.451 Y120.475 E570.77401
G1 X90.607 Y120.93 E570.78573
G1 X90.82 Y121.294 E570.79601
G1 X91.131 Y121.638 E570.80733
G1 X91.5 Y121.906 E570.81846
G1 X91.92 Y122.092 E570.82967
G1 X92.36 Y122.187 E570.84067
G1 X92.594 Y122.2 E570.84651
G1 X97.244 Y122.2 E570.96207
G1 X97.245 Y122.6 E570.97205
G1 F3900 E567.47205
G1 F600 Z5.9
G0 F12000 X108.04 Y112.801 Z5.9
G1 F600 Z5.7
G0 F12000 X108.821 Y107.433
;TYPE:FILL
G1 F3900 E570.97205
G1 F5400 X109.659 Y107.387 E570.99717
G1 X109.866 Y107.309 E571.00379
G1 X109.866 Y112.699 E571.16514
G1 X109.378 Y112.567 E571.18027
G1 X108.541 Y112.613 E571.20537
G1 X108.04 Y112.801 E571.22138
G1 X108.04 Y107.222 E571.38839
G1 X108.821 Y107.433 E571.4126
G1 F3900 E567.9126
G0 F12000 X108.453 Y108.453
G1 F3900 E571.4126
G1 F5400 X109.451 Y109.451 E571.45485
G1 X109.45 Y110.548 E571.48769
G1 X108.454 Y111.544 E571.52985
G1 X108.454 Y107.763 E571.64303
G1 X108.454 Y107.663
G1 F3900 E568.14303
G0 F12000 X107.6 Y113.53
;TYPE:WALL-INNER
G1 F3900 E571.64303
G1 F5400 X107.6 Y106.476 E571.819
G1 X108.171 Y106.802 E571.8354
G1 X108.867 Y106.99 E571.85338
G1 X109.566 Y106.951 E571.87085
G1 X110.245 Y106.697 E571.88893
G1 X110.306 Y106.66 E571.89071
G1 X110.306 Y113.349 E572.05757
G1 X110.02 Y113.196 E572.06566
G1 X109.333 Y113.01 E572.08341
G1 X108.634 Y113.049 E572.10088
G1 X107.938 Y113.309 E572.11941
G1 X107.6 Y113.53 E572.12948
G0 F12000 X107.2 Y114.293
G1 F5400 X107.2 Y106.103 E572.33378
G1 X107.2 Y105.7 E572.34384
G0 F12000 X107.654 Y106.047
G1 F5400 X108.325 Y106.429 E572.3631
G1 X108.909 Y106.587 E572.37819
G1 X109.483 Y106.555 E572.39253
G1 X110.07 Y106.335 E572.40817
G1 X110.551 Y106.044 E572.42219
G1 X110.706 Y105.925 E572.42707
G1 X110.706 Y114.077 E572.63042
G1 X110.384 Y113.845 E572.64032
G1 X109.871 Y113.57 E572.65484
G1 X109.291 Y113.413 E572.66983
G1 X108.717 Y113.445 E572.68417
G1 X108.12 Y113.668 E572.70006
G1 X107.361 Y114.165 E572.7227
G1 X107.2 Y114.293 E572.72783
G0 F12000 X106.8 Y115.15
;TYPE:WALL-OUTER
G1 F1800 X106.8 Y114.716 E572.73865
G1 X106.8 Y105.284 E572.97393
G1 X106.8 Y104.849 E572.98479
G0 F12000 X107.24 Y105.227
G1 F1800 X107.875 Y105.713 E573.00473
G1 X108.479 Y106.056 E573.02206
G1 X108.951 Y106.184 E573.03426
G1 X109.4 Y106.159 E573.04548
G1 X109.895 Y105.974 E573.05866
G1 X110.325 Y105.713 E573.07121
G1 X110.959 Y105.227 E573.09113
G1 X111.106 Y105.104 E573.09591
G1 X111.106 Y114.896 E573.34018
G1 X110.718 Y114.578 E573.35269
G1 X110.172 Y114.185 E573.36947
G1 X109.722 Y113.944 E573.38221
G1 X109.249 Y113.816 E573.39443
G1 X108.8 Y113.841 E573.40565
G1 X108.302 Y114.027 E573.41891
G1 X107.596 Y114.489 E573.43996
G1 X107.24 Y114.773 E573.45132
G1 F3900 E569.95132
G1 F600 Z5.9
G0 F12000 X108.333 Y116.569 Z5.9
G1 F600 Z5.7
G0 F12000 X109.943 Y118.258
;TYPE:FILL
G1 F3900 E573.45132
G1 F5400 X109.496 Y117.969 E573.46725
G1 X109.456 Y117.938 E573.46876
G1 X109.091 Y117.632 E573.48302
G1 X108.786 Y117.322 E573.49604
G1 X108.407 Y116.828 E573.51468
G1 X108.333 Y116.659 E573.5202
G1 X108.333 Y116.569 E573.52289
G1 X108.78 Y116.226 E573.53976
G1 X109.118 Y116.057 E573.55107
G1 X109.161 Y116.069 E573.55241
G1 X109.64 Y116.384 E573.56957
G1 X109.906 Y116.596 E573.57975
G1 X110.16 Y116.814 E573.58977
G1 X110.16 Y118.362 E573.63611
G1 X109.943 Y118.258 E573.64331
G0 F12000 X110.6 Y118.972
;TYPE:WALL-INNER
G1 F5400 X110.169 Y118.855 E573.65445
G1 X109.733 Y118.647 E573.6665
G1 X109.241 Y118.329 E573.68112
G1 X109.196 Y118.295 E573.68252
G1 X108.797 Y117.961 E573.6955
G1 X108.448 Y117.606 E573.70792
G1 X108.025 Y117.053 E573.72529
G1 X107.893 Y116.753 E573.73346
G1 X107.893 Y116.36 E573.74327
G1 X107.989 Y116.277 E573.74643
G1 X108.547 Y115.85 E573.76396
G1 X109.073 Y115.587 E573.77863
G1 X109.347 Y115.665 E573.78574
G1 X109.895 Y116.025 E573.80209
G1 X110.181 Y116.253 E573.81122
G1 X110.6 Y116.612 E573.82498
G1 X110.6 Y118.972 E573.88385
G0 F12000 X111 Y119.409
G1 F5400 X110.456 Y119.36 E573.89748
G1 X110.026 Y119.23 E573.90868
G1 X109.537 Y118.997 E573.92219
G1 X109.013 Y118.658 E573.93776
G1 X108.939 Y118.602 E573.94008
G1 X108.532 Y118.261 E573.95332
G1 X108.142 Y117.864 E573.96721
G1 X107.687 Y117.27 E573.98587
G1 X107.53 Y116.977 E573.99416
G1 X107.493 Y116.789 E573.99894
G1 X107.493 Y116.176 E574.01423
G1 X107.741 Y115.963 E574.02239
G1 X108.327 Y115.515 E574.04079
G1 X108.793 Y115.25 E574.05416
G1 X109.031 Y115.184 E574.06032
G1 X109.233 Y115.194 E574.06537
G1 X109.529 Y115.306 E574.07326
G1 X110.13 Y115.701 E574.0912
G1 X110.441 Y115.949 E574.10112
G1 X111 Y116.428 E574.11949
G1 X111 Y119.409 E574.19385
G1 F3900 E570.69385
G0 F12000 X111.57 Y120.944
G0 X113.076 Y122.446
G1 F3900 E574.19385
G0 F12000 X113.056 Y122.543
;TYPE:WALL-OUTER
G1 F1800 X112.535 Y122.372 E574.20753
G1 X112.083 Y122.111 E574.22055
G1 X111.671 Y121.743 E574.23433
G1 X111.345 Y121.294 E574.24817
G1 X111.126 Y120.798 E574.26169
G1 X111.014 Y120.271 E574.27513
G1 X110.991 Y119.81 E574.28665
G1 X110.377 Y119.754 E574.30203
G1 X109.883 Y119.605 E574.3149
G1 X109.341 Y119.346 E574.32988
G1 X108.78 Y118.984 E574.34654
G1 X108.686 Y118.912 E574.34949
G1 X108.267 Y118.561 E574.36313
G1 X107.836 Y118.122 E574.37847
G1 X107.351 Y117.489 E574.39837
G1 X107.148 Y117.112 E574.40905
G1 X107.093 Y116.83 E574.41621
G1 X107.093 Y115.992 E574.43712
G1 X107.492 Y115.65 E574.45023
G1 X108.106 Y115.18 E574.46951
G1 X108.638 Y114.877 E574.48479
G1 X108.987 Y114.781 E574.49382
G1 X109.313 Y114.797 E574.50196
G1 X109.713 Y114.948 E574.51262
G1 X110.365 Y115.377 E574.53209
G1 X110.702 Y115.645 E574.54283
G1 X111.232 Y116.1 E574.56026
G1 X111.4 Y116.1 E574.56445
G1 X111.4 Y120.006 E574.66188
G1 X111.451 Y120.475 E574.6735
G1 X111.607 Y120.93 E574.68522
G1 X111.82 Y121.294 E574.6955
G1 X112.131 Y121.638 E574.70681
G1 X112.5 Y121.906 E574.71797
G1 X112.92 Y122.092 E574.7292
G1 X113.36 Y122.187 E574.74043
G1 X113.594 Y122.2 E574.74628
G1 X118.244 Y122.2 E574.86227
G1 X118.245 Y122.6 E574.87225
G1 X113.61 Y122.6 E574.98744
G1 X113.056 Y122.543 E575.00111
G0 F12000 X113.056 Y122.53
G1 F3900 E571.50111
G1 F600 Z5.9
G0 F12000 X113.094 Y122.538 Z5.9
G0 X128.2 Y115.4
;TYPE:WALL-INNER
G1 F600 Z5.7
G1 F3900 E575.00111
G1 F5400 X128.2 Y104.6 E575.27052
G1 X129 Y104.6 E575.29047
G1 X129 Y115.4 E575.55988
G1 X128.2 Y115.4 E575.57983
G1 F3900 E572.07983
G0 F12000 X127.826 Y120.25
G0 X127.551 Y121.098
G0 X126.917 Y121.813
G0 X125.88 Y122.193
G0 X121.027 Y122.53
G1 F3900 E575.57983
G0 F12000 X120.957 Y122.6
;TYPE:WALL-OUTER
G1 F1800 X120.956 Y122.2 E575.58981
G1 X125.606 Y122.2 E575.70581
G1 X126.075 Y122.149 E575.71758
G1 X126.531 Y121.993 E575.7296
G1 X126.894 Y121.78 E575.7401
G1 X127.238 Y121.469 E575.75166
G1 X127.516 Y121.081 E575.76357
G1 X127.692 Y120.68 E575.7745
G1 X127.787 Y120.24 E575.78572
G1 X127.8 Y120.006 E575.79157
G1 X127.8 Y115.8 E575.89649
G1 X127.8 Y104.2 E576.18585
G1 X127.8 Y99.994 E576.29077
G1 X127.749 Y99.525 E576.30254
G1 X127.593 Y99.07 E576.31454
G1 X127.38 Y98.706 E576.32506
G1 X127.069 Y98.362 E576.33663
G1 X126.681 Y98.084 E576.34853
G1 X126.28 Y97.907 E576.35947
G1 X125.84 Y97.813 E576.37069
G1 X125.606 Y97.8 E576.37654
G1 X120.957 Y97.8 E576.49251
G1 X120.956 Y97.4 E576.50249
G1 X125.59 Y97.4 E576.61765
G1 X126.145 Y97.458 E576.63132
G1 X126.662 Y97.627 E576.64464
G1 X127.126 Y97.896 E576.65777
G1 X127.525 Y98.252 E576.67087
G1 X127.853 Y98.703 E576.68454
G1 X128.074 Y99.202 E576.69788
G1 X128.186 Y99.729 E576.71116
G1 X128.2 Y100.01 E576.71817
G1 X128.2 Y104.2 E576.82269
G1 X129.082 Y104.2 E576.8447
G1 X129.299 Y104.279 E576.85046
G1 X129.369 Y104.375 E576.85342
G1 X129.4 Y104.522 E576.85717
G1 X129.4 Y115.48 E577.13052
G1 X129.376 Y115.613 E577.13389
G1 X129.308 Y115.716 E577.13697
G1 X129.082 Y115.8 E577.14298
G1 X128.2 Y115.8 E577.16498
G1 X128.2 Y119.99 E577.2695
G1 X128.142 Y120.545 E577.28319
G1 X127.973 Y121.062 E577.29651
G1 X127.704 Y121.526 E577.30964
G1 X127.348 Y121.925 E577.32274
G1 X126.897 Y122.253 E577.3364
G1 X126.398 Y122.474 E577.34973
G1 X125.871 Y122.586 E577.36301
G1 X125.59 Y122.6 E577.37002
G1 X120.957 Y122.6 E577.48559
G1 F3900 E573.98559
G0 F12000 X121.027 Y122.53
G0 X126.083 Y122.188
G0 X126.917 Y121.813
G0 X127.551 Y121.098
G0 X127.839 Y120.001
G0 X128.007 Y115.929
G0 X128.397 Y115.104
G0 X128.445 Y115.152
;TYPE:SKIN
G1 F3900 E577.48559
G1 F3000 X128.587 Y115.011 E577.49067
G1 X128.598 Y109.648 E577.62657
G1 X128.598 Y105.122 E577.74127
G1 X128.679 Y104.92 E577.74678
G0 F12000 X128.558 Y104.8
G1 F3900 E574.24678
G1 F600 Z5.9
G0 F12000 X128.558 Y104.8 Z5.9
G0 X110.159 Y103.188
G1 F600 Z5.7
G0 F12000 X108.344 Y103.44
;TYPE:FILL
G1 F3900 E577.74678
G1 F5400 X108.354 Y103.279 E577.75161
G1 X108.524 Y103 E577.76139
G1 X108.759 Y102.708 E577.77261
G1 X109.104 Y102.36 E577.78728
G1 X109.786 Y101.835 E577.81305
G1 X110.16 Y101.638 E577.8257
G1 X110.159 Y103.188 E577.8721
G1 X109.947 Y103.37 E577.88046
G1 X109.413 Y103.778 E577.90058
G1 X109.089 Y103.939 E577.91141
G1 X108.996 Y103.909 E577.91433
G1 X108.54 Y103.602 E577.93079
G1 X108.344 Y103.44 E577.9384
G1 F3900 E574.4384
G0 F12000 X109.124 Y104.414
;TYPE:WALL-INNER
G1 F3900 E577.9384
G1 F5400 X108.802 Y104.308 E577.94686
G1 X108.288 Y103.962 E577.96231
G1 X107.893 Y103.636 E577.97509
G1 X107.919 Y103.146 E577.98733
G1 X108.16 Y102.752 E577.99885
G1 X108.436 Y102.408 E578.00985
G1 X108.809 Y102.031 E578.02308
G1 X109.549 Y101.463 E578.04635
G1 X110.059 Y101.193 E578.06074
G1 X110.564 Y101.03 E578.07398
G1 X110.6 Y101.027 E578.07488
G1 X110.599 Y103.39 E578.13383
G1 X110.21 Y103.724 E578.14662
G1 X109.653 Y104.15 E578.16411
G1 X109.124 Y104.414 E578.17886
G0 F12000 X108.973 Y104.806
G1 F5400 X108.615 Y104.664 E578.18847
G1 X108.049 Y104.283 E578.20549
G1 X107.493 Y103.824 E578.22347
G1 X107.494 Y103.205 E578.23891
G1 X107.543 Y102.993 E578.24434
G1 X107.834 Y102.518 E578.25823
G1 X108.136 Y102.143 E578.27025
G1 X108.543 Y101.731 E578.28469
G1 X109.334 Y101.124 E578.30956
G1 X109.903 Y100.823 E578.32562
G1 X110.485 Y100.635 E578.34088
G1 X111 Y100.591 E578.35377
G1 X110.999 Y103.574 E578.42818
G1 X110.459 Y104.037 E578.44593
G1 X109.873 Y104.485 E578.46433
G1 X109.407 Y104.75 E578.4777
G1 X109.169 Y104.816 E578.48386
G1 X108.973 Y104.806 E578.48876
G0 F12000 X108.887 Y105.203
;TYPE:WALL-OUTER
G1 F1800 X108.426 Y105.02 E578.50113
G1 X107.811 Y104.605 E578.51964
G1 X107.493 Y104.351 E578.52979
G1 X107.093 Y104.008 E578.54293
G1 X107.094 Y103.158 E578.56414
G1 X107.167 Y102.841 E578.57225
G1 X107.505 Y102.289 E578.5884
G1 X107.841 Y101.872 E578.60176
G1 X108.266 Y101.441 E578.61685
G1 X108.685 Y101.089 E578.63051
G1 X109.127 Y100.78 E578.64396
G1 X109.747 Y100.453 E578.66144
G1 X110.406 Y100.24 E578.67872
G1 X110.991 Y100.19 E578.69337
G1 X111.056 Y99.458 E578.7117
G1 X111.227 Y98.937 E578.72538
G1 X111.494 Y98.476 E578.73866
G1 X111.863 Y98.066 E578.75242
G1 X112.306 Y97.745 E578.76607
G1 X112.804 Y97.525 E578.77965
G1 X113.324 Y97.415 E578.79291
G1 X113.61 Y97.4 E578.80005
G1 X118.244 Y97.4 E578.91565
G1 X118.245 Y97.8 E578.92563
G1 X113.594 Y97.8 E579.04164
G1 X113.125 Y97.851 E579.05327
G1 X112.67 Y98.007 E579.06499
G1 X112.307 Y98.22 E579.07526
G1 X111.962 Y98.531 E579.0866
G1 X111.684 Y98.919 E579.09825
G1 X111.508 Y99.32 E579.10896
G1 X111.413 Y99.76 E579.11997
G1 X111.4 Y99.994 E579.12539
G1 X111.399 Y103.9 E579.22283
G1 X111.233 Y103.9 E579.22697
G1 X110.708 Y104.35 E579.24422
G1 X110.094 Y104.82 E579.26351
G1 X109.562 Y105.123 E579.27878
G1 X109.213 Y105.219 E579.28781
G1 X108.887 Y105.203 E579.29595
G0 F12000 X108.98 Y104.773
G0 X109.043 Y104.609
G1 F3900 E575.79595
G1 F600 Z5.9
G0 F12000 X109.043 Y104.609 Z5.9
G0 X106.784 Y99.428
G1 F600 Z5.7
G1 F3900 E579.29595
G1 F1800 X106.729 Y99.455 E579.29748
G1 X106.593 Y99.07 E579.30766
G1 X106.38 Y98.706 E579.31818
G1 X106.069 Y98.362 E579.32975
G1 X105.681 Y98.084 E579.34166
G1 X105.28 Y97.907 E579.35259
G1 X104.84 Y97.813 E579.36382
G1 X104.606 Y97.8 E579.36966
G1 X99.957 Y97.8 E579.48563
G1 X99.956 Y97.4 E579.49561
G1 X104.59 Y97.4 E579.61077
G1 X105.145 Y97.458 E579.62445
G1 X105.662 Y97.627 E579.63777
G1 X106.126 Y97.896 E579.65089
G1 X106.525 Y98.252 E579.66399
G1 X106.853 Y98.703 E579.67766
G1 X107.074 Y99.202 E579.69113
G1 X107.127 Y99.4 E579.69624
G0 F12000 X107.025 Y99.092
G1 F3900 E576.19624
G1 F600 Z5.9
;MESH:NONMESH
G0 F12000 X107.035 Y99.121 Z5.9
G0 X100.091 Y122.6
;TIME_ELAPSED:831.015205
;LAYER:37
;MESH:filament_filter_idig3d.stl
G0 X100.091 Y122.6 Z6.05
;TYPE:WALL-OUTER
G1 F600 Z5.85
G1 F3900 E579.69624
G1 F1800 X100.09 Y122.2 E579.70622
G1 X104.606 Y122.2 E579.81887
G1 X105.073 Y122.15 E579.83059
G1 X105.495 Y122.01 E579.84168
G1 X105.884 Y121.788 E579.85285
G1 X106.238 Y121.469 E579.86474
G1 X106.514 Y121.084 E579.87656
G1 X106.723 Y120.564 E579.89054
G1 X107.127 Y120.6 E579.90065
G1 X106.973 Y121.062 E579.91255
G1 X106.704 Y121.526 E579.92568
G1 X106.348 Y121.925 E579.93877
G1 X105.897 Y122.253 E579.95244
G1 X105.398 Y122.474 E579.96579
G1 X104.871 Y122.586 E579.97908
G1 X104.59 Y122.6 E579.98609
G1 X100.091 Y122.6 E580.09832
G1 F3900 E576.59832
G1 F600 Z6.05
G0 F12000 X97.11 Y122.6 Z6.05
G1 F600 Z5.85
G1 F3900 E580.09832
G1 F1800 X92.61 Y122.6 E580.21057
G1 X92.055 Y122.542 E580.22449
G1 X91.538 Y122.373 E580.23806
G1 X91.068 Y122.1 E580.25162
G1 X90.671 Y121.743 E580.26494
G1 X90.347 Y121.297 E580.27869
G1 X90.126 Y120.798 E580.2923
G1 X90.014 Y120.271 E580.30574
G1 X90 Y119.99 E580.31276
G1 X90 Y116.028 E580.41159
G1 X90.1 Y116.029 E580.41409
G1 X90.1 Y103.973 E580.71483
G1 X90 Y103.973 E580.71732
G1 X90 Y100.01 E580.81618
G1 X90.058 Y99.455 E580.8301
G1 X90.227 Y98.938 E580.84367
G1 X90.496 Y98.474 E580.85705
G1 X90.863 Y98.066 E580.87073
G1 X91.303 Y97.747 E580.88429
G1 X91.802 Y97.526 E580.89791
G1 X92.329 Y97.414 E580.91135
G1 X92.61 Y97.4 E580.91836
G1 X97.109 Y97.4 E581.03059
G1 X97.11 Y97.8 E581.04057
G1 X92.594 Y97.8 E581.15321
G1 X92.127 Y97.85 E581.16478
G1 X91.706 Y97.99 E581.1756
G1 X91.317 Y98.212 E581.18654
G1 X90.962 Y98.531 E581.19819
G1 X90.686 Y98.916 E581.20974
G1 X90.508 Y99.32 E581.22052
G1 X90.413 Y99.762 E581.23156
G1 X90.4 Y99.994 E581.23736
G1 X90.4 Y103.973 E581.33625
G1 F3900 E577.83625
G0 F12000 X90.3 Y103.973
G0 X90.3 Y116.028
G1 F3900 E581.33625
G0 F12000 X90.4 Y116.028
G1 F1800 X90.4 Y120.006 E581.43547
G1 X90.45 Y120.473 E581.44703
G1 X90.59 Y120.894 E581.45785
G1 X90.812 Y121.284 E581.46881
G1 X91.131 Y121.638 E581.48044
G1 X91.516 Y121.914 E581.492
G1 X91.92 Y122.092 E581.50278
G1 X92.362 Y122.187 E581.51382
G1 X92.594 Y122.2 E581.51962
G1 X97.109 Y122.2 E581.63182
G1 X97.11 Y122.6 E581.6418
G1 F3900 E578.1418
G1 F600 Z6.05
G0 F12000 X108.04 Y112.66 Z6.05
G0 X108.575 Y112.459
;TYPE:FILL
G1 F600 Z5.85
G1 F3900 E581.6418
G1 F5400 X108.04 Y112.66 E581.65891
G1 X108.04 Y107.358 E581.81762
G1 X108.072 Y107.376 E581.81872
G1 X108.834 Y107.584 E581.84236
G1 X109.636 Y107.541 E581.86641
G1 X109.939 Y107.421 E581.87616
G1 X109.939 Y112.572 E582.03035
G1 X109.366 Y112.416 E582.04813
G1 X108.575 Y112.459 E582.07184
G0 F12000 X108.453 Y111.545
G1 F5400 X108.454 Y107.91 E582.18065
G0 F12000 X108.453 Y108.453
G1 F5400 X109.524 Y109.524 E582.22599
G1 X109.524 Y110.474 E582.25443
G1 X108.453 Y111.545 E582.29977
G1 X108.383 Y111.615
G1 F3900 E578.79977
G0 F12000 X107.6 Y113.414
;TYPE:WALL-INNER
G1 F3900 E582.29977
G1 F5400 X107.6 Y106.602 E582.46969
G1 X108.242 Y106.967 E582.48812
G1 X108.881 Y107.141 E582.50464
G1 X109.539 Y107.105 E582.52107
G1 X110.236 Y106.832 E582.53975
G1 X110.379 Y106.736 E582.54404
G1 X110.379 Y113.272 E582.70708
G1 X109.958 Y113.033 E582.71916
G1 X109.319 Y112.859 E582.73568
G1 X108.667 Y112.895 E582.75197
G1 X108.028 Y113.134 E582.76899
G1 X107.6 Y113.414 E582.78175
G0 F12000 X107.2 Y114.203
G1 F5400 X107.2 Y106.201 E582.98136
G1 X107.2 Y105.797 E582.99144
G0 F12000 X107.796 Y106.254
G1 F5400 X108.396 Y106.594 E583.00864
G1 X108.924 Y106.738 E583.02229
G1 X109.453 Y106.709 E583.03551
G1 X110.05 Y106.475 E583.0515
G1 X110.663 Y106.066 E583.06988
G1 X110.779 Y105.972 E583.07361
G1 X110.779 Y114.033 E583.27469
G1 X110.404 Y113.746 E583.28647
G1 X109.804 Y113.406 E583.30367
G1 X109.276 Y113.262 E583.31733
G1 X108.75 Y113.291 E583.33047
G1 X108.21 Y113.493 E583.34485
G1 X107.538 Y113.933 E583.36489
G1 X107.2 Y114.203 E583.37568
G0 F12000 X106.8 Y115.086
;TYPE:WALL-OUTER
G1 F1800 X106.8 Y104.915 E583.62939
G1 X107.035 Y105.128 E583.63731
G1 X107.461 Y105.494 E583.65132
G1 X108.017 Y105.92 E583.66879
G1 X108.549 Y106.221 E583.68404
G1 X108.967 Y106.335 E583.69484
G1 X109.367 Y106.313 E583.70484
G1 X109.864 Y106.118 E583.71815
G1 X110.426 Y105.743 E583.73501
G1 X110.873 Y105.382 E583.74934
G1 X111.179 Y105.116 E583.75945
G1 X111.179 Y114.449 E583.99227
G1 X111.179 Y114.885 E584.00314
G0 F12000 X110.738 Y114.505
G1 F1800 X110.183 Y114.08 E584.02058
G1 X109.651 Y113.779 E584.03583
G1 X109.233 Y113.665 E584.04664
G1 X108.833 Y113.687 E584.05663
G1 X108.392 Y113.852 E584.06837
G1 X107.773 Y114.257 E584.08683
G1 X107.461 Y114.506 E584.09678
G1 X107.036 Y114.871 E584.11076
G1 X106.8 Y115.086 E584.11872
G0 F12000 X107.2 Y114.721
G1 F3900 E580.61872
G1 F600 Z6.05
G0 F12000 X108.492 Y116.35 Z6.05
G1 F600 Z5.85
G0 F12000 X109.501 Y117.975
;TYPE:FILL
G1 F3900 E584.11872
G1 F5400 X109.461 Y117.943 E584.12026
G1 X109.108 Y117.648 E584.13403
G1 X108.756 Y117.287 E584.14912
G1 X108.403 Y116.821 E584.16662
G1 X108.277 Y116.58 E584.17476
G1 X108.276 Y116.537 E584.17605
G1 X108.492 Y116.35 E584.1846
G1 X108.932 Y116.014 E584.20117
G1 X109.111 Y115.923 E584.20718
G1 X109.46 Y116.151 E584.21966
G1 X110.075 Y116.663 E584.24362
G1 X110.16 Y116.739 E584.24703
G1 X110.16 Y118.364 E584.29567
G1 X109.961 Y118.269 E584.30227
G1 X109.501 Y117.975 E584.31862
G1 F3900 E580.81862
G0 F12000 X110.6 Y118.975
;TYPE:WALL-INNER
G1 F3900 E584.31862
G1 F5400 X110.17 Y118.856 E584.32974
G1 X109.746 Y118.653 E584.34147
G1 X109.238 Y118.327 E584.35653
G1 X109.193 Y118.292 E584.35795
G1 X108.796 Y117.96 E584.37086
G1 X108.43 Y117.585 E584.38393
G1 X108.027 Y117.053 E584.40058
G1 X107.841 Y116.696 E584.41062
G1 X107.828 Y116.339 E584.41953
G1 X108.21 Y116.01 E584.43211
G1 X108.692 Y115.641 E584.44725
G1 X109.096 Y115.435 E584.45856
G1 X109.255 Y115.489 E584.46275
G1 X109.718 Y115.793 E584.47657
G1 X110.36 Y116.328 E584.49742
G1 X110.6 Y116.545 E584.50549
G1 X110.6 Y118.975 E584.5661
G0 F12000 X111 Y119.409
G1 F5400 X110.556 Y119.378 E584.57721
G1 X110.025 Y119.23 E584.59096
G1 X109.551 Y119.003 E584.60407
G1 X109.011 Y118.657 E584.62006
G1 X108.936 Y118.599 E584.62243
G1 X108.53 Y118.259 E584.63564
G1 X108.122 Y117.841 E584.65021
G1 X107.688 Y117.269 E584.66812
G1 X107.444 Y116.801 E584.68129
G1 X107.421 Y116.167 E584.69711
G1 X107.557 Y116.044 E584.70169
G1 X107.962 Y115.696 E584.71501
G1 X108.469 Y115.308 E584.73093
G1 X108.862 Y115.085 E584.7422
G1 X109.052 Y115.032 E584.74713
G1 X109.198 Y115.04 E584.75077
G1 X109.439 Y115.131 E584.7572
G1 X109.953 Y115.469 E584.77254
G1 X110.232 Y115.691 E584.78144
G1 X110.629 Y116.032 E584.79449
G1 X111 Y116.368 E584.80698
G1 X111 Y119.409 E584.88284
G1 F3900 E581.38284
G0 F12000 X111.554 Y120.91
G0 X113.073 Y122.444
G1 F3900 E584.88284
G0 F12000 X113.053 Y122.541
;TYPE:WALL-OUTER
G1 F1800 X112.54 Y122.374 E584.8963
G1 X112.07 Y122.102 E584.90984
G1 X111.671 Y121.743 E584.92323
G1 X111.347 Y121.297 E584.93698
G1 X111.126 Y120.798 E584.95059
G1 X111.014 Y120.271 E584.96403
G1 X110.991 Y119.81 E584.97555
G1 X110.49 Y119.774 E584.98808
G1 X109.883 Y119.605 E585.0038
G1 X109.353 Y119.352 E585.01845
G1 X108.783 Y118.986 E585.03534
G1 X108.679 Y118.906 E585.03862
G1 X108.264 Y118.558 E585.05213
G1 X107.819 Y118.102 E585.06802
G1 X107.348 Y117.483 E585.08742
G1 X107.059 Y116.927 E585.10305
G1 X107.02 Y116.693 E585.10897
G1 X107.022 Y115.989 E585.12653
G1 X107.296 Y115.741 E585.13575
G1 X107.714 Y115.382 E585.1495
G1 X108.248 Y114.973 E585.16628
G1 X108.707 Y114.712 E585.17945
G1 X109.006 Y114.63 E585.18718
G1 X109.281 Y114.644 E585.19405
G1 X109.623 Y114.773 E585.20317
G1 X110.188 Y115.145 E585.22004
G1 X110.481 Y115.378 E585.22938
G1 X110.898 Y115.736 E585.24309
G1 X111.299 Y116.1 E585.2566
G1 X111.4 Y116.1 E585.25912
G1 X111.4 Y120.006 E585.35656
G1 X111.45 Y120.473 E585.36812
G1 X111.59 Y120.894 E585.37894
G1 X111.812 Y121.284 E585.38989
G1 X112.131 Y121.638 E585.40153
G1 X112.516 Y121.914 E585.4131
G1 X112.92 Y122.092 E585.42388
G1 X113.362 Y122.187 E585.43516
G1 X113.594 Y122.2 E585.44096
G1 X118.109 Y122.2 E585.55358
G1 X118.11 Y122.6 E585.56356
G1 X113.61 Y122.6 E585.67525
G1 X113.053 Y122.541 E585.68899
G0 F12000 X113.054 Y122.529
G1 F3900 E582.18899
G1 F600 Z6.05
G0 F12000 X113.092 Y122.538 Z6.05
G0 X128.2 Y115.4
;TYPE:WALL-INNER
G1 F600 Z5.85
G1 F3900 E585.68899
G1 F5400 X128.2 Y104.6 E585.9584
G1 X129 Y104.6 E585.97836
G1 X129 Y115.4 E586.24776
G1 X128.2 Y115.4 E586.26772
G1 F3900 E582.76772
G0 F12000 X127.826 Y120.243
G0 X127.548 Y121.103
G0 X126.907 Y121.82
G0 X126.163 Y122.161
G0 X121.161 Y122.53
G1 F3900 E586.26772
G0 F12000 X121.091 Y122.6
;TYPE:WALL-OUTER
G1 F1800 X121.09 Y122.2 E586.2777
G1 X125.606 Y122.2 E586.39035
G1 X126.073 Y122.15 E586.40207
G1 X126.495 Y122.01 E586.41316
G1 X126.884 Y121.788 E586.42433
G1 X127.238 Y121.469 E586.43622
G1 X127.514 Y121.084 E586.44803
G1 X127.692 Y120.68 E586.45905
G1 X127.787 Y120.238 E586.47032
G1 X127.8 Y120.006 E586.47612
G1 X127.8 Y115.8 E586.58104
G1 X127.8 Y104.2 E586.8704
G1 X127.8 Y99.994 E586.97532
G1 X127.75 Y99.527 E586.98704
G1 X127.61 Y99.106 E586.9981
G1 X127.388 Y98.716 E587.0093
G1 X127.069 Y98.362 E587.02119
G1 X126.684 Y98.086 E587.033
G1 X126.28 Y97.907 E587.04403
G1 X125.838 Y97.813 E587.0553
G1 X125.606 Y97.8 E587.06109
G1 X121.091 Y97.8 E587.17372
G1 X121.09 Y97.4 E587.1837
G1 X125.59 Y97.4 E587.29553
G1 X126.145 Y97.458 E587.30921
G1 X126.662 Y97.627 E587.32253
G1 X127.126 Y97.896 E587.33566
G1 X127.525 Y98.252 E587.34876
G1 X127.853 Y98.703 E587.36243
G1 X128.074 Y99.202 E587.37579
G1 X128.186 Y99.729 E587.38908
G1 X128.2 Y100.01 E587.39609
G1 X128.2 Y104.2 E587.50061
G1 X129.082 Y104.2 E587.52261
G1 X129.3 Y104.279 E587.5284
G1 X129.369 Y104.377 E587.53139
G1 X129.4 Y104.522 E587.53508
G1 X129.4 Y115.481 E587.80846
G1 X129.373 Y115.619 E587.81197
G1 X129.206 Y115.781 E587.81777
G1 X129.082 Y115.8 E587.8209
G1 X128.2 Y115.8 E587.8429
G1 X128.2 Y119.99 E587.94742
G1 X128.142 Y120.545 E587.96111
G1 X127.973 Y121.062 E587.97444
G1 X127.704 Y121.526 E587.98757
G1 X127.348 Y121.925 E588.00066
G1 X126.897 Y122.253 E588.01432
G1 X126.398 Y122.474 E588.02768
G1 X125.871 Y122.586 E588.04097
G1 X125.59 Y122.6 E588.04798
G1 X121.091 Y122.6 E588.16021
G1 F3900 E584.66021
G0 F12000 X121.161 Y122.53
G0 X126.081 Y122.189
G0 X126.907 Y121.82
G0 X127.548 Y121.103
G0 X127.839 Y120.007
G0 X128.007 Y115.957
G0 X128.398 Y115.129
G0 X128.599 Y114.928
;TYPE:SKIN
G1 F3900 E588.16021
G1 F3000 X128.599 Y114.645 E588.16758
G1 X128.599 Y105.028 E588.41821
G1 X128.472 Y104.872 E588.42345
G1 F3900 E584.92345
G0 F12000 X128.546 Y104.798
G0 X128.8 Y115.01
G1 F3900 E588.42345
G1 F3000 X128.609 Y115.201 E588.42682
G0 F12000 X128.609 Y115.2
G1 F3900 E584.92682
G1 F600 Z6.05
G0 F12000 X128.609 Y115.2 Z6.05
G0 X110.159 Y103.261
G1 F600 Z5.85
G0 F12000 X108.707 Y103.824
;TYPE:FILL
G1 F3900 E588.42682
G1 F5400 X108.491 Y103.651 E588.4351
G1 X108.277 Y103.467 E588.44355
G1 X108.279 Y103.41 E588.44526
G1 X108.399 Y103.181 E588.453
G1 X108.618 Y102.878 E588.46419
G1 X108.931 Y102.524 E588.47833
G1 X109.433 Y102.081 E588.49838
G1 X110.141 Y101.638 E588.52338
G1 X110.16 Y101.631 E588.52398
G1 X110.159 Y103.261 E588.57277
G1 X110.089 Y103.325 E588.57561
G1 X109.691 Y103.666 E588.5913
G1 X109.289 Y103.976 E588.6065
G1 X109.083 Y104.078 E588.61338
G1 X108.707 Y103.824 E588.62696
G0 F12000 X109.092 Y104.565
;TYPE:WALL-INNER
G1 F5400 X108.914 Y104.495 E588.63173
G1 X108.449 Y104.181 E588.64573
G1 X108.212 Y103.992 E588.65329
G1 X107.829 Y103.663 E588.66589
G1 X107.843 Y103.296 E588.67505
G1 X108.024 Y102.95 E588.68479
G1 X108.278 Y102.599 E588.6956
G1 X108.619 Y102.212 E588.70846
G1 X109.174 Y101.723 E588.72691
G1 X109.936 Y101.247 E588.74933
G1 X110.388 Y101.069 E588.76144
G1 X110.6 Y101.027 E588.76684
G1 X110.599 Y103.456 E588.82743
G1 X110.383 Y103.652 E588.8347
G1 X109.967 Y104.009 E588.84838
G1 X109.52 Y104.352 E588.86243
G1 X109.092 Y104.565 E588.87436
G0 F12000 X109.006 Y104.96
G1 F5400 X108.723 Y104.849 E588.88194
G1 X108.218 Y104.508 E588.89714
G1 X107.963 Y104.305 E588.90527
G1 X107.558 Y103.957 E588.91859
G1 X107.422 Y103.833 E588.92318
G1 X107.446 Y103.191 E588.93921
G1 X107.682 Y102.739 E588.95193
G1 X107.965 Y102.348 E588.96397
G1 X108.319 Y101.947 E588.97731
G1 X108.533 Y101.737 E588.98479
G1 X108.939 Y101.398 E588.99798
G1 X109.754 Y100.889 E589.02195
G1 X110.275 Y100.684 E589.03592
G1 X110.658 Y100.608 E589.04566
G1 X111 Y100.59 E589.0542
G1 X110.999 Y103.633 E589.13011
G1 X110.643 Y103.956 E589.1421
G1 X110.227 Y104.313 E589.15578
G1 X109.738 Y104.688 E589.17115
G1 X109.338 Y104.915 E589.18262
G1 X109.148 Y104.968 E589.18754
G1 X109.006 Y104.96 E589.19109
G0 F12000 X108.919 Y105.356
;TYPE:WALL-OUTER
G1 F1800 X108.533 Y105.204 E589.20144
G1 X107.986 Y104.835 E589.2179
G1 X107.714 Y104.618 E589.22658
G1 X107.297 Y104.26 E589.24029
G1 X107.022 Y104.011 E589.24954
G1 X107.021 Y103.305 E589.26715
G1 X107.061 Y103.063 E589.27327
G1 X107.34 Y102.528 E589.28832
G1 X107.652 Y102.097 E589.3016
G1 X108.022 Y101.678 E589.31554
G1 X108.267 Y101.439 E589.32408
G1 X108.699 Y101.078 E589.33812
G1 X109.116 Y100.787 E589.35081
G1 X109.582 Y100.527 E589.36412
G1 X110.163 Y100.299 E589.37969
G1 X110.607 Y100.211 E589.39098
G1 X110.991 Y100.19 E589.40057
G1 X111.056 Y99.459 E589.41888
G1 X111.229 Y98.934 E589.43267
G1 X111.497 Y98.471 E589.44601
G1 X111.863 Y98.066 E589.45963
G1 X112.306 Y97.745 E589.47327
G1 X112.806 Y97.524 E589.48691
G1 X113.33 Y97.414 E589.50027
G1 X113.61 Y97.4 E589.50726
G1 X118.109 Y97.4 E589.61949
G1 X118.11 Y97.8 E589.62947
G1 X113.594 Y97.8 E589.74211
G1 X113.127 Y97.85 E589.75368
G1 X112.706 Y97.99 E589.76449
G1 X112.317 Y98.212 E589.77543
G1 X111.962 Y98.531 E589.78708
G1 X111.686 Y98.916 E589.79865
G1 X111.508 Y99.32 E589.80944
G1 X111.413 Y99.762 E589.82049
G1 X111.4 Y99.994 E589.82587
G1 X111.399 Y103.9 E589.9233
G1 X111.3 Y103.9 E589.92577
G1 X110.904 Y104.259 E589.9391
G1 X110.486 Y104.618 E589.95285
G1 X109.954 Y105.026 E589.96957
G1 X109.493 Y105.288 E589.9828
G1 X109.194 Y105.37 E589.99053
G1 X108.919 Y105.356 E589.9974
G0 F12000 X109.012 Y104.926
G0 X109.024 Y104.753
G1 F3900 E586.4974
G1 F600 Z6.05
G0 F12000 X109.024 Y104.753 Z6.05
G0 X106.721 Y99.427
G1 F600 Z5.85
G1 F3900 E589.9974
G1 F1800 X106.515 Y98.917 E590.01112
G1 X106.238 Y98.531 E590.02298
G1 X105.885 Y98.213 E590.03483
G1 X105.495 Y97.99 E590.04603
G1 X105.058 Y97.848 E590.0575
G1 X104.606 Y97.8 E590.06883
G1 X100.091 Y97.8 E590.18146
G1 X100.09 Y97.4 E590.19144
G1 X104.59 Y97.4 E590.30327
G1 X105.145 Y97.458 E590.31713
G1 X105.662 Y97.627 E590.33067
G1 X106.126 Y97.896 E590.344
G1 X106.525 Y98.252 E590.35727
G1 X106.853 Y98.703 E590.37112
G1 X107.074 Y99.202 E590.38467
G1 X107.127 Y99.4 E590.38979
G0 F12000 X107.013 Y99.084
G1 F3900 E586.88979
G1 F600 Z6.05
;MESH:NONMESH
G0 F12000 X107.018 Y99.096 Z6.05
G0 X100.197 Y122.6
;TIME_ELAPSED:847.455432
;LAYER:38
;MESH:filament_filter_idig3d.stl
G0 X100.197 Y122.6 Z6.2
;TYPE:WALL-OUTER
G1 F600 Z6
G1 F3900 E590.38979
G1 F1800 X100.196 Y122.2 E590.39977
G1 X104.606 Y122.2 E590.50977
G1 X105.07 Y122.15 E590.52141
G1 X105.495 Y122.01 E590.53258
G1 X105.885 Y121.786 E590.5438
G1 X106.237 Y121.469 E590.55561
G1 X106.506 Y121.1 E590.567
G1 X106.72 Y120.575 E590.58115
G1 X107.127 Y120.6 E590.59132
G1 X106.973 Y121.062 E590.60322
G1 X106.704 Y121.526 E590.61638
G1 X106.348 Y121.925 E590.6295
G1 X105.897 Y122.253 E590.64317
G1 X105.398 Y122.474 E590.65653
G1 X104.871 Y122.586 E590.66982
G1 X104.59 Y122.6 E590.67683
G1 X100.197 Y122.6 E590.78641
G1 F3900 E587.28641
G1 F600 Z6.2
G0 F12000 X97.004 Y122.6 Z6.2
G1 F600 Z6
G1 F3900 E590.78641
G1 F1800 X92.61 Y122.6 E590.89602
G1 X92.055 Y122.542 E590.90994
G1 X91.538 Y122.373 E590.92351
G1 X91.068 Y122.1 E590.93707
G1 X90.671 Y121.743 E590.95039
G1 X90.347 Y121.297 E590.96414
G1 X90.126 Y120.798 E590.97775
G1 X90.014 Y120.271 E590.99119
G1 X90 Y119.99 E590.99821
G1 X90 Y116.073 E591.09592
G1 X90.1 Y116.074 E591.09841
G1 X90.1 Y103.928 E591.4014
G1 X90 Y103.928 E591.40389
G1 X90 Y100.01 E591.50163
G1 X90.058 Y99.455 E591.51555
G1 X90.227 Y98.938 E591.52912
G1 X90.496 Y98.474 E591.54249
G1 X90.863 Y98.066 E591.55618
G1 X91.303 Y97.747 E591.56974
G1 X91.802 Y97.526 E591.58335
G1 X92.329 Y97.414 E591.59679
G1 X92.61 Y97.4 E591.60381
G1 X97.003 Y97.4 E591.7134
G1 X97.004 Y97.8 E591.72337
G1 X92.594 Y97.8 E591.83337
G1 X92.13 Y97.85 E591.84487
G1 X91.705 Y97.99 E591.85577
G1 X91.315 Y98.214 E591.86676
G1 X90.963 Y98.531 E591.87833
G1 X90.694 Y98.9 E591.88949
G1 X90.508 Y99.32 E591.90071
G1 X90.413 Y99.764 E591.91181
G1 X90.4 Y99.994 E591.91756
G1 X90.4 Y103.928 E592.01532
G1 F3900 E588.51532
G0 F12000 X90.3 Y103.928
G0 X90.3 Y116.073
G1 F3900 E592.01532
G0 F12000 X90.4 Y116.073
G1 F1800 X90.4 Y120.006 E592.11342
G1 X90.45 Y120.47 E592.12492
G1 X90.59 Y120.895 E592.13582
G1 X90.814 Y121.286 E592.14681
G1 X91.131 Y121.637 E592.15837
G1 X91.5 Y121.906 E592.16952
G1 X91.92 Y122.092 E592.18073
G1 X92.364 Y122.187 E592.19183
G1 X92.594 Y122.2 E592.19758
G1 X97.003 Y122.2 E592.30715
G1 X97.004 Y122.6 E592.31713
G1 F3900 E588.81713
G1 F600 Z6.2
G0 F12000 X108.04 Y112.518 Z6.2
G1 F600 Z6
G0 F12000 X108.612 Y107.695
;TYPE:FILL
G1 F3900 E592.31713
G1 F5400 X109.348 Y107.734 E592.33919
G1 X110.001 Y107.559 E592.35943
G1 X110.001 Y112.443 E592.50563
G1 X109.349 Y112.266 E592.52585
G1 X108.612 Y112.305 E592.54794
G1 X108.04 Y112.518 E592.56621
G1 X108.04 Y107.482 E592.71696
G1 X108.612 Y107.695 E592.73523
G0 F12000 X108.453 Y108.453
G1 F5400 X109.587 Y109.587 E592.78324
G1 X109.586 Y110.412 E592.80793
G1 X108.453 Y111.545 E592.8559
G1 X108.454 Y108.078 E592.95968
G1 X108.454 Y107.978
G1 F3900 E589.45968
G0 F12000 X107.6 Y113.299
;TYPE:WALL-INNER
G1 F3900 E592.95968
G1 F5400 X107.6 Y106.701 E593.12427
G1 X108.118 Y107.041 E593.13972
G1 X108.702 Y107.259 E593.15527
G1 X109.302 Y107.291 E593.17026
G1 X109.887 Y107.133 E593.18538
G1 X110.441 Y106.821 E593.20124
G1 X110.441 Y113.189 E593.36009
G1 X109.891 Y112.869 E593.37596
G1 X109.302 Y112.709 E593.39119
G1 X108.702 Y112.741 E593.40617
G1 X108.118 Y112.959 E593.42172
G1 X107.6 Y113.299 E593.43718
G0 F12000 X107.2 Y114.129
G1 F5400 X107.2 Y113.705 E593.44776
G1 X107.2 Y106.295 E593.6326
G1 X107.2 Y105.871 E593.64318
G0 F12000 X107.712 Y106.296
G1 F5400 X108.3 Y106.682 E593.66072
G1 X108.784 Y106.863 E593.67361
G1 X109.259 Y106.888 E593.68548
G1 X109.734 Y106.76 E593.69775
G1 X110.261 Y106.463 E593.71284
G1 X110.771 Y106.072 E593.72887
G1 X110.841 Y106.011 E593.73119
G1 X110.841 Y113.99 E593.93022
G1 X110.773 Y113.93 E593.93249
G1 X110.334 Y113.589 E593.94635
G1 X109.736 Y113.241 E593.96361
G1 X109.259 Y113.112 E593.97594
G1 X108.784 Y113.137 E593.9878
G1 X108.3 Y113.318 E594.00069
G1 X107.712 Y113.704 E594.01824
G1 F3900 E590.51824
G0 F12000 X107.091 Y114.428
G1 F3900 E594.01824
G0 F12000 X106.8 Y115.023
;TYPE:WALL-OUTER
G1 F1800 X106.8 Y114.571 E594.02951
G1 X106.8 Y105.429 E594.25756
G1 X106.8 Y104.977 E594.26884
G0 F12000 X107.319 Y105.449
G1 F1800 X107.95 Y105.974 E594.28931
G1 X108.482 Y106.323 E594.30518
G1 X108.866 Y106.467 E594.31542
G1 X109.216 Y106.485 E594.32416
G1 X109.581 Y106.387 E594.33358
G1 X110.04 Y106.128 E594.34673
G1 X110.518 Y105.762 E594.36175
G1 X111.05 Y105.299 E594.37934
G1 X111.241 Y105.124 E594.3858
G1 X111.241 Y114.433 E594.61802
G1 X111.241 Y114.876 E594.62907
G0 F12000 X110.909 Y114.583
G1 F1800 X110.518 Y114.238 E594.64208
G1 X110.11 Y113.921 E594.65496
G1 X109.581 Y113.613 E594.67023
G1 X109.216 Y113.515 E594.67966
G1 X108.866 Y113.533 E594.6884
G1 X108.482 Y113.677 E594.69863
G1 X107.95 Y114.026 E594.71451
G1 X107.319 Y114.551 E594.73498
G0 F12000 X107.2 Y114.659
G1 F3900 E591.23498
G1 F600 Z6.2
G0 F12000 X109.089 Y104.199 Z6.2
G1 F600 Z6
G0 F12000 X110.16 Y101.634
;TYPE:FILL
G1 F3900 E594.73498
G1 F5400 X110.16 Y103.323 E594.78554
G1 X109.825 Y103.627 E594.79908
G1 X109.262 Y104.096 E594.82102
G1 X109.089 Y104.199 E594.82704
G1 X108.724 Y103.929 E594.84063
G1 X108.229 Y103.491 E594.86042
G1 X108.368 Y103.227 E594.86935
G1 X108.625 Y102.868 E594.88257
G1 X109.114 Y102.346 E594.90398
G1 X109.468 Y102.051 E594.91777
G1 X110.16 Y101.634 E594.94196
G1 F3900 E591.44196
G0 F12000 X109.099 Y104.703
;TYPE:WALL-INNER
G1 F3900 E594.94196
G1 F5400 X108.943 Y104.636 E594.94619
G1 X108.435 Y104.262 E594.96193
G1 X107.76 Y103.664 E594.98442
G1 X107.788 Y103.382 E594.99149
G1 X107.992 Y102.998 E595.00234
G1 X108.283 Y102.591 E595.01482
G1 X108.809 Y102.03 E595.034
G1 X109.219 Y101.687 E595.04734
G1 X109.988 Y101.224 E595.06973
G1 X110.386 Y101.072 E595.08036
G1 X110.6 Y101.045 E595.08574
G1 X110.6 Y103.518 E595.14743
G1 X110.103 Y103.969 E595.16417
G1 X109.517 Y104.456 E595.18317
G1 X109.099 Y104.703 E595.19529
G0 F12000 X109.032 Y105.109
G1 F5400 X108.742 Y104.984 E595.20316
G1 X108.185 Y104.574 E595.22042
G1 X107.841 Y104.278 E595.23174
G1 X107.36 Y103.841 E595.24795
G1 X107.359 Y103.475 E595.25708
G1 X107.409 Y103.243 E595.263
G1 X107.652 Y102.786 E595.27591
G1 X107.974 Y102.335 E595.28973
G1 X108.533 Y101.739 E595.31012
G1 X108.975 Y101.369 E595.32449
G1 X109.399 Y101.084 E595.33724
G1 X109.829 Y100.856 E595.34938
G1 X110.287 Y100.681 E595.36161
G1 X111 Y100.59 E595.37954
G1 X111 Y103.706 E595.45727
G1 X110.904 Y103.782 E595.46032
G1 X110.359 Y104.277 E595.47869
G1 X109.761 Y104.774 E595.49808
G1 X109.459 Y104.983 E595.50725
G1 X109.168 Y105.109 E595.51516
G1 X109.032 Y105.109 E595.51855
G0 F12000 X108.949 Y105.509
;TYPE:WALL-OUTER
G1 F1800 X108.542 Y105.333 E595.52961
G1 X107.935 Y104.886 E595.54841
G1 X107.58 Y104.581 E595.56009
G1 X107.128 Y104.172 E595.5753
G1 X106.961 Y104.014 E595.58103
G1 X106.959 Y103.434 E595.5955
G1 X107.03 Y103.104 E595.60392
G1 X107.312 Y102.574 E595.6189
G1 X107.657 Y102.09 E595.63372
G1 X108.016 Y101.685 E595.64722
G1 X108.265 Y101.441 E595.65592
G1 X108.731 Y101.051 E595.67108
G1 X109.197 Y100.738 E595.68508
G1 X109.664 Y100.491 E595.69826
G1 X110.171 Y100.297 E595.7118
G1 X110.607 Y100.211 E595.72289
G1 X110.991 Y100.19 E595.73248
G1 X111.057 Y99.458 E595.75081
G1 X111.225 Y98.943 E595.76433
G1 X111.502 Y98.465 E595.77811
G1 X111.863 Y98.066 E595.79153
G1 X112.303 Y97.747 E595.80509
G1 X112.806 Y97.524 E595.81881
G1 X113.33 Y97.414 E595.83217
G1 X113.61 Y97.4 E595.83916
G1 X118.003 Y97.4 E595.94874
G1 X118.004 Y97.8 E595.95872
G1 X113.594 Y97.8 E596.06872
G1 X113.13 Y97.85 E596.08022
G1 X112.705 Y97.99 E596.09114
G1 X112.315 Y98.214 E596.10213
G1 X111.963 Y98.531 E596.11372
G1 X111.694 Y98.9 E596.12486
G1 X111.508 Y99.32 E596.13608
G1 X111.413 Y99.764 E596.14717
G1 X111.4 Y99.994 E596.1525
G1 X111.4 Y103.9 E596.24993
G1 X111.163 Y104.087 E596.25746
G1 X110.615 Y104.585 E596.27593
G1 X110.005 Y105.092 E596.29572
G1 X109.656 Y105.334 E596.30632
G1 X109.251 Y105.509 E596.31732
G1 X108.949 Y105.509 E596.32485
G0 F12000 X109.038 Y105.079
G0 X109.105 Y104.909
G1 F3900 E592.82485
G1 F600 Z6.2
G0 F12000 X109.105 Y104.909 Z6.2
G0 X106.719 Y99.419
G1 F600 Z6
G1 F3900 E596.32485
G1 F1800 X106.506 Y98.9 E596.33885
G1 X106.237 Y98.531 E596.35024
G1 X105.886 Y98.215 E596.36202
G1 X105.495 Y97.99 E596.37327
G1 X105.058 Y97.848 E596.38474
G1 X104.606 Y97.8 E596.39607
G1 X100.197 Y97.8 E596.50606
G1 X100.196 Y97.4 E596.51604
G1 X104.59 Y97.4 E596.62523
G1 X105.145 Y97.458 E596.63909
G1 X105.662 Y97.627 E596.65263
G1 X106.126 Y97.896 E596.66598
G1 X106.525 Y98.252 E596.67925
G1 X106.853 Y98.703 E596.6931
G1 X107.074 Y99.202 E596.70667
G1 X107.127 Y99.4 E596.71178
G0 F12000 X107.013 Y99.081
G1 F3900 E593.21178
G1 F600 Z6.2
G0 F12000 X107.017 Y99.092 Z6.2
G0 X109.11 Y115.804
;TYPE:FILL
G1 F600 Z6
G1 F3900 E596.71178
G1 F5400 X109.473 Y116.07 E596.72525
G1 X109.805 Y116.355 E596.73835
G1 X110.16 Y116.676 E596.75267
G1 X110.16 Y118.362 E596.80314
G1 X109.942 Y118.258 E596.81037
G1 X109.512 Y117.983 E596.82565
G1 X109.107 Y117.647 E596.8414
G1 X108.762 Y117.293 E596.8562
G1 X108.402 Y116.823 E596.87392
G1 X108.229 Y116.505 E596.88476
G1 X108.369 Y116.378 E596.89042
G1 X108.937 Y115.906 E596.91253
G1 X109.11 Y115.804 E596.91854
G1 F3900 E593.41854
G0 F12000 X110.6 Y118.97
;TYPE:WALL-INNER
G1 F3900 E596.91854
G1 F5400 X110.17 Y118.855 E596.92964
G1 X109.74 Y118.65 E596.94152
G1 X109.244 Y118.332 E596.95622
G1 X108.809 Y117.972 E596.97031
G1 X108.428 Y117.582 E596.98391
G1 X108.032 Y117.065 E597.00015
G1 X107.787 Y116.611 E597.01302
G1 X107.761 Y116.336 E597.01991
G1 X108.092 Y116.035 E597.03107
G1 X108.683 Y115.544 E597.05024
G1 X109.101 Y115.297 E597.06235
G1 X109.255 Y115.364 E597.06654
G1 X109.738 Y115.718 E597.08148
G1 X110.098 Y116.027 E597.09331
G1 X110.6 Y116.482 E597.11021
G1 X110.6 Y118.97 E597.17227
G0 F12000 X111 Y119.409
G1 F5400 X110.45 Y119.358 E597.18605
G1 X110.027 Y119.23 E597.19708
G1 X109.548 Y119.002 E597.21031
G1 X109.01 Y118.656 E597.22627
G1 X108.939 Y118.604 E597.22846
G1 X108.537 Y118.266 E597.24156
G1 X108.126 Y117.845 E597.25624
G1 X107.693 Y117.28 E597.274
G1 X107.408 Y116.751 E597.28899
G1 X107.361 Y116.534 E597.29453
G1 X107.361 Y116.159 E597.30388
G1 X107.836 Y115.727 E597.3199
G1 X108.439 Y115.226 E597.33945
G1 X108.741 Y115.017 E597.34861
G1 X109.032 Y114.891 E597.35652
G1 X109.168 Y114.891 E597.35992
G1 X109.456 Y115.015 E597.36774
G1 X109.999 Y115.414 E597.38455
G1 X110.359 Y115.723 E597.39638
G1 X110.9 Y116.214 E597.41461
G1 X111 Y116.293 E597.41779
G1 X111 Y119.409 E597.49551
G1 F3900 E593.99551
G0 F12000 X111.554 Y120.911
G0 X113.073 Y122.444
G1 F3900 E597.49551
G0 F12000 X113.053 Y122.541
;TYPE:WALL-OUTER
G1 F1800 X112.54 Y122.374 E597.50897
G1 X112.07 Y122.102 E597.52252
G1 X111.671 Y121.743 E597.53591
G1 X111.347 Y121.297 E597.54966
G1 X111.126 Y120.798 E597.56327
G1 X111.014 Y120.271 E597.57671
G1 X110.991 Y119.81 E597.58823
G1 X110.371 Y119.752 E597.60376
G1 X109.884 Y119.605 E597.61645
G1 X109.352 Y119.352 E597.63114
G1 X108.785 Y118.987 E597.64797
G1 X108.694 Y118.92 E597.65078
G1 X108.265 Y118.56 E597.66475
G1 X107.824 Y118.108 E597.68051
G1 X107.354 Y117.495 E597.69978
G1 X107.029 Y116.891 E597.71689
G1 X106.961 Y116.578 E597.72488
G1 X106.961 Y115.986 E597.73964
G1 X107.128 Y115.828 E597.74538
G1 X107.58 Y115.419 E597.76058
G1 X108.195 Y114.908 E597.78053
G1 X108.544 Y114.666 E597.79112
G1 X108.949 Y114.491 E597.80213
G1 X109.251 Y114.491 E597.80966
G1 X109.656 Y114.666 E597.82067
G1 X110.26 Y115.11 E597.83937
G1 X110.62 Y115.419 E597.8512
G1 X111.159 Y115.909 E597.86937
G1 X111.4 Y116.1 E597.87704
G1 X111.4 Y120.006 E597.97448
G1 X111.45 Y120.47 E597.98597
G1 X111.59 Y120.895 E597.99688
G1 X111.814 Y121.286 E598.00787
G1 X112.131 Y121.637 E598.01942
G1 X112.5 Y121.906 E598.03059
G1 X112.92 Y122.092 E598.04181
G1 X113.364 Y122.187 E598.05313
G1 X113.594 Y122.2 E598.05888
G1 X118.003 Y122.2 E598.16886
G1 X118.004 Y122.6 E598.17884
G1 X113.61 Y122.6 E598.2879
G1 X113.053 Y122.541 E598.30164
G0 F12000 X113.055 Y122.529
G1 F3900 E594.80164
G1 F600 Z6.2
G0 F12000 X113.094 Y122.538 Z6.2
G0 X128.2 Y115.4
;TYPE:WALL-INNER
G1 F600 Z6
G1 F3900 E598.30164
G1 F5400 X128.2 Y104.6 E598.57105
G1 X129 Y104.6 E598.591
G1 X129 Y115.4 E598.86041
G1 X128.2 Y115.4 E598.88037
G1 F3900 E595.38037
G0 F12000 X127.839 Y120.007
G0 X127.54 Y121.119
G0 X126.906 Y121.82
G0 X126.05 Y122.168
G0 X121.267 Y122.53
G1 F3900 E598.88037
G0 F12000 X121.197 Y122.6
;TYPE:WALL-OUTER
G1 F1800 X121.196 Y122.2 E598.89034
G1 X125.606 Y122.2 E599.00035
G1 X126.07 Y122.15 E599.01199
G1 X126.495 Y122.01 E599.02315
G1 X126.885 Y121.786 E599.03437
G1 X127.237 Y121.469 E599.04619
G1 X127.506 Y121.1 E599.05758
G1 X127.692 Y120.68 E599.06904
G1 X127.787 Y120.236 E599.08037
G1 X127.8 Y120.006 E599.08611
G1 X127.8 Y115.8 E599.19103
G1 X127.8 Y104.2 E599.48039
G1 X127.8 Y99.994 E599.58531
G1 X127.75 Y99.53 E599.59696
G1 X127.61 Y99.105 E599.60812
G1 X127.386 Y98.714 E599.61936
G1 X127.069 Y98.363 E599.63116
G1 X126.687 Y98.087 E599.64291
G1 X126.28 Y97.907 E599.65401
G1 X125.836 Y97.813 E599.66533
G1 X125.606 Y97.8 E599.67108
G1 X121.197 Y97.8 E599.78106
G1 X121.196 Y97.4 E599.79104
G1 X125.59 Y97.4 E599.90024
G1 X126.145 Y97.458 E599.91393
G1 X126.662 Y97.627 E599.92725
G1 X127.126 Y97.896 E599.94039
G1 X127.525 Y98.252 E599.95349
G1 X127.853 Y98.703 E599.96715
G1 X128.074 Y99.202 E599.98051
G1 X128.186 Y99.729 E599.9938
G1 X128.2 Y100.01 E600.00081
G1 X128.2 Y104.2 E600.10533
G1 X129.082 Y104.2 E600.12733
G1 X129.302 Y104.281 E600.13318
G1 X129.369 Y104.377 E600.1361
G1 X129.4 Y104.522 E600.1398
G1 X129.4 Y115.48 E600.41314
G1 X129.308 Y115.716 E600.41946
G1 X129.206 Y115.781 E600.42248
G1 X129.082 Y115.8 E600.42561
G1 X128.2 Y115.8 E600.44761
G1 X128.2 Y119.99 E600.55213
G1 X128.142 Y120.545 E600.56583
G1 X127.973 Y121.062 E600.57915
G1 X127.704 Y121.526 E600.59231
G1 X127.348 Y121.925 E600.60543
G1 X126.897 Y122.253 E600.6191
G1 X126.398 Y122.474 E600.63246
G1 X125.871 Y122.586 E600.64575
G1 X125.59 Y122.6 E600.65276
G1 X121.197 Y122.6 E600.76234
G1 F3900 E597.26234
G0 F12000 X121.267 Y122.53
G0 X126.078 Y122.189
G0 X126.973 Y121.759
G0 X127.54 Y121.119
G0 X127.839 Y120.007
G0 X128.027 Y115.674
G0 X128.445 Y115.152
;TYPE:SKIN
G1 F3900 E600.76234
G1 F3000 X128.587 Y115.011 E600.76741
G1 X128.598 Y109.648 E600.90332
G1 X128.598 Y105.122 E601.01802
G1 X128.679 Y104.92 E601.02353
G0 F12000 X128.8 Y105.041
G1 F3900 E597.52353
G1 F600 Z6.2
;MESH:NONMESH
G0 F12000 X128.8 Y105.041 Z6.2
G0 X100.281 Y122.6
;TIME_ELAPSED:863.964892
;LAYER:39
;MESH:filament_filter_idig3d.stl
G0 X100.281 Y122.6 Z6.35
;TYPE:WALL-OUTER
G1 F600 Z6.15
G1 F3900 E601.02353
G1 F1800 X100.28 Y122.2 E601.03351
G1 X104.642 Y122.199 E601.14232
G1 X105.068 Y122.151 E601.15302
G1 X105.496 Y122.01 E601.16426
G1 X105.894 Y121.78 E601.17572
G1 X106.237 Y121.47 E601.18726
G1 X106.506 Y121.099 E601.19869
G1 X106.718 Y120.584 E601.21258
G1 X107.127 Y120.6 E601.22279
G1 X106.973 Y121.062 E601.23469
G1 X106.704 Y121.526 E601.24784
G1 X106.348 Y121.925 E601.26094
G1 X105.897 Y122.253 E601.2746
G1 X105.398 Y122.474 E601.28795
G1 X104.871 Y122.586 E601.30124
G1 X104.59 Y122.6 E601.30826
G1 X100.281 Y122.6 E601.41574
G1 F3900 E597.91574
G1 F600 Z6.35
G0 F12000 X96.921 Y122.6 Z6.35
G1 F600 Z6.15
G1 F3900 E601.41574
G1 F1800 X92.568 Y122.599 E601.52433
G1 X92.055 Y122.542 E601.53721
G1 X91.538 Y122.373 E601.55077
G1 X91.068 Y122.1 E601.56433
G1 X90.671 Y121.743 E601.57765
G1 X90.345 Y121.294 E601.59149
G1 X90.126 Y120.798 E601.60502
G1 X90.014 Y120.271 E601.61846
G1 X90 Y119.99 E601.62547
G1 X90 Y116.11 E601.72226
G1 X90.1 Y116.111 E601.72476
G1 X90.1 Y103.891 E602.02959
G1 X90 Y103.891 E602.03208
G1 X90.001 Y99.968 E602.12994
G1 X90.058 Y99.455 E602.14282
G1 X90.227 Y98.938 E602.15638
G1 X90.496 Y98.474 E602.16976
G1 X90.863 Y98.066 E602.18345
G1 X91.303 Y97.747 E602.19701
G1 X91.802 Y97.526 E602.21062
G1 X92.329 Y97.414 E602.22406
G1 X92.61 Y97.4 E602.23108
G1 X96.92 Y97.4 E602.33859
G1 X96.921 Y97.8 E602.34857
G1 X92.558 Y97.801 E602.45741
G1 X92.132 Y97.849 E602.46794
G1 X91.705 Y97.99 E602.47891
G1 X91.307 Y98.22 E602.49013
G1 X90.963 Y98.53 E602.50143
G1 X90.694 Y98.901 E602.51262
G1 X90.507 Y99.32 E602.52382
G1 X90.413 Y99.765 E602.53494
G1 X90.4 Y99.994 E602.54061
G1 X90.4 Y103.891 E602.6377
G1 F3900 E599.1377
G0 F12000 X90.3 Y103.89
G0 X90.3 Y116.109
G1 F3900 E602.6377
G0 F12000 X90.4 Y116.11
G1 F1800 X90.401 Y120.042 E602.73578
G1 X90.449 Y120.468 E602.74632
G1 X90.59 Y120.895 E602.75729
G1 X90.82 Y121.294 E602.76853
G1 X91.13 Y121.637 E602.77982
G1 X91.5 Y121.906 E602.79098
G1 X91.92 Y122.093 E602.8022
G1 X92.365 Y122.187 E602.81332
G1 X92.594 Y122.2 E602.81899
G1 X96.92 Y122.2 E602.9269
G1 X96.921 Y122.6 E602.93688
G1 F3900 E599.43688
G1 F600 Z6.35
G0 F12000 X108.04 Y112.39 Z6.35
G1 F600 Z6.15
G0 F12000 X108.646 Y107.848
;TYPE:FILL
G1 F3900 E602.93688
G1 F5400 X109.331 Y107.885 E602.95742
G1 X109.987 Y107.71 E602.97774
G1 X110.051 Y107.674 E602.97994
G1 X110.051 Y112.335 E603.11946
G1 X109.556 Y112.152 E603.13526
G1 X108.87 Y112.115 E603.15582
G1 X108.213 Y112.292 E603.17619
G1 X108.04 Y112.39 E603.18214
G1 X108.04 Y107.623 E603.32484
G1 X108.646 Y107.848 E603.34419
G0 F12000 X108.453 Y108.453
G1 F5400 X109.636 Y109.636 E603.39427
G1 X109.636 Y110.363 E603.41603
G1 X108.453 Y111.545 E603.46609
G1 X108.454 Y108.218 E603.56568
G1 X108.454 Y108.118
G1 F3900 E600.06568
G0 F12000 X107.6 Y113.196
;TYPE:WALL-INNER
G1 F3900 E603.56568
G1 F5400 X107.6 Y106.808 E603.72503
G1 X107.65 Y106.85 E603.72666
G1 X108.209 Y107.216 E603.74333
G1 X108.736 Y107.412 E603.75735
G1 X109.284 Y107.442 E603.77104
G1 X109.818 Y107.299 E603.78483
G1 X110.345 Y106.999 E603.79996
G1 X110.491 Y106.885 E603.80458
G1 X110.491 Y113.118 E603.96006
G1 X109.996 Y112.783 E603.97497
G1 X109.464 Y112.588 E603.98911
G1 X108.916 Y112.558 E604.0028
G1 X108.381 Y112.702 E604.01662
G1 X107.859 Y112.999 E604.0316
G1 X107.6 Y113.196 E604.03972
G0 F12000 X107.2 Y114.056
G1 F5400 X107.2 Y113.616 E604.05069
G1 X107.2 Y105.945 E604.24205
G1 X107.339 Y106.071 E604.24673
G1 X107.888 Y106.528 E604.26455
G1 X108.391 Y106.857 E604.27954
G1 X108.818 Y107.016 E604.29091
G1 X109.242 Y107.039 E604.3015
G1 X109.665 Y106.926 E604.31242
G1 X110.122 Y106.666 E604.32554
G1 X110.648 Y106.256 E604.34217
G1 X110.891 Y106.038 E604.35031
G1 X110.891 Y113.528 E604.53715
G1 X110.891 Y113.96 E604.54793
G0 F12000 X110.388 Y113.531
G1 F5400 X109.812 Y113.142 E604.56527
G1 X109.382 Y112.984 E604.5767
G1 X108.958 Y112.961 E604.58729
G1 X108.534 Y113.075 E604.59824
G1 X108.08 Y113.333 E604.61127
G1 X107.652 Y113.66 E604.6247
G1 F3900 E601.1247
G0 F12000 X107.094 Y114.363
G1 F3900 E604.6247
G0 F12000 X106.8 Y114.973
;TYPE:WALL-OUTER
G1 F1800 X106.8 Y105.029 E604.87276
G1 X107.147 Y105.355 E604.88463
G1 X107.602 Y105.769 E604.89998
G1 X108.126 Y106.206 E604.917
G1 X108.573 Y106.498 E604.93032
G1 X108.9 Y106.62 E604.93902
G1 X109.2 Y106.636 E604.94652
G1 X109.512 Y106.553 E604.95457
G1 X109.899 Y106.333 E604.96568
G1 X110.391 Y105.949 E604.98124
G1 X111.056 Y105.354 E605.0035
G1 X111.291 Y105.132 E605.01157
G1 X111.291 Y114.41 E605.24301
G1 X111.291 Y114.868 E605.25443
G0 F12000 X110.739 Y114.356
G1 F1800 X110.146 Y113.85 E605.27388
G1 X109.628 Y113.501 E605.28946
G1 X109.3 Y113.38 E605.29818
G1 X109 Y113.364 E605.30568
G1 X108.687 Y113.448 E605.31376
G1 X108.301 Y113.667 E605.32483
G1 X107.904 Y113.971 E605.3373
G1 X107.602 Y114.231 E605.34724
G1 X107.146 Y114.645 E605.36261
G1 X106.8 Y114.973 E605.3745
G1 F3900 E601.8745
G1 F600 Z6.35
G0 F12000 X109.103 Y104.316 Z6.35
G0 X109.077 Y104.299
;TYPE:FILL
G1 F600 Z6.15
G1 F3900 E605.3745
G1 F5400 X108.658 Y103.95 E605.39082
G1 X108.208 Y103.532 E605.40921
G1 X108.388 Y103.196 E605.42062
G1 X108.901 Y102.555 E605.44519
G1 X109.442 Y102.073 E605.46688
G1 X109.761 Y101.849 E605.47855
G1 X110.16 Y101.633 E605.49213
G1 X110.16 Y103.379 E605.5444
G1 X110.021 Y103.511 E605.55014
G1 X109.512 Y103.974 E605.57073
G1 X109.11 Y104.312 E605.58646
G1 X109.103 Y104.316 E605.5867
G1 X109.077 Y104.299 E605.58763
G0 F12000 X109.101 Y104.836
;TYPE:WALL-INNER
G1 F5400 X108.819 Y104.657 E605.59596
G1 X108.381 Y104.292 E605.61018
G1 X107.712 Y103.672 E605.63293
G1 X107.775 Y103.409 E605.63968
G1 X108.02 Y102.953 E605.65259
G1 X108.584 Y102.25 E605.67508
G1 X109.161 Y101.734 E605.69438
G1 X109.534 Y101.471 E605.70577
G1 X110.012 Y101.213 E605.71932
G1 X110.6 Y101.026 E605.73471
G1 X110.6 Y103.567 E605.7981
G1 X110.248 Y103.9 E605.81018
G1 X109.798 Y104.309 E605.82535
G1 X109.369 Y104.667 E605.83929
G1 X109.101 Y104.836 E605.84719
G0 F12000 X109.1 Y105.265
G1 F5400 X108.99 Y105.239 E605.85001
G1 X108.581 Y104.98 E605.86209
G1 X108.124 Y104.598 E605.87695
G1 X107.764 Y104.272 E605.88906
G1 X107.31 Y103.843 E605.90464
G1 X107.314 Y103.526 E605.91255
G1 X107.405 Y103.252 E605.91976
G1 X107.68 Y102.741 E605.93423
G1 X107.946 Y102.371 E605.9456
G1 X108.298 Y101.969 E605.95893
G1 X108.913 Y101.419 E605.97951
G1 X109.32 Y101.132 E605.99193
G1 X109.846 Y100.848 E606.00684
G1 X110.284 Y100.682 E606.01853
G1 X110.659 Y100.607 E606.02807
G1 X111 Y100.59 E606.03658
G1 X111 Y103.738 E606.11511
G1 X110.517 Y104.196 E606.13171
G1 X110.065 Y104.607 E606.14695
G1 X109.604 Y104.992 E606.16194
G1 X109.21 Y105.239 E606.17354
G1 X109.1 Y105.265 E606.17636
G0 F12000 X109.1 Y105.675
;TYPE:WALL-OUTER
G1 F1800 X108.834 Y105.614 E606.18316
G1 X108.347 Y105.305 E606.19755
G1 X107.863 Y104.901 E606.21328
G1 X107.489 Y104.563 E606.22585
G1 X106.908 Y104.014 E606.24579
G1 X106.915 Y103.458 E606.25966
G1 X107.035 Y103.095 E606.2692
G1 X107.34 Y102.529 E606.28524
G1 X107.635 Y102.118 E606.29786
G1 X108.006 Y101.695 E606.31189
G1 X108.272 Y101.435 E606.32117
G1 X108.664 Y101.105 E606.33395
G1 X109.111 Y100.79 E606.3476
G1 X109.678 Y100.484 E606.36367
G1 X110.173 Y100.297 E606.37687
G1 X110.608 Y100.21 E606.38793
G1 X110.991 Y100.19 E606.3975
G1 X111.058 Y99.454 E606.41594
G1 X111.228 Y98.935 E606.42956
G1 X111.496 Y98.472 E606.4429
G1 X111.863 Y98.066 E606.45656
G1 X112.303 Y97.747 E606.47011
G1 X112.804 Y97.524 E606.48379
G1 X113.33 Y97.414 E606.4972
G1 X113.61 Y97.4 E606.50419
G1 X117.92 Y97.4 E606.6117
G1 X117.921 Y97.8 E606.62168
G1 X113.594 Y97.8 E606.72961
G1 X113.133 Y97.849 E606.74104
G1 X112.705 Y97.99 E606.75203
G1 X112.307 Y98.22 E606.76326
G1 X111.963 Y98.53 E606.77457
G1 X111.694 Y98.901 E606.78578
G1 X111.507 Y99.32 E606.79698
G1 X111.413 Y99.765 E606.80809
G1 X111.4 Y99.994 E606.81337
G1 X111.4 Y103.91 E606.91105
G1 X110.786 Y104.492 E606.93216
G1 X110.332 Y104.905 E606.94747
G1 X109.836 Y105.319 E606.96358
G1 X109.366 Y105.614 E606.97743
G1 X109.1 Y105.675 E606.98423
G0 F12000 X109.1 Y105.235
G0 X109.071 Y105.053
G1 F3900 E603.48423
G1 F600 Z6.35
G0 F12000 X109.071 Y105.053 Z6.35
G0 X106.718 Y99.412
G1 F600 Z6.15
G1 F3900 E606.98423
G1 F1800 X106.506 Y98.9 E606.99806
G1 X106.237 Y98.53 E607.00947
G1 X105.889 Y98.217 E607.02115
G1 X105.495 Y97.99 E607.03249
G1 X105.058 Y97.848 E607.04395
G1 X104.606 Y97.8 E607.05529
G1 X100.281 Y97.8 E607.16318
G1 X100.28 Y97.4 E607.17315
G1 X104.632 Y97.401 E607.28158
G1 X105.145 Y97.458 E607.29443
G1 X105.662 Y97.627 E607.30796
G1 X106.126 Y97.896 E607.32131
G1 X106.525 Y98.252 E607.3346
G1 X106.853 Y98.703 E607.34847
G1 X107.074 Y99.202 E607.36202
G1 X107.127 Y99.4 E607.36713
G0 F12000 X107.012 Y99.077
G1 F3900 E603.86713
G1 F600 Z6.35
G0 F12000 X107.015 Y99.086 Z6.35
G0 X109.1 Y115.682
G1 F600 Z6.15
G0 F12000 X109.519 Y117.988
;TYPE:FILL
G1 F3900 E607.36713
G1 F5400 X109.115 Y117.654 E607.38282
G1 X108.755 Y117.285 E607.39825
G1 X108.524 Y116.995 E607.40935
G1 X108.261 Y116.585 E607.42393
G1 X108.209 Y116.468 E607.42776
G1 X108.677 Y116.035 E607.44685
G1 X109.1 Y115.682 E607.46334
G1 X109.503 Y116.017 E607.47903
G1 X110.009 Y116.478 E607.49952
G1 X110.16 Y116.621 E607.50574
G1 X110.161 Y118.364 E607.55792
G1 X109.962 Y118.271 E607.5645
G1 X109.519 Y117.988 E607.58023
G1 F3900 E604.08023
G0 F12000 X110.601 Y118.971
;TYPE:WALL-INNER
G1 F3900 E607.58023
G1 F5400 X110.16 Y118.852 E607.59163
G1 X109.757 Y118.661 E607.60275
G1 X109.256 Y118.34 E607.61759
G1 X108.814 Y117.975 E607.63189
G1 X108.427 Y117.58 E607.64569
G1 X108.164 Y117.248 E607.65625
G1 X107.872 Y116.795 E607.6697
G1 X107.737 Y116.487 E607.67808
G1 X107.723 Y116.318 E607.68231
G1 X108.399 Y115.693 E607.70528
G1 X108.841 Y115.325 E607.71963
G1 X109.1 Y115.163 E607.72725
G1 X109.359 Y115.325 E607.73487
G1 X109.794 Y115.687 E607.74899
G1 X110.244 Y116.096 E607.76415
G1 X110.6 Y116.433 E607.77638
G1 X110.601 Y118.971 E607.83969
G0 F12000 X111.001 Y119.409
G1 F5400 X110.449 Y119.358 E607.85352
G1 X110.017 Y119.227 E607.86478
G1 X109.56 Y119.01 E607.8774
G1 X109.023 Y118.666 E607.89331
G1 X108.54 Y118.267 E607.90894
G1 X108.129 Y117.847 E607.9236
G1 X107.836 Y117.479 E607.93533
G1 X107.519 Y116.985 E607.94997
G1 X107.343 Y116.587 E607.96083
G1 X107.308 Y116.159 E607.97154
G1 X107.764 Y115.728 E607.98719
G1 X108.131 Y115.396 E607.99954
G1 X108.606 Y115 E608.01496
G1 X108.988 Y114.761 E608.0262
G1 X109.1 Y114.735 E608.02907
G1 X109.212 Y114.761 E608.03194
G1 X109.594 Y115 E608.04318
G1 X110.063 Y115.391 E608.05841
G1 X110.513 Y115.8 E608.07358
G1 X111 Y116.262 E608.09033
G1 X111.001 Y119.409 E608.16883
G1 F3900 E604.66883
G0 F12000 X111.554 Y120.912
G0 X113.065 Y122.442
G1 F3900 E608.16883
G0 F12000 X113.053 Y122.541
;TYPE:WALL-OUTER
G1 F1800 X112.539 Y122.374 E608.18231
G1 X112.082 Y122.11 E608.19548
G1 X111.671 Y121.743 E608.20922
G1 X111.345 Y121.294 E608.22306
G1 X111.126 Y120.798 E608.23659
G1 X111.014 Y120.271 E608.25003
G1 X110.991 Y119.81 E608.26154
G1 X110.369 Y119.752 E608.27712
G1 X109.874 Y119.602 E608.29003
G1 X109.363 Y119.359 E608.30414
G1 X108.789 Y118.991 E608.32115
G1 X108.267 Y118.561 E608.33802
G1 X107.83 Y118.114 E608.35361
G1 X107.508 Y117.709 E608.36652
G1 X107.166 Y117.175 E608.38234
G1 X106.96 Y116.711 E608.395
G1 X106.908 Y116.451 E608.40162
G1 X106.908 Y115.986 E608.41322
G1 X107.489 Y115.437 E608.43316
G1 X107.863 Y115.099 E608.44573
G1 X108.372 Y114.675 E608.46226
G1 X108.834 Y114.386 E608.47585
G1 X109.1 Y114.325 E608.48266
G1 X109.366 Y114.386 E608.48947
G1 X109.828 Y114.675 E608.50306
G1 X110.332 Y115.095 E608.51943
G1 X110.782 Y115.504 E608.53459
G1 X111.4 Y116.091 E608.55586
G1 X111.401 Y120.042 E608.65441
G1 X111.449 Y120.468 E608.66495
G1 X111.59 Y120.895 E608.67592
G1 X111.82 Y121.294 E608.68716
G1 X112.13 Y121.637 E608.69845
G1 X112.5 Y121.906 E608.70965
G1 X112.92 Y122.093 E608.72088
G1 X113.365 Y122.187 E608.73223
G1 X113.594 Y122.2 E608.73795
G1 X117.92 Y122.2 E608.84586
G1 X117.921 Y122.6 E608.85584
G1 X113.568 Y122.599 E608.96438
G1 X113.053 Y122.541 E608.97709
G0 F12000 X113.019 Y122.523
G1 F3900 E605.47709
G1 F600 Z6.35
G0 F12000 X113.06 Y122.531 Z6.35
G0 X128.2 Y115.4
;TYPE:WALL-INNER
G1 F600 Z6.15
G1 F3900 E608.97709
G1 F5400 X128.199 Y104.6 E609.2465
G1 X129 Y104.6 E609.26648
G1 X129 Y115.4 E609.53588
G1 X128.2 Y115.4 E609.55584
G1 F3900 E606.05584
G0 F12000 X127.839 Y120.007
G0 X127.542 Y121.114
G0 X126.917 Y121.812
G0 X126.139 Y122.169
G0 X121.351 Y122.53
G1 F3900 E609.55584
G0 F12000 X121.281 Y122.6
;TYPE:WALL-OUTER
G1 F1800 X121.28 Y122.2 E609.56582
G1 X125.642 Y122.199 E609.67463
G1 X126.068 Y122.151 E609.68532
G1 X126.496 Y122.01 E609.69656
G1 X126.894 Y121.78 E609.70803
G1 X127.237 Y121.47 E609.71956
G1 X127.506 Y121.099 E609.731
G1 X127.693 Y120.68 E609.74244
G1 X127.787 Y120.235 E609.75379
G1 X127.8 Y120.006 E609.75951
G1 X127.8 Y115.816 E609.86403
G1 X127.799 Y99.958 E610.25961
G1 X127.751 Y99.532 E610.2703
G1 X127.61 Y99.105 E610.28152
G1 X127.38 Y98.706 E610.29301
G1 X127.07 Y98.363 E610.30454
G1 X126.7 Y98.095 E610.31594
G1 X126.28 Y97.907 E610.32741
G1 X125.835 Y97.813 E610.33876
G1 X125.606 Y97.8 E610.34448
G1 X121.281 Y97.8 E610.45237
G1 X121.28 Y97.4 E610.46235
G1 X125.632 Y97.401 E610.57077
G1 X126.145 Y97.458 E610.58342
G1 X126.662 Y97.627 E610.59675
G1 X127.126 Y97.896 E610.60989
G1 X127.525 Y98.252 E610.623
G1 X127.853 Y98.703 E610.63665
G1 X128.074 Y99.202 E610.65001
G1 X128.186 Y99.729 E610.66329
G1 X128.2 Y100.01 E610.67031
G1 X128.2 Y104.2 E610.77483
G1 X129.082 Y104.2 E610.79683
G1 X129.303 Y104.282 E610.80271
G1 X129.369 Y104.377 E610.8056
G1 X129.4 Y104.522 E610.8093
G1 X129.4 Y115.479 E611.08262
G1 X129.375 Y115.613 E611.08602
G1 X129.307 Y115.716 E611.0891
G1 X129.082 Y115.8 E611.09509
G1 X128.2 Y115.8 E611.11709
G1 X128.2 Y119.99 E611.22122
G1 X128.142 Y120.545 E611.23491
G1 X127.973 Y121.062 E611.24823
G1 X127.704 Y121.526 E611.26137
G1 X127.348 Y121.925 E611.27448
G1 X126.897 Y122.253 E611.28813
G1 X126.398 Y122.474 E611.30149
G1 X125.871 Y122.586 E611.31477
G1 X125.59 Y122.6 E611.32179
G1 X121.281 Y122.6 E611.42928
G1 F3900 E607.92928
G0 F12000 X121.351 Y122.53
G0 X126.076 Y122.19
G0 X126.917 Y121.812
G0 X127.538 Y121.122
G0 X127.839 Y120.007
G0 X128.006 Y115.967
G0 X128.398 Y115.129
G0 X128.599 Y114.928
;TYPE:SKIN
G1 F3900 E611.42928
G1 F3000 X128.599 Y114.645 E611.43665
G1 X128.599 Y105.028 E611.68728
G1 X128.472 Y104.872 E611.69252
G1 F3900 E608.19252
G0 F12000 X128.546 Y104.798
G0 X128.8 Y115.01
G1 F3900 E611.69252
G1 F3000 X128.609 Y115.201 E611.69589
G0 F12000 X128.609 Y115.2
G1 F3900 E608.19589
G1 F600 Z6.35
;MESH:NONMESH
G0 F12000 X128.609 Y115.2 Z6.35
G0 X100.345 Y122.6
;TIME_ELAPSED:880.492198
;LAYER:40
;MESH:filament_filter_idig3d.stl
G0 X100.345 Y122.6 Z6.5
;TYPE:WALL-OUTER
G1 F600 Z6.3
G1 F3900 E611.69589
G1 F1800 X100.344 Y122.2 E611.70587
G1 X104.632 Y122.199 E611.81283
G1 X105.064 Y122.151 E611.82368
G1 X105.508 Y122.005 E611.83534
G1 X105.894 Y121.78 E611.84648
G1 X106.235 Y121.47 E611.85798
G1 X106.51 Y121.093 E611.86962
G1 X106.716 Y120.593 E611.88311
G1 X107.127 Y120.6 E611.89336
G1 X106.973 Y121.062 E611.90526
G1 X106.704 Y121.526 E611.9184
G1 X106.348 Y121.925 E611.93152
G1 X105.897 Y122.253 E611.94517
G1 X105.398 Y122.474 E611.95851
G1 X104.871 Y122.586 E611.9718
G1 X104.59 Y122.6 E611.97882
G1 X100.345 Y122.6 E612.08471
G1 F3900 E608.58471
G1 F600 Z6.5
G0 F12000 X96.856 Y122.6 Z6.5
G1 F600 Z6.3
G1 F3900 E612.08471
G1 F1800 X92.579 Y122.599 E612.1914
G1 X92.055 Y122.542 E612.20455
G1 X91.538 Y122.373 E612.21812
G1 X91.068 Y122.1 E612.23168
G1 X90.671 Y121.743 E612.24499
G1 X90.345 Y121.294 E612.25884
G1 X90.126 Y120.798 E612.27236
G1 X90.014 Y120.271 E612.2858
G1 X90 Y119.99 E612.29282
G1 X90 Y116.141 E612.38883
G1 X90.1 Y116.142 E612.39133
G1 X90.1 Y103.86 E612.6977
G1 X90 Y103.86 E612.7002
G1 X90.001 Y99.979 E612.79701
G1 X90.058 Y99.455 E612.81016
G1 X90.227 Y98.938 E612.82373
G1 X90.496 Y98.474 E612.8371
G1 X90.863 Y98.066 E612.85079
G1 X91.303 Y97.747 E612.86435
G1 X91.802 Y97.526 E612.87796
G1 X92.329 Y97.414 E612.8914
G1 X92.61 Y97.4 E612.89842
G1 X96.855 Y97.4 E613.00431
G1 X96.856 Y97.8 E613.01429
G1 X92.568 Y97.801 E613.12126
G1 X92.136 Y97.849 E613.13195
G1 X91.693 Y97.995 E613.14331
G1 X91.307 Y98.22 E613.15421
G1 X90.965 Y98.53 E613.16549
G1 X90.69 Y98.907 E613.1769
G1 X90.503 Y99.336 E613.18832
G1 X90.413 Y99.766 E613.19906
G1 X90.4 Y99.994 E613.20476
G1 X90.4 Y103.86 E613.30095
G1 F3900 E609.80095
G0 F12000 X90.3 Y103.859
G0 X90.3 Y116.14
G1 F3900 E613.30095
G0 F12000 X90.4 Y116.141
G1 F1800 X90.401 Y120.032 E613.39801
G1 X90.449 Y120.464 E613.4087
G1 X90.595 Y120.907 E613.42008
G1 X90.82 Y121.294 E613.43099
G1 X91.13 Y121.636 E613.44227
G1 X91.507 Y121.91 E613.45365
G1 X91.936 Y122.097 E613.46506
G1 X92.366 Y122.187 E613.4758
G1 X92.594 Y122.2 E613.4815
G1 X96.855 Y122.2 E613.58779
G1 X96.856 Y122.6 E613.59777
G1 F3900 E610.09777
G1 F600 Z6.5
G0 F12000 X108.04 Y112.258 Z6.5
G1 F600 Z6.3
G0 F12000 X109.52 Y111.986
;TYPE:FILL
G1 F3900 E613.59777
G1 F5400 X108.678 Y111.986 E613.62297
G1 X108.04 Y112.258 E613.64373
G1 X108.04 Y107.742 E613.77891
G1 X108.678 Y108.014 E613.79968
G1 X109.49 Y108.014 E613.82398
G1 X110.093 Y107.789 E613.84325
G1 X110.093 Y112.231 E613.97622
G1 X109.52 Y111.986 E613.99487
G1 F3900 E610.49487
G0 F12000 X109.677 Y110.321
G1 F3900 E613.99487
G1 F5400 X109.678 Y109.678 E614.01412
G1 X108.453 Y108.453 E614.06598
G1 X108.454 Y108.369
G1 X108.453 Y111.545 E614.16105
G1 X109.677 Y110.321 E614.21286
G1 X109.747 Y110.251
G1 F3900 E610.71286
G0 F12000 X107.6 Y113.1
;TYPE:WALL-INNER
G1 F3900 E614.21286
G1 F5400 X107.6 Y106.9 E614.36752
G1 X107.622 Y106.92 E614.36826
G1 X108.162 Y107.315 E614.38495
G1 X108.768 Y107.574 E614.40139
G1 X109.412 Y107.574 E614.41746
G1 X109.905 Y107.39 E614.43058
G1 X110.439 Y107.031 E614.44663
G1 X110.533 Y106.951 E614.44971
G1 X110.533 Y113.054 E614.60195
G1 X110.042 Y112.687 E614.61725
G1 X109.432 Y112.426 E614.6338
G1 X108.768 Y112.426 E614.65036
G1 X108.162 Y112.685 E614.6668
G1 X107.622 Y113.08 E614.68349
G1 X107.6 Y113.1 E614.68423
G0 F12000 X107.2 Y113.992
G1 F5400 X107.2 Y106.008 E614.88339
G1 X107.251 Y106.056 E614.88514
G1 X107.873 Y106.608 E614.90588
G1 X108.361 Y106.965 E614.92097
G1 X108.85 Y107.174 E614.93423
G1 X109.34 Y107.174 E614.94646
G1 X109.721 Y107.032 E614.9566
G1 X110.197 Y106.712 E614.97091
G1 X110.691 Y106.291 E614.9871
G1 X110.933 Y106.068 E614.99531
G1 X110.933 Y113.485 E615.18032
G1 X110.933 Y113.932 E615.19147
G0 F12000 X110.404 Y113.457
G1 F5400 X109.841 Y113.036 E615.20901
G1 X109.35 Y112.826 E615.22233
G1 X108.85 Y112.826 E615.2348
G1 X108.361 Y113.035 E615.24807
G1 X107.873 Y113.392 E615.26315
G1 X107.251 Y113.944 E615.2839
G1 X107.2 Y113.992 E615.28564
G1 F3900 E611.78564
G0 F12000 X106.838 Y114.835
G1 F3900 E615.28564
G0 F12000 X106.8 Y114.927
;TYPE:WALL-OUTER
G1 F1800 X106.8 Y105.073 E615.53145
G1 X106.889 Y105.16 E615.53456
G1 X107.522 Y105.761 E615.55633
G1 X108.125 Y106.296 E615.57644
G1 X108.56 Y106.615 E615.5899
G1 X108.932 Y106.774 E615.59999
G1 X109.268 Y106.774 E615.60837
G1 X109.537 Y106.674 E615.61553
G1 X109.955 Y106.393 E615.62809
G1 X110.426 Y105.991 E615.64354
G1 X110.679 Y105.759 E615.6521
G1 X110.996 Y105.458 E615.66301
G1 X111.333 Y105.138 E615.6746
G0 F12000 X111.333 Y105.603
G1 F1800 X111.333 Y114.397 E615.89397
G1 X111.333 Y114.862 E615.90557
G0 F12000 X110.996 Y114.542
G1 F1800 X110.679 Y114.241 E615.91647
G1 X110.15 Y113.767 E615.93419
G1 X109.64 Y113.385 E615.95008
G1 X109.268 Y113.226 E615.96018
G1 X108.932 Y113.226 E615.96856
G1 X108.56 Y113.385 E615.97865
G1 X108.125 Y113.704 E615.99211
G1 X107.522 Y114.239 E616.01221
G1 X106.89 Y114.839 E616.03395
G1 X106.8 Y114.927 E616.03709
G1 F3900 E612.53709
G1 F600 Z6.5
G0 F12000 X109.103 Y104.398 Z6.5
;TYPE:FILL
G1 F600 Z6.3
G1 F3900 E616.03709
G1 F5400 X108.613 Y103.969 E616.05659
G1 X108.198 Y103.575 E616.07372
G1 X108.245 Y103.447 E616.0778
G1 X108.519 Y103.003 E616.09342
G1 X108.782 Y102.681 E616.10586
G1 X109.103 Y102.357 E616.11951
G1 X109.779 Y101.838 E616.14503
G1 X110.16 Y101.633 E616.15798
G1 X110.16 Y103.424 E616.21159
G1 X109.584 Y103.971 E616.23537
G1 X109.103 Y104.398 E616.25462
G0 F12000 X109.102 Y104.956
;TYPE:WALL-INNER
G1 F5400 X109.004 Y104.896 E616.25749
G1 X108.327 Y104.305 E616.2799
G1 X107.686 Y103.694 E616.30199
G1 X107.846 Y103.257 E616.3136
G1 X108.164 Y102.743 E616.32868
G1 X108.455 Y102.386 E616.34017
G1 X108.808 Y102.029 E616.35269
G1 X109.538 Y101.469 E616.37564
G1 X110.021 Y101.209 E616.38933
G1 X110.6 Y101.027 E616.40447
G1 X110.6 Y103.61 E616.4689
G1 X110.473 Y103.734 E616.47333
G1 X109.873 Y104.304 E616.49397
G1 X109.313 Y104.801 E616.51265
G1 X109.102 Y104.956 E616.51918
G0 F12000 X109.064 Y105.404
G1 F5400 X108.768 Y105.22 E616.52787
G1 X108.064 Y104.606 E616.55118
G1 X107.447 Y104.02 E616.5724
G1 X107.277 Y103.855 E616.57831
G1 X107.293 Y103.556 E616.58578
G1 X107.49 Y103.072 E616.59882
G1 X107.835 Y102.515 E616.61516
G1 X108.157 Y102.119 E616.62789
G1 X108.538 Y101.734 E616.6414
G1 X108.908 Y101.423 E616.65346
G1 X109.329 Y101.127 E616.6663
G1 X109.855 Y100.844 E616.6812
G1 X110.28 Y100.683 E616.69254
G1 X110.659 Y100.607 E616.70218
G1 X111 Y100.59 E616.71069
G1 X111 Y103.778 E616.79022
G1 X110.753 Y104.02 E616.79885
G1 X110.139 Y104.603 E616.81997
G1 X109.568 Y105.11 E616.83901
G1 X109.233 Y105.356 E616.84938
G1 X109.064 Y105.404 E616.85376
G0 F12000 X109.14 Y105.823
;TYPE:WALL-OUTER
G1 F1800 X108.919 Y105.785 E616.85936
G1 X108.534 Y105.545 E616.87068
G1 X108.146 Y105.221 E616.88329
G1 X107.795 Y104.902 E616.89512
G1 X107.168 Y104.307 E616.91668
G1 X106.869 Y104.016 E616.92709
G1 X106.897 Y103.468 E616.94077
G1 X107.134 Y102.887 E616.95643
G1 X107.509 Y102.282 E616.97418
G1 X107.854 Y101.857 E616.98784
G1 X108.273 Y101.434 E617.00269
G1 X108.659 Y101.109 E617.01528
G1 X109.117 Y100.787 E617.02924
G1 X109.692 Y100.478 E617.04553
G1 X110.167 Y100.298 E617.0582
G1 X110.608 Y100.21 E617.06942
G1 X110.991 Y100.19 E617.07898
G1 X111.058 Y99.452 E617.09747
G1 X111.224 Y98.945 E617.11078
G1 X111.492 Y98.479 E617.12418
G1 X111.863 Y98.066 E617.13803
G1 X112.303 Y97.747 E617.15159
G1 X112.799 Y97.527 E617.16513
G1 X113.33 Y97.414 E617.17867
G1 X113.61 Y97.4 E617.18566
G1 X117.855 Y97.4 E617.29155
G1 X117.856 Y97.8 E617.30153
G1 X113.594 Y97.8 E617.40784
G1 X113.136 Y97.849 E617.41918
G1 X112.693 Y97.995 E617.43055
G1 X112.307 Y98.22 E617.44145
G1 X111.965 Y98.53 E617.45273
G1 X111.69 Y98.907 E617.46412
G1 X111.503 Y99.336 E617.47556
G1 X111.413 Y99.766 E617.4863
G1 X111.4 Y99.994 E617.49158
G1 X111.4 Y103.947 E617.59018
G1 X111.033 Y104.306 E617.60299
G1 X110.405 Y104.902 E617.62459
G1 X109.823 Y105.419 E617.64401
G1 X109.428 Y105.709 E617.65623
G1 X109.14 Y105.823 E617.66396
G0 F12000 X109.095 Y105.386
G0 X109.065 Y105.17
G1 F3900 E614.16396
G1 F600 Z6.5
G0 F12000 X109.065 Y105.17 Z6.5
G0 X106.715 Y99.406
G1 F600 Z6.3
G1 F3900 E617.66396
G1 F1800 X106.505 Y98.9 E617.67762
G1 X106.235 Y98.53 E617.68905
G1 X105.894 Y98.22 E617.70054
G1 X105.495 Y97.99 E617.71203
G1 X105.058 Y97.848 E617.7235
G1 X104.606 Y97.8 E617.73483
G1 X100.345 Y97.8 E617.84112
G1 X100.344 Y97.4 E617.8511
G1 X104.621 Y97.401 E617.95766
G1 X105.145 Y97.458 E617.97078
G1 X105.662 Y97.627 E617.98431
G1 X106.126 Y97.896 E617.99765
G1 X106.525 Y98.252 E618.01091
G1 X106.853 Y98.703 E618.02476
G1 X107.074 Y99.202 E618.03832
G1 X107.127 Y99.4 E618.04344
G0 F12000 X107.012 Y99.077
G1 F3900 E614.54344
G1 F600 Z6.5
G0 F12000 X107.016 Y99.086 Z6.5
G0 X109.096 Y115.602
G1 F600 Z6.3
G0 F12000 X110.161 Y118.363
;TYPE:FILL
G1 F3900 E618.04344
G1 F5400 X109.966 Y118.271 E618.04989
G1 X109.511 Y117.981 E618.06604
G1 X109.127 Y117.665 E618.08093
G1 X108.768 Y117.297 E618.09632
G1 X108.386 Y116.798 E618.11513
G1 X108.191 Y116.43 E618.12759
G1 X108.674 Y115.974 E618.14748
G1 X109.096 Y115.602 E618.16432
G1 X109.567 Y116.011 E618.18299
G1 X110.16 Y116.575 E618.20749
G1 X110.161 Y118.363 E618.26101
G0 F12000 X110.601 Y118.971
;TYPE:WALL-INNER
G1 F5400 X110.161 Y118.852 E618.27238
G1 X109.757 Y118.66 E618.28354
G1 X109.258 Y118.341 E618.29831
G1 X108.817 Y117.978 E618.31256
G1 X108.436 Y117.589 E618.32614
G1 X108.014 Y117.035 E618.34352
G1 X107.759 Y116.555 E618.35707
G1 X107.683 Y116.311 E618.36345
G1 X107.889 Y116.111 E618.37061
G1 X108.38 Y115.646 E618.38748
G1 X108.887 Y115.199 E618.40434
G1 X109.095 Y115.046 E618.41078
G1 X109.183 Y115.097 E618.41332
G1 X109.874 Y115.696 E618.43613
G1 X110.47 Y116.263 E618.45665
G1 X110.6 Y116.39 E618.46119
G1 X110.601 Y118.971 E618.52557
G0 F12000 X111.001 Y119.41
G1 F5400 X110.452 Y119.359 E618.53932
G1 X110.018 Y119.227 E618.55064
G1 X109.564 Y119.011 E618.56318
G1 X109.021 Y118.664 E618.57925
G1 X108.544 Y118.272 E618.59466
G1 X108.136 Y117.855 E618.60921
G1 X107.675 Y117.25 E618.62818
G1 X107.388 Y116.71 E618.64344
G1 X107.271 Y116.332 E618.65331
G1 X107.27 Y116.154 E618.65775
G1 X107.614 Y115.82 E618.66971
G1 X108.115 Y115.346 E618.68691
G1 X108.632 Y114.89 E618.70411
G1 X108.967 Y114.644 E618.71448
G1 X109.103 Y114.59 E618.71813
G1 X109.415 Y114.769 E618.7271
G1 X110.136 Y115.394 E618.7509
G1 X110.75 Y115.977 E618.77202
G1 X111 Y116.222 E618.78075
G1 X111.001 Y119.41 E618.86028
G1 F3900 E615.36028
G0 F12000 X111.559 Y120.923
G0 X113.084 Y122.447
G1 F3900 E618.86028
G0 F12000 X113.064 Y122.544
;TYPE:WALL-OUTER
G1 F1800 X112.542 Y122.375 E618.87397
G1 X112.069 Y122.101 E618.8876
G1 X111.671 Y121.743 E618.90096
G1 X111.345 Y121.294 E618.9148
G1 X111.126 Y120.798 E618.92832
G1 X111.014 Y120.271 E618.94176
G1 X110.991 Y119.81 E618.95328
G1 X110.372 Y119.753 E618.96878
G1 X109.875 Y119.602 E618.98174
G1 X109.371 Y119.362 E618.99566
G1 X108.784 Y118.987 E619.01304
G1 X108.272 Y118.566 E619.02958
G1 X107.836 Y118.121 E619.04512
G1 X107.336 Y117.465 E619.06569
G1 X107.017 Y116.865 E619.08264
G1 X106.871 Y116.393 E619.09497
G1 X106.869 Y115.985 E619.10514
G1 X107.339 Y115.529 E619.12148
G1 X107.85 Y115.046 E619.13902
G1 X108.377 Y114.581 E619.15655
G1 X108.772 Y114.291 E619.16878
G1 X109.06 Y114.177 E619.1765
G1 X109.281 Y114.215 E619.1821
G1 X109.652 Y114.445 E619.19298
G1 X110.054 Y114.779 E619.20602
G1 X110.405 Y115.098 E619.21785
G1 X111.03 Y115.691 E619.23934
G1 X111.4 Y116.054 E619.25227
G1 X111.401 Y120.032 E619.35151
G1 X111.449 Y120.464 E619.3622
G1 X111.595 Y120.907 E619.37357
G1 X111.82 Y121.294 E619.38449
G1 X112.13 Y121.636 E619.39577
G1 X112.507 Y121.91 E619.40715
G1 X112.936 Y122.097 E619.41857
G1 X113.366 Y122.187 E619.42953
G1 X113.594 Y122.2 E619.43522
G1 X117.855 Y122.2 E619.54151
G1 X117.856 Y122.6 E619.55149
G1 X113.58 Y122.599 E619.65816
G1 X113.064 Y122.544 E619.6709
G0 F12000 X113.067 Y122.532
G1 F3900 E616.1709
G1 F600 Z6.5
G0 F12000 X113.108 Y122.541 Z6.5
G0 X128.2 Y115.4
;TYPE:WALL-INNER
G1 F600 Z6.3
G1 F3900 E619.6709
G1 F5400 X128.199 Y104.6 E619.94031
G1 X129 Y104.6 E619.96029
G1 X129 Y115.4 E620.22969
G1 X128.2 Y115.4 E620.24965
G1 F3900 E616.74965
G0 F12000 X127.839 Y120.002
G0 X127.548 Y121.105
G0 X126.917 Y121.812
G0 X126.159 Y122.161
G0 X121.415 Y122.53
G1 F3900 E620.24965
G0 F12000 X121.345 Y122.6
;TYPE:WALL-OUTER
G1 F1800 X121.344 Y122.2 E620.25963
G1 X125.632 Y122.199 E620.36659
G1 X126.064 Y122.151 E620.37744
G1 X126.508 Y122.005 E620.38909
G1 X126.894 Y121.78 E620.40024
G1 X127.235 Y121.47 E620.41174
G1 X127.51 Y121.093 E620.42338
G1 X127.697 Y120.664 E620.43505
G1 X127.787 Y120.234 E620.44601
G1 X127.8 Y120.006 E620.45171
G1 X127.8 Y115.816 E620.55623
G1 X127.799 Y99.968 E620.95156
G1 X127.751 Y99.536 E620.9624
G1 X127.605 Y99.093 E620.97403
G1 X127.38 Y98.706 E620.9852
G1 X127.07 Y98.365 E620.9967
G1 X126.693 Y98.09 E621.00834
G1 X126.264 Y97.903 E621.02001
G1 X125.834 Y97.813 E621.03097
G1 X125.606 Y97.8 E621.03667
G1 X121.345 Y97.8 E621.14296
G1 X121.344 Y97.4 E621.15294
G1 X125.621 Y97.401 E621.25949
G1 X126.145 Y97.458 E621.27242
G1 X126.662 Y97.627 E621.28573
G1 X127.126 Y97.896 E621.29888
G1 X127.525 Y98.252 E621.31199
G1 X127.853 Y98.703 E621.32565
G1 X128.074 Y99.202 E621.33899
G1 X128.186 Y99.729 E621.35228
G1 X128.2 Y100.01 E621.3593
G1 X128.2 Y104.2 E621.46382
G1 X129.082 Y104.2 E621.48582
G1 X129.303 Y104.282 E621.4917
G1 X129.369 Y104.377 E621.49458
G1 X129.4 Y104.522 E621.49828
G1 X129.4 Y115.481 E621.77166
G1 X129.374 Y115.615 E621.77506
G1 X129.306 Y115.717 E621.77812
G1 X129.082 Y115.8 E621.78408
G1 X128.2 Y115.8 E621.80608
G1 X128.2 Y119.99 E621.91021
G1 X128.142 Y120.545 E621.9239
G1 X127.973 Y121.062 E621.93721
G1 X127.704 Y121.526 E621.95036
G1 X127.348 Y121.925 E621.96347
G1 X126.897 Y122.253 E621.97713
G1 X126.398 Y122.474 E621.99047
G1 X125.871 Y122.586 E622.00376
G1 X125.59 Y122.6 E622.01077
G1 X121.345 Y122.6 E622.11667
G1 F3900 E618.61667
G0 F12000 X121.415 Y122.53
G0 X126.072 Y122.19
G0 X126.917 Y121.812
G0 X127.544 Y121.113
G0 X127.839 Y120.002
G0 X128.026 Y115.684
G0 X128.445 Y115.152
;TYPE:SKIN
G1 F3900 E622.11667
G1 F3000 X128.587 Y115.011 E622.12174
G1 X128.598 Y109.648 E622.25764
G1 X128.598 Y105.122 E622.37234
G1 X128.679 Y104.92 E622.37786
G0 F12000 X128.8 Y105.041
G1 F3900 E618.87786
G1 F600 Z6.5
;MESH:NONMESH
G0 F12000 X128.8 Y105.041 Z6.5
G0 X100.392 Y122.6
;TIME_ELAPSED:896.699913
;LAYER:41
;MESH:filament_filter_idig3d.stl
G0 X100.392 Y122.6 Z6.65
;TYPE:WALL-OUTER
G1 F600 Z6.45
G1 F3900 E622.37786
G1 F1800 X100.392 Y122.2 E622.38783
G1 X104.622 Y122.2 E622.49335
G1 X105.062 Y122.152 E622.50439
G1 X105.504 Y122.007 E622.516
G1 X105.905 Y121.771 E622.5276
G1 X106.244 Y121.461 E622.53906
G1 X106.508 Y121.096 E622.5503
G1 X106.714 Y120.599 E622.56372
G1 X107.127 Y120.6 E622.57402
G1 X106.973 Y121.062 E622.58591
G1 X106.69 Y121.546 E622.59966
G1 X106.344 Y121.929 E622.61231
G1 X105.897 Y122.253 E622.62582
G1 X105.398 Y122.474 E622.63917
G1 X104.871 Y122.586 E622.65246
G1 X104.59 Y122.6 E622.65946
G1 X100.392 Y122.6 E622.76418
G1 F3900 E619.26418
G1 F600 Z6.65
G0 F12000 X96.808 Y122.6 Z6.65
G1 F600 Z6.45
G1 F3900 E622.76418
G1 F1800 X92.591 Y122.6 E622.86938
G1 X92.055 Y122.542 E622.88282
G1 X91.538 Y122.373 E622.89639
G1 X91.068 Y122.1 E622.90995
G1 X90.667 Y121.739 E622.92341
G1 X90.347 Y121.297 E622.93702
G1 X90.126 Y120.798 E622.95064
G1 X90.014 Y120.271 E622.96408
G1 X90 Y119.99 E622.97109
G1 X90 Y116.168 E623.06643
G1 X90.1 Y116.169 E623.06893
G1 X90.1 Y103.833 E623.37665
G1 X90 Y103.833 E623.37915
G1 X90 Y99.991 E623.47499
G1 X90.058 Y99.455 E623.48843
G1 X90.227 Y98.938 E623.502
G1 X90.51 Y98.454 E623.51599
G1 X90.863 Y98.066 E623.52907
G1 X91.303 Y97.747 E623.54263
G1 X91.802 Y97.526 E623.55624
G1 X92.329 Y97.414 E623.56968
G1 X92.61 Y97.4 E623.5767
G1 X96.808 Y97.4 E623.68142
G1 X96.808 Y97.8 E623.6914
G1 X92.578 Y97.8 E623.7969
G1 X92.138 Y97.848 E623.80779
G1 X91.697 Y97.993 E623.81911
G1 X91.296 Y98.229 E623.83045
G1 X90.956 Y98.539 E623.8417
G1 X90.692 Y98.904 E623.85268
G1 X90.505 Y99.33 E623.86403
G1 X90.412 Y99.785 E623.87539
G1 X90.4 Y99.994 E623.88061
G1 X90.4 Y103.833 E623.97613
G1 F3900 E620.47613
G0 F12000 X90.3 Y103.833
G0 X90.3 Y116.168
G1 F3900 E623.97613
G0 F12000 X90.4 Y116.168
G1 F1800 X90.4 Y120.022 E624.07226
G1 X90.448 Y120.462 E624.08315
G1 X90.593 Y120.903 E624.09446
G1 X90.829 Y121.305 E624.10583
G1 X91.14 Y121.644 E624.11706
G1 X91.504 Y121.907 E624.12803
G1 X91.93 Y122.095 E624.1394
G1 X92.385 Y122.188 E624.15075
G1 X92.594 Y122.2 E624.15598
G1 X96.808 Y122.2 E624.26109
G1 X96.808 Y122.6 E624.27107
G1 F3900 E620.77107
G1 F600 Z6.65
G0 F12000 X108.04 Y112.14 Z6.65
G1 F600 Z6.45
G0 F12000 X108.902 Y108.199
;TYPE:FILL
G1 F3900 E624.27107
G1 F5400 X109.677 Y108.116 E624.2944
G1 X110.123 Y107.876 E624.30957
G1 X110.123 Y112.11 E624.43631
G1 X110.122 Y112.11 E624.43634
G1 X110.008 Y112.029 E624.44052
G1 X109.296 Y111.801 E624.4629
G1 X108.53 Y111.882 E624.48596
G1 X108.04 Y112.14 E624.50254
G1 X108.04 Y107.862 E624.63059
G1 X108.197 Y107.971 E624.63632
G1 X108.902 Y108.199 E624.65849
G0 F12000 X108.858 Y108.62
G1 F5400 X109.709 Y108.529 E624.68411
G1 X109.708 Y110.29 E624.73683
G1 X108.534 Y111.464 E624.78653
G1 X108.454 Y111.474 E624.78894
G1 X108.454 Y108.489 E624.87829
G1 X108.454 Y108.389
G1 F3900 E621.37829
G0 F12000 X109.708 Y109.708
G1 F3900 E624.87829
G1 F5400 X108.504 Y108.504 E624.92926
G1 X108.858 Y108.62 E624.94041
G1 F3900 E621.44041
G0 F12000 X107.6 Y113.023
;TYPE:WALL-INNER
G1 F3900 E624.94041
G1 F5400 X107.6 Y106.969 E625.09143
G1 X107.849 Y107.191 E625.09975
G1 X108.394 Y107.573 E625.11636
G1 X108.95 Y107.752 E625.13093
G1 X109.544 Y107.687 E625.14583
G1 X110.099 Y107.389 E625.16155
G1 X110.563 Y107.004 E625.17659
G0 F12000 X110.563 Y107.428
G1 F5400 X110.563 Y112.993 E625.31541
G1 X110.412 Y112.857 E625.32047
G1 X109.807 Y112.426 E625.339
G1 X109.25 Y112.248 E625.35359
G1 X108.661 Y112.311 E625.36837
G1 X108.145 Y112.582 E625.38291
G1 X107.645 Y112.982 E625.39888
G1 X107.6 Y113.023 E625.4004
G1 F3900 E621.9004
G0 F12000 X107.2 Y113.946
G1 F3900 E625.4004
G1 F5400 X107.2 Y113.483 E625.41195
G1 X107.2 Y106.517 E625.58571
G1 X107.2 Y106.054 E625.59726
G0 F12000 X107.629 Y106.46
G1 F5400 X108.098 Y106.877 E625.61292
G1 X108.574 Y107.211 E625.62742
G1 X108.991 Y107.345 E625.63835
G1 X109.423 Y107.298 E625.64919
G1 X109.874 Y107.056 E625.66196
G1 X110.379 Y106.637 E625.67833
G1 X110.576 Y106.456 E625.685
G1 X110.963 Y106.089 E625.6983
G1 X110.963 Y113.911 E625.89343
G1 X110.574 Y113.541 E625.90682
G1 X110.161 Y113.17 E625.92067
G1 X109.626 Y112.788 E625.93706
G1 X109.209 Y112.655 E625.94798
G1 X108.779 Y112.701 E625.95877
G1 X108.365 Y112.918 E625.97043
G1 X107.906 Y113.286 E625.98511
G1 X107.627 Y113.542 E625.99455
G1 F3900 E622.49455
G0 F12000 X106.838 Y114.803
G1 F3900 E625.99455
G0 F12000 X106.8 Y114.895
;TYPE:WALL-OUTER
G1 F1800 X106.8 Y114.42 E626.0064
G1 X106.8 Y105.58 E626.22691
G1 X106.8 Y105.105 E626.23876
G0 F12000 X107.139 Y105.437
G1 F1800 X107.43 Y105.721 E626.24891
G1 X107.899 Y106.165 E626.26502
G1 X108.347 Y106.563 E626.27997
G1 X108.754 Y106.849 E626.29237
G1 X109.032 Y106.938 E626.29966
G1 X109.303 Y106.909 E626.30645
G1 X109.649 Y106.723 E626.31625
G1 X110.116 Y106.336 E626.33138
G1 X110.303 Y106.164 E626.33772
G1 X110.768 Y105.723 E626.35371
G1 X111.363 Y105.143 E626.37443
G0 F12000 X111.363 Y105.617
G1 F1800 X111.363 Y114.383 E626.5931
G1 X111.363 Y114.857 E626.60493
G0 F12000 X110.768 Y114.277
G1 F1800 X110.303 Y113.835 E626.62093
G1 X109.91 Y113.483 E626.63409
G1 X109.445 Y113.15 E626.64836
G1 X109.168 Y113.062 E626.65561
G1 X108.897 Y113.091 E626.66241
G1 X108.585 Y113.254 E626.67119
G1 X108.167 Y113.59 E626.68457
G1 X107.899 Y113.835 E626.69362
G1 X107.431 Y114.278 E626.7097
G1 X107.139 Y114.563 E626.71988
G1 F3900 E623.21988
G1 F600 Z6.65
G0 F12000 X109.101 Y104.47 Z6.65
;TYPE:FILL
G1 F600 Z6.45
G1 F3900 E626.71988
G1 F5400 X108.979 Y104.364 E626.72472
G1 X108.566 Y103.972 E626.74176
G1 X108.181 Y103.594 E626.75791
G1 X108.196 Y103.547 E626.75939
G1 X108.385 Y103.2 E626.77122
G1 X108.695 Y102.783 E626.78677
G1 X108.975 Y102.479 E626.79914
G1 X109.398 Y102.108 E626.81598
G1 X110.127 Y101.645 E626.84184
G1 X110.16 Y101.632 E626.8429
G1 X110.16 Y103.457 E626.89753
G1 X109.629 Y103.977 E626.91977
G1 X109.208 Y104.376 E626.93714
G1 X109.101 Y104.47 E626.9414
G0 F12000 X109.103 Y105.058
;TYPE:WALL-INNER
G1 F5400 X108.719 Y104.722 E626.95413
G1 X108.26 Y104.288 E626.96989
G1 X107.675 Y103.716 E626.9903
G1 X107.792 Y103.369 E626.99943
G1 X108.016 Y102.96 E627.01106
G1 X108.352 Y102.506 E627.02515
G1 X108.659 Y102.173 E627.03645
G1 X109.145 Y101.746 E627.05259
G1 X109.922 Y101.253 E627.07554
G1 X110.321 Y101.094 E627.08626
G1 X110.6 Y101.031 E627.09339
G1 X110.6 Y103.642 E627.15852
G1 X109.933 Y104.295 E627.18181
G1 X109.497 Y104.709 E627.19681
G1 X109.103 Y105.058 E627.20994
G0 F12000 X109.103 Y105.543
G1 F5400 X108.94 Y105.446 E627.21467
G1 X108.444 Y105.013 E627.23109
G1 X107.985 Y104.579 E627.24685
G1 X107.245 Y103.856 E627.27266
G1 X107.251 Y103.718 E627.2761
G1 X107.423 Y103.212 E627.28943
G1 X107.678 Y102.744 E627.30273
G1 X108.045 Y102.249 E627.3181
G1 X108.378 Y101.888 E627.33035
G1 X108.902 Y101.427 E627.34776
G1 X109.318 Y101.133 E627.36047
G1 X109.754 Y100.889 E627.37293
G1 X110.199 Y100.712 E627.38488
G1 X110.664 Y100.607 E627.39677
G1 X111 Y100.59 E627.40516
G1 X111 Y103.81 E627.48549
G1 X110.213 Y104.581 E627.51297
G1 X109.763 Y105.008 E627.52844
G1 X109.353 Y105.372 E627.54212
G1 X109.103 Y105.543 E627.54967
G0 F12000 X109.027 Y105.964
;TYPE:WALL-OUTER
G1 F1800 X108.708 Y105.774 E627.55894
G1 X108.169 Y105.304 E627.57678
G1 X107.71 Y104.87 E627.59253
G1 X106.837 Y104.017 E627.62298
G1 X106.854 Y103.643 E627.63232
G1 X107.054 Y103.055 E627.64781
G1 X107.34 Y102.529 E627.66275
G1 X107.738 Y101.992 E627.67942
G1 X108.097 Y101.603 E627.69263
G1 X108.653 Y101.114 E627.7111
G1 X109.106 Y100.793 E627.72495
G1 X109.586 Y100.525 E627.73866
G1 X110.077 Y100.33 E627.75184
G1 X110.608 Y100.21 E627.76542
G1 X110.991 Y100.19 E627.77498
G1 X111.058 Y99.453 E627.79345
G1 X111.227 Y98.937 E627.80699
G1 X111.5 Y98.467 E627.82055
G1 X111.863 Y98.066 E627.83404
G1 X112.303 Y97.747 E627.8476
G1 X112.799 Y97.527 E627.86113
G1 X113.322 Y97.415 E627.87448
G1 X113.61 Y97.4 E627.88167
G1 X117.808 Y97.4 E627.98639
G1 X117.808 Y97.8 E627.99637
G1 X113.594 Y97.8 E628.10148
G1 X113.138 Y97.848 E628.11277
G1 X112.697 Y97.993 E628.12409
G1 X112.296 Y98.229 E628.13544
G1 X111.956 Y98.539 E628.14667
G1 X111.692 Y98.904 E628.15767
G1 X111.505 Y99.33 E628.16905
G1 X111.412 Y99.785 E628.18041
G1 X111.4 Y99.994 E628.18522
G1 X111.4 Y103.979 E628.28463
G1 X110.493 Y104.867 E628.31629
G1 X110.029 Y105.307 E628.33224
G1 X109.601 Y105.687 E628.34652
G1 X109.222 Y105.946 E628.35797
G1 X109.027 Y105.964 E628.36285
G0 F12000 X109.098 Y105.498
G0 X109.132 Y105.282
G1 F3900 E624.86285
G1 F600 Z6.65
G0 F12000 X109.134 Y105.28 Z6.65
G0 X106.714 Y99.402
G1 F600 Z6.45
G1 F3900 E628.36285
G1 F1800 X106.5 Y98.89 E628.3767
G1 X106.235 Y98.528 E628.38789
G1 X105.892 Y98.219 E628.3994
G1 X105.495 Y97.99 E628.41084
G1 X105.057 Y97.848 E628.42232
G1 X104.606 Y97.8 E628.43364
G1 X100.392 Y97.8 E628.53876
G1 X100.392 Y97.4 E628.54873
G1 X104.609 Y97.4 E628.65366
G1 X105.145 Y97.458 E628.66707
G1 X105.662 Y97.627 E628.6806
G1 X106.146 Y97.91 E628.69456
G1 X106.529 Y98.256 E628.7074
G1 X106.853 Y98.703 E628.72114
G1 X107.074 Y99.202 E628.73471
G1 X107.127 Y99.4 E628.73982
G0 F12000 X107.011 Y99.075
G1 F3900 E625.23982
G1 F600 Z6.65
G0 F12000 X107.014 Y99.083 Z6.65
G0 X109.102 Y115.531
G1 F600 Z6.45
G0 F12000 X110.16 Y116.543
;TYPE:FILL
G1 F3900 E628.73982
G1 F5400 X110.16 Y118.365 E628.79436
G1 X109.978 Y118.279 E628.80039
G1 X109.497 Y117.97 E628.8175
G1 X109.129 Y117.665 E628.83181
G1 X108.77 Y117.302 E628.84709
G1 X108.287 Y116.635 E628.87174
G1 X108.178 Y116.409 E628.87925
G1 X108.57 Y116.025 E628.89568
G1 X109.03 Y115.589 E628.91465
G1 X109.102 Y115.531 E628.91742
G1 X109.189 Y115.605 E628.92084
G1 X109.621 Y116.015 E628.93867
G1 X110.16 Y116.543 E628.96125
G1 F3900 E625.46125
G0 F12000 X110.6 Y118.971
;TYPE:WALL-INNER
G1 F3900 E628.96125
G1 F5400 X110.167 Y118.854 E628.97244
G1 X109.764 Y118.664 E628.98355
G1 X109.235 Y118.325 E628.99923
G1 X108.827 Y117.987 E629.01244
G1 X108.44 Y117.595 E629.02618
G1 X107.909 Y116.861 E629.04878
G1 X107.746 Y116.524 E629.05812
G1 X107.684 Y116.275 E629.06452
G1 X108.263 Y115.709 E629.08472
G1 X108.738 Y115.259 E629.10104
G1 X109.11 Y114.96 E629.11295
G1 X109.491 Y115.285 E629.12544
G1 X109.93 Y115.702 E629.14054
G1 X110.6 Y116.358 E629.16393
G1 X110.6 Y118.971 E629.22912
G0 F12000 X111 Y119.409
G1 F5400 X110.45 Y119.359 E629.24289
G1 X110.023 Y119.229 E629.25403
G1 X109.57 Y119.015 E629.26652
G1 X109.011 Y118.657 E629.28308
G1 X108.937 Y118.601 E629.2854
G1 X108.551 Y118.277 E629.29797
G1 X108.14 Y117.861 E629.31256
G1 X107.807 Y117.44 E629.32595
G1 X107.559 Y117.056 E629.33735
G1 X107.368 Y116.663 E629.34825
G1 X107.24 Y116.149 E629.36146
G1 X107.983 Y115.423 E629.38738
G1 X108.476 Y114.956 E629.40431
G1 X109.104 Y114.452 E629.4244
G1 X109.51 Y114.762 E629.43714
G1 X109.76 Y114.989 E629.44557
G1 X110.21 Y115.416 E629.46104
G1 X111 Y116.19 E629.48863
G1 X111 Y119.409 E629.56893
G1 F3900 E626.06893
G0 F12000 X111.558 Y120.921
G0 X113.086 Y122.447
G1 F3900 E629.56893
G0 F12000 X113.064 Y122.544
;TYPE:WALL-OUTER
G1 F1800 X112.522 Y122.365 E629.58317
G1 X112.069 Y122.101 E629.59625
G1 X111.671 Y121.743 E629.6096
G1 X111.347 Y121.297 E629.62335
G1 X111.126 Y120.798 E629.63697
G1 X111.014 Y120.271 E629.6504
G1 X110.991 Y119.81 E629.66192
G1 X110.371 Y119.753 E629.67745
G1 X109.877 Y119.603 E629.69033
G1 X109.376 Y119.366 E629.70415
G1 X108.787 Y118.989 E629.7216
G1 X108.68 Y118.908 E629.72495
G1 X108.28 Y118.573 E629.73796
G1 X107.84 Y118.127 E629.75359
G1 X107.482 Y117.674 E629.76799
G1 X107.209 Y117.251 E629.78055
G1 X106.994 Y116.809 E629.79281
G1 X106.842 Y116.288 E629.80635
G1 X106.837 Y115.983 E629.81396
G1 X107.708 Y115.132 E629.84434
G1 X108.211 Y114.656 E629.86161
G1 X108.599 Y114.313 E629.87453
G1 X108.978 Y114.054 E629.88598
G1 X109.1 Y114.025 E629.88911
G1 X109.317 Y114.104 E629.89487
G1 X109.771 Y114.459 E629.90924
G1 X110.029 Y114.693 E629.91793
G1 X110.49 Y115.13 E629.93378
G1 X111.4 Y116.022 E629.96557
G1 X111.4 Y120.022 E630.06535
G1 X111.448 Y120.462 E630.07623
G1 X111.593 Y120.903 E630.08755
G1 X111.829 Y121.305 E630.09892
G1 X112.14 Y121.644 E630.11016
G1 X112.504 Y121.907 E630.12114
G1 X112.93 Y122.095 E630.1325
G1 X113.385 Y122.188 E630.14408
G1 X113.594 Y122.2 E630.14931
G1 X117.808 Y122.2 E630.25442
G1 X117.808 Y122.6 E630.2644
G1 X113.592 Y122.6 E630.36931
G1 X113.064 Y122.544 E630.38232
G0 F12000 X113.113 Y122.54
G1 F3900 E626.88232
G1 F600 Z6.65
G0 F12000 X113.076 Y122.533 Z6.65
G0 X128.2 Y115.4
;TYPE:WALL-INNER
G1 F600 Z6.45
G1 F3900 E630.38232
G1 F5400 X128.2 Y104.6 E630.65173
G1 X129 Y104.6 E630.67169
G1 X129 Y115.4 E630.94109
G1 X128.2 Y115.4 E630.96105
G1 F3900 E627.46105
G0 F12000 X127.839 Y120.006
G0 X127.543 Y121.115
G0 X126.925 Y121.806
G0 X125.945 Y122.191
G0 X121.462 Y122.53
G1 F3900 E630.96105
G0 F12000 X121.392 Y122.6
;TYPE:WALL-OUTER
G1 F1800 X121.392 Y122.2 E630.97103
G1 X125.622 Y122.2 E631.07655
G1 X126.062 Y122.152 E631.08759
G1 X126.504 Y122.007 E631.09919
G1 X126.905 Y121.771 E631.1108
G1 X127.244 Y121.461 E631.12226
G1 X127.508 Y121.096 E631.13349
G1 X127.695 Y120.67 E631.1451
G1 X127.788 Y120.233 E631.15624
G1 X127.8 Y120.005 E631.16194
G1 X127.8 Y115.8 E631.26683
G1 X127.8 Y104.2 E631.5562
G1 X127.8 Y99.978 E631.66151
G1 X127.752 Y99.538 E631.67256
G1 X127.607 Y99.097 E631.68414
G1 X127.371 Y98.695 E631.69576
G1 X127.061 Y98.356 E631.70722
G1 X126.696 Y98.093 E631.71845
G1 X126.27 Y97.905 E631.73006
G1 X125.815 Y97.812 E631.74165
G1 X125.606 Y97.8 E631.74687
G1 X121.392 Y97.8 E631.85199
G1 X121.392 Y97.4 E631.86196
G1 X125.609 Y97.4 E631.96716
G1 X126.145 Y97.458 E631.98038
G1 X126.662 Y97.627 E631.9937
G1 X127.146 Y97.91 E632.00745
G1 X127.529 Y98.256 E632.0201
G1 X127.853 Y98.703 E632.03362
G1 X128.074 Y99.202 E632.04696
G1 X128.186 Y99.729 E632.06025
G1 X128.2 Y100.01 E632.06726
G1 X128.2 Y104.2 E632.17178
G1 X129.082 Y104.2 E632.19378
G1 X129.302 Y104.281 E632.19963
G1 X129.37 Y104.379 E632.2026
G1 X129.4 Y104.522 E632.20625
G1 X129.4 Y115.481 E632.47962
G1 X129.374 Y115.614 E632.483
G1 X129.306 Y115.717 E632.48608
G1 X129.082 Y115.8 E632.49204
G1 X128.2 Y115.8 E632.51404
G1 X128.2 Y119.99 E632.61856
G1 X128.142 Y120.545 E632.63224
G1 X127.973 Y121.062 E632.64555
G1 X127.69 Y121.546 E632.65929
G1 X127.344 Y121.929 E632.67195
G1 X126.897 Y122.253 E632.68546
G1 X126.398 Y122.474 E632.6988
G1 X125.871 Y122.586 E632.71209
G1 X125.59 Y122.6 E632.7191
G1 X121.392 Y122.6 E632.82382
G1 F3900 E629.32382
G0 F12000 X121.462 Y122.53
G0 X126.072 Y122.191
G0 X126.994 Y121.743
G0 X127.543 Y121.115
G0 X127.839 Y120.006
G0 X128.007 Y115.973
G0 X128.398 Y115.129
G0 X128.599 Y114.928
;TYPE:SKIN
G1 F3900 E632.82382
G1 F3000 X128.599 Y114.645 E632.83119
G1 X128.599 Y105.028 E633.08182
G1 X128.472 Y104.872 E633.08706
G1 F3900 E629.58706
G0 F12000 X128.546 Y104.798
G0 X128.8 Y115.01
G1 F3900 E633.08706
G1 F3000 X128.609 Y115.201 E633.09043
G0 F12000 X128.609 Y115.2
G1 F3900 E629.59043
G1 F600 Z6.65
;MESH:NONMESH
G0 F12000 X128.609 Y115.2 Z6.65
G0 X100.425 Y122.6
;TIME_ELAPSED:913.555733
;LAYER:42
;MESH:filament_filter_idig3d.stl
G0 X100.425 Y122.6 Z6.8
;TYPE:WALL-OUTER
G1 F600 Z6.6
G1 F3900 E633.09043
G1 F1800 X100.425 Y122.2 E633.10041
G1 X104.612 Y122.2 E633.20485
G1 X105.059 Y122.152 E633.21607
G1 X105.499 Y122.009 E633.22761
G1 X105.899 Y121.776 E633.23915
G1 X106.239 Y121.467 E633.25061
G1 X106.507 Y121.098 E633.26199
G1 X106.714 Y120.6 E633.27544
G1 X107.127 Y120.6 E633.28575
G1 X106.969 Y121.069 E633.29782
G1 X106.697 Y121.537 E633.31107
G1 X106.332 Y121.938 E633.32434
G1 X105.886 Y122.259 E633.33777
G1 X105.392 Y122.476 E633.35096
G1 X104.862 Y122.586 E633.36431
G1 X104.589 Y122.6 E633.37112
G1 X100.425 Y122.6 E633.47499
G1 F3900 E629.97499
G1 F600 Z6.8
G0 F12000 X96.775 Y122.6 Z6.8
G1 F600 Z6.6
G1 F3900 E633.47499
G1 F1800 X92.602 Y122.6 E633.57909
G1 X92.058 Y122.543 E633.59273
G1 X91.531 Y122.369 E633.60657
G1 X91.069 Y122.101 E633.6199
G1 X90.662 Y121.732 E633.6336
G1 X90.339 Y121.283 E633.6474
G1 X90.124 Y120.792 E633.66077
G1 X90.014 Y120.262 E633.67427
G1 X90 Y119.989 E633.68109
G1 X90 Y116.184 E633.77601
G1 X90.1 Y116.185 E633.7785
G1 X90.1 Y103.817 E634.08702
G1 X90 Y103.817 E634.08952
G1 X90 Y100.002 E634.18468
G1 X90.057 Y99.458 E634.19833
G1 X90.231 Y98.931 E634.21217
G1 X90.503 Y98.463 E634.22567
G1 X90.86 Y98.07 E634.23892
G1 X91.314 Y97.741 E634.2529
G1 X91.808 Y97.524 E634.26636
G1 X92.338 Y97.414 E634.27987
G1 X92.611 Y97.4 E634.28669
G1 X96.775 Y97.4 E634.39056
G1 X96.775 Y97.8 E634.40054
G1 X92.588 Y97.8 E634.50497
G1 X92.141 Y97.848 E634.51603
G1 X91.702 Y97.991 E634.52728
G1 X91.303 Y98.224 E634.53853
G1 X90.961 Y98.533 E634.54978
G1 X90.693 Y98.902 E634.56091
G1 X90.506 Y99.325 E634.57218
G1 X90.412 Y99.776 E634.58345
G1 X90.4 Y99.995 E634.58892
G1 X90.4 Y103.817 E634.6839
G1 F3900 E631.1839
G0 F12000 X90.3 Y103.817
G0 X90.3 Y116.184
G1 F3900 E634.6839
G0 F12000 X90.4 Y116.184
G1 F1800 X90.4 Y120.012 E634.77938
G1 X90.448 Y120.459 E634.79044
G1 X90.591 Y120.898 E634.80169
G1 X90.824 Y121.299 E634.81298
G1 X91.133 Y121.639 E634.82419
G1 X91.502 Y121.906 E634.83531
G1 X91.925 Y122.094 E634.8466
G1 X92.376 Y122.188 E634.85787
G1 X92.595 Y122.2 E634.86334
G1 X96.775 Y122.2 E634.96722
G1 X96.775 Y122.6 E634.9772
G1 F3900 E631.4772
G1 F600 Z6.8
G0 F12000 X108.04 Y112.026 Z6.8
G1 F600 Z6.6
G0 F12000 X109.09 Y111.625
;TYPE:FILL
G1 F3900 E634.9772
G1 F5400 X108.288 Y111.841 E635.00206
G1 X108.04 Y112.026 E635.01132
G1 X108.04 Y107.973 E635.13265
G1 X108.041 Y107.972 E635.13269
G1 X108.294 Y108.162 E635.14216
G1 X109.11 Y108.375 E635.1674
G1 X109.918 Y108.156 E635.19246
G1 X110.143 Y107.983 E635.20096
G1 X110.143 Y112.015 E635.32165
G1 X110.142 Y112.016 E635.3217
G1 X109.904 Y111.838 E635.33059
G1 X109.09 Y111.625 E635.35578
G0 F12000 X108.699 Y111.3
G1 F5400 X108.454 Y111.367 E635.36338
G1 X108.454 Y108.632 E635.44525
G1 X108.454 Y108.532
G1 F3900 E631.94525
G0 F12000 X109.728 Y109.728
G1 F3900 E635.44525
G1 F5400 X108.694 Y108.694 E635.48903
G1 X109.112 Y108.804 E635.50196
G1 X109.729 Y108.636 E635.52111
G1 X109.728 Y110.271 E635.57005
G1 X108.699 Y111.3 E635.61361
G1 X108.629 Y111.37
G1 F3900 E632.11361
G0 F12000 X107.6 Y112.969
;TYPE:WALL-INNER
G1 F3900 E635.61361
G1 F5400 X107.6 Y107.031 E635.76173
G1 X107.935 Y107.344 E635.77317
G1 X108.489 Y107.758 E635.79042
G1 X109.109 Y107.921 E635.80641
G1 X109.717 Y107.755 E635.82214
G1 X110.317 Y107.296 E635.84098
G1 X110.583 Y107.048 E635.85005
G1 X110.583 Y112.954 E635.99738
G1 X110.264 Y112.656 E636.00827
G1 X109.709 Y112.241 E636.02555
G1 X109.091 Y112.079 E636.04149
G1 X108.485 Y112.244 E636.05716
G1 X107.935 Y112.656 E636.0743
G1 X107.6 Y112.969 E636.08574
G1 F3900 E632.58574
G0 F12000 X107.2 Y113.913
G1 F3900 E636.08574
G1 F5400 X107.2 Y113.439 E636.09756
G1 X107.2 Y106.561 E636.26913
G1 X107.2 Y106.087 E636.28096
G0 F12000 X107.694 Y106.571
G1 F5400 X108.192 Y107.037 E636.29797
G1 X108.666 Y107.391 E636.31273
G1 X109.107 Y107.507 E636.3241
G1 X109.536 Y107.39 E636.33519
G1 X110.06 Y106.989 E636.35165
G1 X110.199 Y106.862 E636.35635
G1 X110.684 Y106.398 E636.37309
G1 X110.983 Y106.105 E636.38354
G1 X110.983 Y113.422 E636.56606
G1 X110.983 Y113.896 E636.57788
G0 F12000 X110.505 Y113.428
G1 F5400 X110.007 Y112.963 E636.59488
G1 X109.532 Y112.608 E636.60967
G1 X109.093 Y112.493 E636.62099
G1 X108.664 Y112.61 E636.63209
G1 X108.192 Y112.963 E636.64679
G1 X107.694 Y113.429 E636.6638
G1 F3900 E633.1638
G0 F12000 X107.118 Y114.219
G1 F3900 E636.6638
G0 F12000 X106.8 Y114.872
;TYPE:WALL-OUTER
G1 F1800 X106.8 Y114.392 E636.67578
G1 X106.8 Y105.608 E636.89489
G1 X106.8 Y105.128 E636.90687
G0 F12000 X107.283 Y105.608
G1 F1800 X107.971 Y106.282 E636.93089
G1 X108.449 Y106.73 E636.94723
G1 X108.843 Y107.024 E636.9595
G1 X109.105 Y107.093 E636.96626
G1 X109.355 Y107.025 E636.97272
G1 X109.803 Y106.682 E636.98679
G1 X109.926 Y106.57 E636.99094
G1 X110.406 Y106.111 E637.00751
G1 X110.92 Y105.607 E637.02547
G1 X111.383 Y105.147 E637.04175
G0 F12000 X111.383 Y105.627
G1 F1800 X111.383 Y114.374 E637.25994
G1 X111.383 Y114.854 E637.27192
G0 F12000 X110.919 Y114.393
G1 F1800 X110.228 Y113.717 E637.29603
G1 X109.75 Y113.27 E637.31236
G1 X109.355 Y112.975 E637.32465
G1 X109.095 Y112.907 E637.33136
G1 X108.843 Y112.976 E637.33787
G1 X108.449 Y113.27 E637.35014
G1 X107.971 Y113.718 E637.36648
G1 X107.284 Y114.391 E637.39047
G1 F3900 E633.89047
G1 F600 Z6.8
G0 F12000 X109.1 Y104.525 Z6.8
G0 X109.778 Y103.862
;TYPE:FILL
G1 F600 Z6.6
G1 F3900 E637.39047
G1 F5400 X109.1 Y104.525 E637.41886
G1 X109.097 Y104.522 E637.41898
G1 X108.425 Y103.865 E637.44712
G1 X108.424 Y103.865 E637.44715
G1 X108.174 Y103.617 E637.45769
G1 X108.53 Y102.991 E637.47924
G1 X108.782 Y102.681 E637.4912
G1 X109.114 Y102.347 E637.5053
G1 X109.47 Y102.051 E637.51916
G1 X109.847 Y101.798 E637.53275
G1 X110.16 Y101.634 E637.54333
G1 X110.16 Y103.484 E637.5987
G1 X109.779 Y103.863 E637.61479
G1 X109.778 Y103.862 E637.61483
G1 F3900 E634.11483
G0 F12000 X109.107 Y105.122
;TYPE:WALL-INNER
G1 F3900 E637.61483
G1 F5400 X108.792 Y104.84 E637.62538
G1 X108.125 Y104.188 E637.64865
G1 X107.676 Y103.741 E637.66445
G1 X107.741 Y103.486 E637.67102
G1 X108.158 Y102.754 E637.69203
G1 X108.459 Y102.384 E637.70393
G1 X108.819 Y102.02 E637.7167
G1 X109.212 Y101.695 E637.72942
G1 X109.623 Y101.418 E637.74178
G1 X110.029 Y101.206 E637.75321
G1 X110.6 Y101.027 E637.76814
G1 X110.6 Y103.665 E637.83394
G1 X110.078 Y104.185 E637.85232
G1 X109.404 Y104.844 E637.87584
G1 X109.107 Y105.122 E637.88598
G0 F12000 X109.098 Y105.651
G1 F5400 X108.525 Y105.138 E637.90517
G1 X107.843 Y104.472 E637.92895
G1 X107.231 Y103.863 E637.95049
G1 X107.365 Y103.345 E637.96383
G1 X107.58 Y102.911 E637.97591
G1 X107.835 Y102.517 E637.98762
G1 X108.162 Y102.116 E638.00053
G1 X108.546 Y101.727 E638.01416
G1 X108.977 Y101.37 E638.02812
G1 X109.416 Y101.074 E638.04133
G1 X109.865 Y100.84 E638.05396
G1 X110.287 Y100.682 E638.0652
G1 X110.656 Y100.608 E638.07459
G1 X111 Y100.59 E638.08318
G1 X111 Y103.832 E638.16406
G1 X110.36 Y104.469 E638.18658
G1 X109.677 Y105.136 E638.21039
G1 X109.233 Y105.552 E638.22557
G1 X109.098 Y105.651 E638.22975
G0 F12000 X109.139 Y106.118
;TYPE:WALL-OUTER
G1 F1800 X108.985 Y106.078 E638.23372
G1 X108.548 Y105.713 E638.24792
G1 X108.249 Y105.428 E638.25822
G1 X107.561 Y104.756 E638.28221
G1 X106.817 Y104.016 E638.30839
G1 X106.844 Y103.686 E638.31665
G1 X106.992 Y103.197 E638.32939
G1 X107.232 Y102.711 E638.34292
G1 X107.509 Y102.284 E638.35561
G1 X107.864 Y101.848 E638.36964
G1 X108.277 Y101.43 E638.3843
G1 X108.732 Y101.052 E638.39905
G1 X109.214 Y100.728 E638.41354
G1 X109.701 Y100.474 E638.42724
G1 X110.174 Y100.297 E638.43984
G1 X110.606 Y100.211 E638.45083
G1 X110.991 Y100.19 E638.46044
G1 X111.058 Y99.455 E638.47885
G1 X111.227 Y98.938 E638.49242
G1 X111.496 Y98.474 E638.5058
G1 X111.863 Y98.066 E638.51949
G1 X112.306 Y97.745 E638.53314
G1 X112.809 Y97.524 E638.54684
G1 X113.338 Y97.414 E638.56032
G1 X113.611 Y97.4 E638.56714
G1 X117.775 Y97.4 E638.67101
G1 X117.775 Y97.8 E638.68099
G1 X113.595 Y97.8 E638.78525
G1 X113.141 Y97.848 E638.79649
G1 X112.702 Y97.991 E638.80774
G1 X112.303 Y98.224 E638.81902
G1 X111.961 Y98.533 E638.83027
G1 X111.693 Y98.902 E638.84141
G1 X111.506 Y99.325 E638.8527
G1 X111.412 Y99.776 E638.86396
G1 X111.4 Y99.995 E638.86901
G1 X111.4 Y103.999 E638.96889
G1 X110.64 Y104.755 E638.99563
G1 X109.951 Y105.428 E639.01966
G1 X109.488 Y105.862 E639.03549
G1 X109.139 Y106.118 E639.04628
G0 F12000 X109.117 Y105.616
G0 X109.092 Y105.377
G1 F3900 E635.54628
G1 F600 Z6.8
G0 F12000 X109.092 Y105.377 Z6.8
G0 X106.714 Y99.4
G1 F600 Z6.6
G1 F3900 E639.04628
G1 F1800 X106.503 Y98.896 E639.05991
G1 X106.23 Y98.523 E639.07144
G1 X105.893 Y98.22 E639.08275
G1 X105.492 Y97.989 E639.09429
G1 X105.052 Y97.848 E639.10582
G1 X104.605 Y97.8 E639.11703
G1 X100.425 Y97.8 E639.2213
G1 X100.425 Y97.4 E639.23128
G1 X104.598 Y97.4 E639.33499
G1 X105.142 Y97.457 E639.34857
G1 X105.669 Y97.631 E639.36238
G1 X106.137 Y97.903 E639.37581
G1 X106.538 Y98.268 E639.38926
G1 X106.861 Y98.717 E639.40302
G1 X107.075 Y99.206 E639.41629
G1 X107.127 Y99.4 E639.4213
G0 F12000 X107.011 Y99.074
G1 F3900 E635.9213
G1 F600 Z6.8
G0 F12000 X107.014 Y99.08 Z6.8
G0 X109.1 Y115.476
G0 X108.421 Y116.138
;TYPE:FILL
G1 F600 Z6.6
G1 F3900 E639.4213
G1 F5400 X109.1 Y115.476 E639.44969
G1 X109.776 Y116.134 E639.47792
G1 X110.16 Y116.515 E639.49412
G1 X110.16 Y118.362 E639.54941
G1 X109.96 Y118.268 E639.55602
G1 X109.514 Y117.984 E639.57185
G1 X109.127 Y117.665 E639.58686
G1 X108.776 Y117.309 E639.60183
G1 X108.396 Y116.815 E639.62048
G1 X108.17 Y116.388 E639.63494
G1 X108.421 Y116.138 E639.64555
G1 F3900 E636.14555
G0 F12000 X110.6 Y118.974
;TYPE:WALL-INNER
G1 F3900 E639.64555
G1 F5400 X110.177 Y118.858 E639.65649
G1 X109.752 Y118.657 E639.66822
G1 X109.254 Y118.339 E639.68296
G1 X108.828 Y117.99 E639.69669
G1 X108.446 Y117.602 E639.71028
G1 X108.024 Y117.052 E639.72757
G1 X107.754 Y116.544 E639.74192
G1 X107.677 Y116.258 E639.74931
G1 X108.122 Y115.815 E639.76497
G1 X108.796 Y115.156 E639.78849
G1 X109.095 Y114.876 E639.7987
G1 X109.4 Y115.152 E639.80897
G1 X110.076 Y115.812 E639.83253
G1 X110.6 Y116.334 E639.85098
G1 X110.6 Y118.974 E639.91684
G0 F12000 X111 Y119.409
G1 F5400 X110.494 Y119.367 E639.9295
G1 X110.033 Y119.233 E639.94148
G1 X109.562 Y119.01 E639.95448
G1 X109.022 Y118.665 E639.97046
G1 X108.552 Y118.28 E639.98562
G1 X108.148 Y117.87 E639.99998
G1 X107.685 Y117.266 E640.01896
G1 X107.38 Y116.692 E640.03518
G1 X107.231 Y116.137 E640.04951
G1 X107.84 Y115.531 E640.07094
G1 X108.523 Y114.864 E640.09476
G1 X108.967 Y114.448 E640.10993
G1 X109.106 Y114.346 E640.11423
G1 X109.669 Y114.856 E640.13318
G1 X110.358 Y115.528 E640.15719
G1 X111 Y116.167 E640.17979
G1 X111 Y119.409 E640.26066
G1 F3900 E636.76066
G0 F12000 X111.555 Y120.914
G0 X112.248 Y121.748
G0 X113.079 Y122.446
G1 F3900 E640.26066
G0 F12000 X113.058 Y122.543
;TYPE:WALL-OUTER
G1 F1800 X112.532 Y122.37 E640.27447
G1 X112.069 Y122.101 E640.28783
G1 X111.666 Y121.738 E640.30136
G1 X111.34 Y121.284 E640.3153
G1 X111.124 Y120.792 E640.32871
G1 X111.014 Y120.263 E640.34218
G1 X110.99 Y119.81 E640.3535
G1 X110.422 Y119.763 E640.36772
G1 X109.888 Y119.607 E640.38159
G1 X109.372 Y119.363 E640.39583
G1 X108.79 Y118.991 E640.41306
G1 X108.276 Y118.57 E640.42964
G1 X107.847 Y118.134 E640.44489
G1 X107.348 Y117.484 E640.46534
G1 X107.01 Y116.849 E640.48328
G1 X106.847 Y116.335 E640.49673
G1 X106.816 Y115.985 E640.5055
G1 X107.56 Y115.245 E640.53167
G1 X108.249 Y114.572 E640.5557
G1 X108.712 Y114.138 E640.57153
G1 X109.061 Y113.882 E640.58233
G1 X109.305 Y113.986 E640.58894
G1 X109.949 Y114.57 E640.61063
G1 X110.638 Y115.243 E640.63465
G1 X111.4 Y116.002 E640.66148
G1 X111.4 Y120.012 E640.76151
G1 X111.448 Y120.459 E640.77258
G1 X111.591 Y120.898 E640.78383
G1 X111.824 Y121.299 E640.79513
G1 X112.133 Y121.639 E640.80634
G1 X112.502 Y121.906 E640.81746
G1 X112.925 Y122.094 E640.82876
G1 X113.376 Y122.188 E640.84025
G1 X113.595 Y122.2 E640.84572
G1 X117.775 Y122.2 E640.94999
G1 X117.775 Y122.6 E640.95997
G1 X113.602 Y122.6 E641.06367
G1 X113.058 Y122.543 E641.07709
G0 F12000 X113.105 Y122.54
G1 F3900 E637.57709
G1 F600 Z6.8
G0 F12000 X113.066 Y122.532 Z6.8
G0 X128.2 Y115.4
;TYPE:WALL-INNER
G1 F600 Z6.6
G1 F3900 E641.07709
G1 F5400 X128.2 Y104.6 E641.3465
G1 X129 Y104.6 E641.36645
G1 X129 Y115.4 E641.63586
G1 X128.2 Y115.4 E641.65582
G1 F3900 E638.15582
G0 F12000 X127.839 Y120.006
G0 X127.541 Y121.117
G0 X126.922 Y121.808
G0 X126.153 Y122.163
G0 X121.495 Y122.53
G1 F3900 E641.65582
G0 F12000 X121.425 Y122.6
;TYPE:WALL-OUTER
G1 F1800 X121.425 Y122.2 E641.66579
G1 X125.612 Y122.2 E641.77024
G1 X126.059 Y122.152 E641.78145
G1 X126.499 Y122.009 E641.793
G1 X126.899 Y121.776 E641.80454
G1 X127.239 Y121.467 E641.816
G1 X127.507 Y121.098 E641.82738
G1 X127.694 Y120.675 E641.83892
G1 X127.788 Y120.224 E641.85041
G1 X127.8 Y120.005 E641.85588
G1 X127.8 Y115.8 E641.96077
G1 X127.8 Y104.2 E642.25014
G1 X127.8 Y99.988 E642.35521
G1 X127.752 Y99.541 E642.36642
G1 X127.609 Y99.102 E642.37794
G1 X127.376 Y98.701 E642.38951
G1 X127.067 Y98.361 E642.40097
G1 X126.698 Y98.094 E642.41233
G1 X126.275 Y97.906 E642.42388
G1 X125.824 Y97.812 E642.43537
G1 X125.605 Y97.8 E642.44084
G1 X121.425 Y97.8 E642.54511
G1 X121.425 Y97.4 E642.55509
G1 X125.598 Y97.4 E642.65879
G1 X126.142 Y97.457 E642.67221
G1 X126.669 Y97.631 E642.6858
G1 X127.137 Y97.903 E642.69906
G1 X127.538 Y98.268 E642.71233
G1 X127.861 Y98.717 E642.72585
G1 X128.076 Y99.208 E642.73896
G1 X128.186 Y99.738 E642.7523
G1 X128.2 Y100.011 E642.75911
G1 X128.2 Y104.2 E642.86361
G1 X129.082 Y104.2 E642.88561
G1 X129.303 Y104.281 E642.89148
G1 X129.369 Y104.375 E642.89434
G1 X129.4 Y104.522 E642.89809
G1 X129.4 Y115.481 E643.17147
G1 X129.374 Y115.614 E643.17485
G1 X129.305 Y115.718 E643.17796
G1 X129.082 Y115.8 E643.18389
G1 X128.2 Y115.8 E643.20589
G1 X128.2 Y119.989 E643.31038
G1 X128.143 Y120.542 E643.32401
G1 X127.969 Y121.069 E643.33759
G1 X127.697 Y121.537 E643.35084
G1 X127.332 Y121.938 E643.36411
G1 X126.886 Y122.259 E643.37754
G1 X126.392 Y122.476 E643.39074
G1 X125.862 Y122.586 E643.40408
G1 X125.589 Y122.6 E643.41089
G1 X121.425 Y122.6 E643.51476
G1 F3900 E640.01476
G0 F12000 X121.495 Y122.53
G0 X126.068 Y122.191
G0 X126.922 Y121.808
G0 X127.541 Y121.117
G0 X127.839 Y120.006
G0 X128.026 Y115.69
G0 X128.445 Y115.152
;TYPE:SKIN
G1 F3900 E643.51476
G1 F3000 X128.587 Y115.011 E643.51983
G1 X128.598 Y109.648 E643.65574
G1 X128.598 Y105.122 E643.77044
G1 X128.679 Y104.92 E643.77595
G0 F12000 X128.8 Y105.041
G1 F3900 E640.27595
G0 F12000 X127.827 Y120.229
G0 X127.443 Y121.668
G1 F3900 E643.77595
G0 F12000 X127.675 Y121.88
G0 X127.158 Y121.884
;TYPE:SKIN
G1 F1800 X127.489 Y121.553 E643.77712
G1 X127.574 Y121.449 E643.77745
G1 X127.716 Y121.229 E643.77811
G1 X127.764 Y121.137 E643.77837
G1 X127.417 Y121.484 E643.77959
G1 X127.501 Y121.38 E643.77992
G1 X127.636 Y121.173 E643.78054
G1 X127.686 Y121.073 E643.78082
G1 X127.882 Y120.877 E643.78151
G1 X127.925 Y120.766 E643.78181
G1 X127.952 Y120.666 E643.78207
G1 X127.798 Y120.82 E643.78261
G1 X127.836 Y120.721 E643.78287
G1 X127.864 Y120.612 E643.78315
G1 X127.999 Y120.477 E643.78363
G1 X128.028 Y120.307 E643.78406
G1 X127.907 Y120.428 E643.78449
G1 X127.934 Y120.259 E643.78492
G1 X128.039 Y120.155 E643.78528
G1 X128.047 Y120.005 E643.78566
G1 X127.944 Y120.108 E643.78602
G1 X127.949 Y120.008 E643.78627
G1 X127.949 Y119.962 E643.78639
G1 X128.049 Y119.862 E643.78674
G1 X128.049 Y119.72 E643.78709
G1 X127.949 Y119.82 E643.78745
G1 X127.949 Y119.679 E643.7878
G1 X128.049 Y119.579 E643.78815
G1 X128.049 Y119.438 E643.7885
G1 X127.949 Y119.537 E643.78885
G1 X127.949 Y119.396 E643.78921
G1 X128.049 Y119.296 E643.78956
G1 X128.049 Y119.155 E643.78991
G1 X127.949 Y119.254 E643.79026
G1 X127.949 Y119.113 E643.79061
G1 X128.049 Y119.013 E643.79097
G1 X128.049 Y118.872 E643.79132
G1 X127.949 Y118.972 E643.79167
G1 X127.949 Y118.83 E643.79202
G1 X128.049 Y118.731 E643.79237
G1 X128.049 Y118.589 E643.79273
G1 X127.949 Y118.689 E643.79308
G1 X127.949 Y118.547 E643.79344
G1 X128.049 Y118.448 E643.79379
G1 X128.049 Y118.306 E643.79414
G1 X127.949 Y118.406 E643.79449
G1 X127.949 Y118.265 E643.79485
G1 X128.049 Y118.165 E643.7952
G1 X128.049 Y118.023 E643.79555
G1 X127.949 Y118.123 E643.79591
G1 X127.949 Y117.982 E643.79626
G1 X128.049 Y117.882 E643.79661
G1 X128.049 Y117.741 E643.79696
G1 X127.949 Y117.84 E643.79731
G1 X127.949 Y117.699 E643.79766
G1 X128.049 Y117.599 E643.79802
G1 X128.049 Y117.458 E643.79837
G1 X127.949 Y117.557 E643.79872
G1 X127.949 Y117.416 E643.79907
G1 X128.049 Y117.316 E643.79942
G1 X128.049 Y117.175 E643.79978
G1 X127.949 Y117.275 E643.80013
G1 X127.949 Y117.133 E643.80048
G1 X128.049 Y117.033 E643.80084
G1 X128.049 Y116.892 E643.80119
G1 X127.949 Y116.992 E643.80154
G1 X127.949 Y116.85 E643.80189
G1 X128.049 Y116.751 E643.80225
G1 X128.049 Y116.609 E643.8026
G1 X127.949 Y116.709 E643.80295
G1 X127.949 Y116.567 E643.80331
G1 X128.049 Y116.468 E643.80366
G1 X128.049 Y116.326 E643.80401
G1 X127.949 Y116.426 E643.80436
G1 X127.949 Y116.285 E643.80472
G1 X128.049 Y116.185 E643.80507
G1 X128.049 Y116.044 E643.80542
G1 X127.949 Y116.143 E643.80577
G1 X127.949 Y116.002 E643.80612
G1 X128.049 Y115.902 E643.80648
G1 X128.049 Y115.761 E643.80683
G1 X127.949 Y115.86 E643.80718
G1 X127.949 Y115.719 E643.80753
G1 X128.049 Y115.619 E643.80788
G1 X128.049 Y115.478 E643.80824
G1 X127.949 Y115.578 E643.80859
G1 X127.949 Y115.436 E643.80894
G1 X128.049 Y115.336 E643.8093
G1 X128.049 Y115.195 E643.80965
G1 X127.949 Y115.295 E643.81
G1 X127.949 Y115.153 E643.81035
G1 X128.049 Y115.054 E643.81071
G1 X128.049 Y114.912 E643.81106
G1 X127.949 Y115.012 E643.81141
G1 X127.949 Y114.87 E643.81177
G1 X128.049 Y114.771 E643.81212
G1 X128.049 Y114.629 E643.81247
G1 X127.949 Y114.729 E643.81282
G1 X127.949 Y114.588 E643.81318
G1 X128.049 Y114.488 E643.81353
G1 X128.049 Y114.346 E643.81388
G1 X127.949 Y114.446 E643.81424
G1 X127.949 Y114.305 E643.81459
G1 X128.049 Y114.205 E643.81494
G1 X128.049 Y114.064 E643.81529
G1 X127.949 Y114.163 E643.81564
G1 X127.949 Y114.022 E643.81599
G1 X128.049 Y113.922 E643.81635
G1 X128.049 Y113.781 E643.8167
G1 X127.949 Y113.88 E643.81705
G1 X127.949 Y113.739 E643.8174
G1 X128.049 Y113.639 E643.81775
G1 X128.049 Y113.498 E643.81811
G1 X127.949 Y113.598 E643.81846
G1 X127.949 Y113.456 E643.81881
G1 X128.049 Y113.356 E643.81917
G1 X128.049 Y113.215 E643.81952
G1 X127.949 Y113.315 E643.81987
G1 X127.949 Y113.173 E643.82023
G1 X128.049 Y113.074 E643.82058
G1 X128.049 Y112.932 E643.82093
G1 X127.949 Y113.032 E643.82128
G1 X127.949 Y112.891 E643.82163
G1 X128.049 Y112.791 E643.82199
G1 X128.049 Y112.649 E643.82234
G1 X127.949 Y112.749 E643.82269
G1 X127.949 Y112.608 E643.82305
G1 X128.049 Y112.508 E643.8234
G1 X128.049 Y112.367 E643.82375
G1 X127.949 Y112.466 E643.8241
G1 X127.949 Y112.325 E643.82445
G1 X128.049 Y112.225 E643.82481
G1 X128.049 Y112.084 E643.82516
G1 X127.949 Y112.183 E643.82551
G1 X127.949 Y112.042 E643.82586
G1 X128.049 Y111.942 E643.82621
G1 X128.049 Y111.801 E643.82657
G1 X127.949 Y111.901 E643.82692
G1 X127.949 Y111.759 E643.82727
G1 X128.049 Y111.659 E643.82763
G1 X128.049 Y111.518 E643.82798
G1 X127.949 Y111.618 E643.82833
G1 X127.949 Y111.476 E643.82868
G1 X128.049 Y111.377 E643.82903
G1 X128.049 Y111.235 E643.82939
G1 X127.949 Y111.335 E643.82974
G1 X127.949 Y111.193 E643.8301
G1 X128.049 Y111.094 E643.83045
G1 X128.049 Y110.952 E643.8308
G1 X127.949 Y111.052 E643.83115
G1 X127.949 Y110.911 E643.83151
G1 X128.049 Y110.811 E643.83186
G1 X128.049 Y110.669 E643.83221
G1 X127.949 Y110.769 E643.83257
G1 X127.949 Y110.628 E643.83292
G1 X128.049 Y110.528 E643.83327
G1 X128.049 Y110.387 E643.83362
G1 X127.949 Y110.486 E643.83397
G1 X127.949 Y110.345 E643.83432
G1 X128.049 Y110.245 E643.83468
G1 X128.049 Y110.104 E643.83503
G1 X127.949 Y110.204 E643.83538
G1 X127.949 Y110.062 E643.83574
G1 X128.049 Y109.962 E643.83609
G1 X128.049 Y109.821 E643.83644
G1 X127.949 Y109.921 E643.83679
G1 X127.949 Y109.779 E643.83715
G1 X128.049 Y109.68 E643.8375
G1 X128.049 Y109.538 E643.83785
G1 X127.949 Y109.638 E643.83821
G1 X127.949 Y109.496 E643.83856
G1 X128.049 Y109.397 E643.83891
G1 X128.049 Y109.255 E643.83927
G1 X127.949 Y109.355 E643.83962
G1 X127.949 Y109.214 E643.83997
G1 X128.049 Y109.114 E643.84032
G1 X128.049 Y108.972 E643.84068
G1 X127.949 Y109.072 E643.84103
G1 X127.949 Y108.931 E643.84138
G1 X128.049 Y108.831 E643.84173
G1 X128.049 Y108.69 E643.84209
G1 X127.949 Y108.789 E643.84244
G1 X127.949 Y108.648 E643.84279
G1 X128.049 Y108.548 E643.84314
G1 X128.049 Y108.407 E643.84349
G1 X127.949 Y108.506 E643.84384
G1 X127.949 Y108.365 E643.8442
G1 X128.049 Y108.265 E643.84455
G1 X128.049 Y108.124 E643.8449
G1 X127.949 Y108.224 E643.84525
G1 X127.949 Y108.082 E643.84561
G1 X128.049 Y107.982 E643.84596
G1 X128.049 Y107.841 E643.84631
G1 X127.949 Y107.941 E643.84666
G1 X127.949 Y107.799 E643.84702
G1 X128.049 Y107.7 E643.84737
G1 X128.049 Y107.558 E643.84772
G1 X127.949 Y107.658 E643.84808
G1 X127.949 Y107.517 E643.84843
G1 X128.049 Y107.417 E643.84878
G1 X128.049 Y107.275 E643.84914
G1 X127.949 Y107.375 E643.84949
G1 X127.949 Y107.234 E643.84984
G1 X128.049 Y107.134 E643.85019
G1 X128.049 Y106.993 E643.85054
G1 X127.949 Y107.092 E643.8509
G1 X127.949 Y106.951 E643.85125
G1 X128.049 Y106.851 E643.8516
G1 X128.049 Y106.71 E643.85195
G1 X127.949 Y106.809 E643.8523
G1 X127.949 Y106.668 E643.85265
G1 X128.049 Y106.568 E643.85301
G1 X128.049 Y106.427 E643.85336
G1 X127.949 Y106.527 E643.85371
G1 X127.949 Y106.385 E643.85407
G1 X128.049 Y106.285 E643.85442
G1 X128.049 Y106.144 E643.85477
G1 X127.949 Y106.244 E643.85512
G1 X127.949 Y106.102 E643.85548
G1 X128.049 Y106.003 E643.85583
G1 X128.049 Y105.861 E643.85618
G1 X127.949 Y105.961 E643.85654
G1 X127.949 Y105.819 E643.85689
G1 X128.049 Y105.72 E643.85724
G1 X128.049 Y105.578 E643.85759
G1 X127.949 Y105.678 E643.85795
G1 X127.949 Y105.537 E643.8583
G1 X128.049 Y105.437 E643.85865
G1 X128.049 Y105.295 E643.85901
G1 X127.949 Y105.395 E643.85936
G1 X127.949 Y105.254 E643.85971
G1 X128.049 Y105.154 E643.86006
G1 X128.049 Y105.013 E643.86042
G1 X127.949 Y105.112 E643.86077
G1 X127.949 Y104.971 E643.86112
G1 X128.049 Y104.871 E643.86147
G1 X128.049 Y104.73 E643.86182
G1 X127.949 Y104.829 E643.86217
G1 X127.949 Y104.688 E643.86253
G1 X128.049 Y104.588 E643.86288
G1 X128.049 Y104.447 E643.86323
G1 X127.949 Y104.547 E643.86358
G1 X127.949 Y104.405 E643.86394
G1 X128.049 Y104.306 E643.86429
G1 X128.049 Y104.164 E643.86464
G1 X127.949 Y104.264 E643.86499
G1 X127.949 Y104.122 E643.86535
G1 X128.049 Y104.023 E643.8657
G1 X128.049 Y103.881 E643.86605
G1 X127.949 Y103.981 E643.86641
G1 X127.949 Y103.84 E643.86676
G1 X128.049 Y103.74 E643.86711
G1 X128.049 Y103.598 E643.86747
G1 X127.949 Y103.698 E643.86782
G1 X127.949 Y103.557 E643.86817
G1 X128.049 Y103.457 E643.86852
G1 X128.049 Y103.316 E643.86887
G1 X127.949 Y103.415 E643.86923
G1 X127.949 Y103.274 E643.86958
G1 X128.049 Y103.174 E643.86993
G1 X128.049 Y103.033 E643.87028
G1 X127.949 Y103.132 E643.87063
G1 X127.949 Y102.991 E643.87098
G1 X128.049 Y102.891 E643.87134
G1 X128.049 Y102.75 E643.87169
G1 X127.949 Y102.85 E643.87204
G1 X127.949 Y102.708 E643.8724
G1 X128.049 Y102.608 E643.87275
G1 X128.049 Y102.467 E643.8731
G1 X127.949 Y102.567 E643.87345
G1 X127.949 Y102.425 E643.87381
G1 X128.049 Y102.326 E643.87416
G1 X128.049 Y102.184 E643.87451
G1 X127.949 Y102.284 E643.87487
G1 X127.949 Y102.142 E643.87522
G1 X128.049 Y102.043 E643.87557
G1 X128.049 Y101.901 E643.87593
G1 X127.949 Y102.001 E643.87628
G1 X127.949 Y101.86 E643.87663
G1 X128.049 Y101.76 E643.87698
G1 X128.049 Y101.619 E643.87733
G1 X127.949 Y101.718 E643.87769
G1 X127.949 Y101.577 E643.87804
G1 X128.049 Y101.477 E643.87839
G1 X128.049 Y101.336 E643.87874
G1 X127.949 Y101.435 E643.87909
G1 X127.949 Y101.294 E643.87944
G1 X128.049 Y101.194 E643.8798
G1 X128.049 Y101.053 E643.88015
G1 X127.949 Y101.153 E643.8805
G1 X127.949 Y101.011 E643.88086
G1 X128.049 Y100.911 E643.88121
G1 X128.049 Y100.77 E643.88156
G1 X127.949 Y100.87 E643.88191
G1 X127.949 Y100.728 E643.88227
G1 X128.049 Y100.629 E643.88262
G1 X128.049 Y100.487 E643.88297
G1 X127.949 Y100.587 E643.88333
G1 X127.949 Y100.445 E643.88368
G1 X128.049 Y100.346 E643.88403
G1 X128.049 Y100.204 E643.88438
G1 X127.949 Y100.304 E643.88474
G1 X127.949 Y100.163 E643.88509
G1 X128.049 Y100.063 E643.88544
G1 X128.049 Y100.018 E643.88555
G1 X128.044 Y99.926 E643.88578
G1 X127.949 Y100.021 E643.88612
G1 X127.948 Y99.984 E643.88621
G1 X127.944 Y99.885 E643.88646
G1 X128.037 Y99.792 E643.88679
G1 X128.035 Y99.75 E643.88689
G1 X128.022 Y99.665 E643.88711
G1 X127.938 Y99.75 E643.8874
G1 X127.937 Y99.746
G1 X127.918 Y99.628 E643.8877
G1 X128.002 Y99.544 E643.888
G1 X127.993 Y99.484 E643.88815
G1 X127.977 Y99.427 E643.8883
G1 X127.898 Y99.506 E643.88858
G1 X127.868 Y99.395 E643.88886
G1 X127.948 Y99.315 E643.88915
G1 X127.931 Y99.249 E643.88932
G1 X127.914 Y99.207 E643.88943
G1 X127.838 Y99.284 E643.8897
G1 X127.834 Y99.271 E643.88973
G1 X127.799 Y99.181 E643.88997
G1 X127.876 Y99.105 E643.89024
G1 X127.839 Y99.009 E643.8905
G1 X127.836 Y99.003 E643.89052
G1 X127.76 Y99.079 E643.89078
G1 X127.745 Y99.04 E643.89089
G1 X127.715 Y98.982 E643.89105
G1 X127.789 Y98.909 E643.89131
G1 X127.741 Y98.815 E643.89157
G1 X127.668 Y98.888 E643.89183
G1 X127.632 Y98.82 E643.89202
G1 X127.617 Y98.797 E643.89209
G1 X127.688 Y98.726 E643.89234
G1 X127.632 Y98.641 E643.8926
G1 X127.562 Y98.712 E643.89285
G1 X127.506 Y98.626 E643.8931
G1 X127.576 Y98.556 E643.89335
G1 X127.513 Y98.478 E643.8936
G1 X127.443 Y98.547 E643.89384
G1 X127.379 Y98.47 E643.89409
G1 X127.45 Y98.399 E643.89434
G1 X127.424 Y98.367 E643.89445
G1 X127.383 Y98.325 E643.89459
G1 X127.313 Y98.395 E643.89484
G1 X127.242 Y98.324 E643.89509
G1 X127.312 Y98.254 E643.89534
G1 X127.241 Y98.183 E643.89559
G1 X127.171 Y98.253 E643.89583
G1 X127.166 Y98.248 E643.89585
G1 X127.093 Y98.19 E643.89609
G1 X127.165 Y98.118 E643.89634
G1 X127.086 Y98.055 E643.89659
G1 X127.015 Y98.127 E643.89684
G1 X126.98 Y98.097 E643.89696
G1 X126.933 Y98.067 E643.8971
G1 X127.005 Y97.995 E643.89735
G1 X126.92 Y97.939 E643.89761
G1 X126.847 Y98.012 E643.89786
G1 X126.772 Y97.963 E643.89809
G1 X126.76 Y97.957 E643.89812
G1 X126.834 Y97.884 E643.89838
G1 X126.829 Y97.881 E643.89839
G1 X126.741 Y97.836 E643.89864
G1 X126.666 Y97.91 E643.8989
G1 X126.572 Y97.862 E643.89917
G1 X126.647 Y97.787 E643.89943
G1 X126.597 Y97.763 E643.89957
G1 X126.55 Y97.744 E643.8997
G1 X126.472 Y97.821 E643.89997
G1 X126.369 Y97.782 E643.90024
G1 X126.448 Y97.704 E643.90052
G1 X126.37 Y97.674 E643.90073
G1 X126.344 Y97.667 E643.9008
G1 X126.263 Y97.748 E643.90108
G1 X126.15 Y97.719 E643.90137
G1 X126.232 Y97.637 E643.90166
G1 X126.12 Y97.607 E643.90195
G1 X126.034 Y97.693 E643.90226
G1 X125.913 Y97.674 E643.90256
G1 X126 Y97.586 E643.90287
G1 X125.879 Y97.565 E643.90318
G1 X125.785 Y97.659 E643.90351
G1 X125.651 Y97.652 E643.90384
G1 X125.747 Y97.556 E643.90418
G1 X125.613 Y97.549 E643.90452
G1 X125.512 Y97.65 E643.90487
G1 X125.371 Y97.65 E643.90522
G1 X125.471 Y97.549 E643.90558
G1 X125.33 Y97.549 E643.90593
G1 X125.23 Y97.65 E643.90628
G1 X125.088 Y97.65 E643.90664
G1 X125.189 Y97.549 E643.90699
G1 X125.047 Y97.549 E643.90735
G1 X124.947 Y97.65 E643.9077
G1 X124.805 Y97.65 E643.90806
G1 X124.906 Y97.549 E643.90841
G1 X124.764 Y97.549 E643.90877
G1 X124.664 Y97.65 E643.90912
G1 X124.522 Y97.65 E643.90948
G1 X124.623 Y97.549 E643.90983
G1 X124.481 Y97.549 E643.91019
G1 X124.381 Y97.65 E643.91054
G1 X124.24 Y97.65 E643.91089
G1 X124.34 Y97.549 E643.91125
G1 X124.199 Y97.549 E643.9116
G1 X124.098 Y97.65 E643.91196
G1 X123.957 Y97.65 E643.91231
G1 X124.057 Y97.549 E643.91266
G1 X123.916 Y97.549 E643.91301
G1 X123.815 Y97.65 E643.91337
G1 X123.674 Y97.65 E643.91372
G1 X123.774 Y97.549 E643.91408
G1 X123.633 Y97.549 E643.91443
G1 X123.532 Y97.65 E643.91479
G1 X123.391 Y97.65 E643.91514
G1 X123.491 Y97.549 E643.91549
G1 X123.35 Y97.549 E643.91584
G1 X123.25 Y97.65 E643.9162
G1 X123.108 Y97.65 E643.91655
G1 X123.209 Y97.549 E643.91691
G1 X123.067 Y97.549 E643.91726
G1 X122.967 Y97.65 E643.91762
G1 X122.825 Y97.65 E643.91797
G1 X122.926 Y97.549 E643.91833
G1 X122.784 Y97.549 E643.91868
G1 X122.684 Y97.65 E643.91904
G1 X122.543 Y97.65 E643.91939
G1 X122.643 Y97.549 E643.91974
G1 X122.502 Y97.549 E643.92009
G1 X122.401 Y97.65 E643.92045
G1 X122.26 Y97.65 E643.9208
G1 X122.36 Y97.549 E643.92116
G1 X122.219 Y97.549 E643.92151
G1 X122.118 Y97.65 E643.92186
G1 X121.977 Y97.65 E643.92222
G1 X122.077 Y97.549 E643.92257
G1 X121.936 Y97.549 E643.92292
G1 X121.835 Y97.65 E643.92328
G1 X121.694 Y97.65 E643.92363
G1 X121.794 Y97.549 E643.92399
G1 X121.653 Y97.549 E643.92434
G1 X121.574 Y97.628 E643.92462
G1 F3900 E640.42462
G1 F600 Z6.8
G0 F12000 X117.593 Y97.65 Z6.8
G1 F600 Z6.6
G1 F3900 E643.92462
G1 F1800 X117.451 Y97.65 E643.92497
G1 X117.552 Y97.549 E643.92533
G1 X117.41 Y97.549 E643.92568
G1 X117.31 Y97.65 E643.92604
G1 X117.169 Y97.65 E643.92639
G1 X117.269 Y97.549 E643.92674
G1 X117.127 Y97.549 E643.9271
G1 X117.027 Y97.65 E643.92745
G1 X116.886 Y97.65 E643.9278
G1 X116.986 Y97.549 E643.92816
G1 X116.845 Y97.549 E643.92851
G1 X116.744 Y97.65 E643.92886
G1 X116.603 Y97.65 E643.92922
G1 X116.703 Y97.549 E643.92957
G1 X116.562 Y97.549 E643.92992
G1 X116.461 Y97.65 E643.93028
G1 X116.32 Y97.65 E643.93063
G1 X116.42 Y97.549 E643.93098
G1 X116.279 Y97.549 E643.93134
G1 X116.179 Y97.65 E643.93169
G1 X116.037 Y97.65 E643.93205
G1 X116.138 Y97.549 E643.9324
G1 X115.996 Y97.549 E643.93276
G1 X115.896 Y97.65 E643.93311
G1 X115.754 Y97.65 E643.93346
G1 X115.855 Y97.549 E643.93382
G1 X115.713 Y97.549 E643.93418
G1 X115.613 Y97.65 E643.93453
G1 X115.471 Y97.65 E643.93488
G1 X115.572 Y97.549 E643.93524
G1 X115.43 Y97.549 E643.93559
G1 X115.33 Y97.65 E643.93595
G1 X115.189 Y97.65 E643.9363
G1 X115.289 Y97.549 E643.93666
G1 X115.148 Y97.549 E643.93701
G1 X115.047 Y97.65 E643.93736
G1 X114.906 Y97.65 E643.93772
G1 X115.006 Y97.549 E643.93807
G1 X114.865 Y97.549 E643.93842
G1 X114.764 Y97.65 E643.93878
G1 X114.623 Y97.65 E643.93913
G1 X114.723 Y97.549 E643.93948
G1 X114.582 Y97.549 E643.93984
G1 X114.482 Y97.65 E643.94019
G1 X114.34 Y97.65 E643.94054
G1 X114.44 Y97.549 E643.9409
G1 X114.299 Y97.549 E643.94125
G1 X114.199 Y97.65 E643.94161
G1 X114.057 Y97.65 E643.94196
G1 X114.158 Y97.549 E643.94232
G1 X114.016 Y97.549 E643.94267
G1 X113.916 Y97.65 E643.94302
G1 X113.774 Y97.65 E643.94338
G1 X113.875 Y97.549 E643.94374
G1 X113.733 Y97.549 E643.94409
G1 X113.633 Y97.65 E643.94444
G1 X113.589 Y97.65 E643.94455
G1 X113.486 Y97.655 E643.94481
G1 X113.591 Y97.551 E643.94518
G1 X113.441 Y97.558 E643.94555
G1 X113.336 Y97.664 E643.94593
G1 X113.167 Y97.691 E643.94635
G1 X113.285 Y97.573 E643.94677
G1 X113.117 Y97.599 E643.94719
G1 X112.982 Y97.735 E643.94767
G1 X112.87 Y97.765 E643.94796
G1 X112.773 Y97.802 E643.94822
G1 X112.928 Y97.647 E643.94877
G1 X112.849 Y97.669 E643.94897
G1 X112.716 Y97.718 E643.94932
G1 X112.517 Y97.917 E643.95003
G1 X112.419 Y97.967 E643.9503
G1 X112.212 Y98.101 E643.95092
G1 X112.093 Y98.2 E643.9513
G1 X112.457 Y97.836 E643.95259
G1 X112.374 Y97.878 E643.95282
G1 X112.159 Y98.017 E643.95346
G1 X112.023 Y98.128 E643.9539
G1 X111.724 Y98.427 E643.95495
G1 X111.793 Y98.499
G1 X111.435 Y98.857 E643.95621
G1 X111.361 Y99.004 E643.95662
G1 X111.318 Y99.116 E643.95692
G1 X111.515 Y98.919 E643.95762
G1 X111.45 Y99.047 E643.95798
G1 X111.401 Y99.174 E643.95832
G1 X111.246 Y99.33 E643.95886
G1 X111.204 Y99.487 E643.95927
G1 X111.2 Y99.517 E643.95934
G1 X111.334 Y99.383 E643.95982
G1 X111.3 Y99.516 E643.96016
G1 X111.291 Y99.567 E643.96029
G1 X111.197 Y99.661 E643.96062
G1 F3900 E640.46062
G1 F600 Z6.8
G0 F12000 X106.819 Y99.231 Z6.8
G1 F600 Z6.6
G1 F3900 E643.96062
G1 F1800 X106.894 Y99.156 E643.96089
G1 X106.855 Y99.053 E643.96116
G1 X106.78 Y99.129 E643.96143
G1 X106.745 Y99.04 E643.96167
G1 X106.739 Y99.028 E643.9617
G1 X106.812 Y98.956 E643.96195
G1 X106.764 Y98.862 E643.96222
G1 X106.691 Y98.934 E643.96247
G1 X106.643 Y98.841 E643.96273
G1 X106.715 Y98.77 E643.96299
G1 X106.659 Y98.683 E643.96324
G1 X106.589 Y98.753 E643.96349
G1 X106.534 Y98.668 E643.96374
G1 X106.604 Y98.597 E643.96399
G1 X106.584 Y98.565 E643.96409
G1 X106.544 Y98.516 E643.96424
G1 X106.475 Y98.585 E643.96449
G1 X106.411 Y98.507 E643.96474
G1 X106.481 Y98.438 E643.96499
G1 X106.423 Y98.367 E643.96521
G1 X106.417 Y98.36 E643.96524
G1 X106.347 Y98.43 E643.96548
G1 X106.34 Y98.422 E643.96551
G1 X106.276 Y98.359 E643.96573
G1 X106.346 Y98.289 E643.96598
G1 X106.276 Y98.218 E643.96623
G1 X106.206 Y98.289 E643.96648
G1 X106.165 Y98.248 E643.96662
G1 X106.131 Y98.222 E643.96673
G1 X106.203 Y98.15 E643.96698
G1 X106.125 Y98.087 E643.96723
G1 X106.053 Y98.158 E643.96749
G1 X105.98 Y98.097 E643.96772
G1 X105.975 Y98.095 E643.96774
G1 X106.046 Y98.024 E643.96799
G1 X105.961 Y97.968 E643.96824
G1 X105.889 Y98.039 E643.96849
G1 X105.803 Y97.984 E643.96875
G1 X105.876 Y97.911 E643.96901
G1 X105.829 Y97.881 E643.96915
G1 X105.787 Y97.859 E643.96926
G1 X105.713 Y97.933 E643.96952
G1 X105.619 Y97.886 E643.96979
G1 X105.694 Y97.811 E643.97005
G1 X105.6 Y97.763 E643.97031
G1 X105.522 Y97.84 E643.97059
G1 X105.42 Y97.802 E643.97086
G1 X105.498 Y97.724 E643.97113
G1 X105.396 Y97.684 E643.97141
G1 X105.317 Y97.763 E643.97169
G1 X105.206 Y97.733 E643.97197
G1 X105.287 Y97.652 E643.97226
G1 X105.175 Y97.622 E643.97255
G1 X105.093 Y97.704 E643.97284
G1 X105.081 Y97.7 E643.97287
G1 X104.972 Y97.683 E643.97314
G1 X105.06 Y97.596 E643.97345
G1 X104.938 Y97.576 E643.97376
G1 X104.851 Y97.664 E643.97407
G1 X104.839 Y97.662 E643.9741
G1 X104.717 Y97.656 E643.97441
G1 X104.812 Y97.561 E643.97474
G1 X104.678 Y97.553 E643.97508
G1 X104.582 Y97.65 E643.97542
G1 X104.441 Y97.65 E643.97577
G1 X104.54 Y97.55 E643.97612
G1 X104.399 Y97.55 E643.97647
G1 X104.299 Y97.65 E643.97682
G1 X104.158 Y97.65 E643.97717
G1 X104.257 Y97.55 E643.97753
G1 X104.116 Y97.55 E643.97788
G1 X104.016 Y97.65 E643.97823
G1 X103.875 Y97.65 E643.97858
G1 X103.975 Y97.55 E643.97893
G1 X103.833 Y97.55 E643.97929
G1 X103.733 Y97.65 E643.97964
G1 X103.592 Y97.65 E643.97999
G1 X103.692 Y97.55 E643.98035
G1 X103.55 Y97.55 E643.9807
G1 X103.451 Y97.65 E643.98105
G1 X103.309 Y97.65 E643.98141
G1 X103.409 Y97.55 E643.98176
G1 X103.267 Y97.55 E643.98211
G1 X103.168 Y97.65 E643.98246
G1 X103.026 Y97.65 E643.98282
G1 X103.126 Y97.55 E643.98317
G1 X102.985 Y97.55 E643.98352
G1 X102.885 Y97.65 E643.98388
G1 X102.744 Y97.65 E643.98423
G1 X102.843 Y97.55 E643.98458
G1 X102.702 Y97.55 E643.98493
G1 X102.602 Y97.65 E643.98528
G1 X102.461 Y97.65 E643.98563
G1 X102.56 Y97.55 E643.98599
G1 X102.419 Y97.55 E643.98634
G1 X102.319 Y97.65 E643.98669
G1 X102.178 Y97.65 E643.98704
G1 X102.278 Y97.55 E643.98739
G1 X102.136 Y97.55 E643.98775
G1 X102.036 Y97.65 E643.9881
G1 X101.895 Y97.65 E643.98845
G1 X101.995 Y97.55 E643.98881
G1 X101.853 Y97.55 E643.98916
G1 X101.754 Y97.65 E643.98951
G1 X101.612 Y97.65 E643.98987
G1 X101.712 Y97.55 E643.99022
G1 X101.57 Y97.55 E643.99057
G1 X101.471 Y97.65 E643.99092
G1 X101.329 Y97.65 E643.99128
G1 X101.429 Y97.55 E643.99163
G1 X101.288 Y97.55 E643.99198
G1 X101.188 Y97.65 E643.99233
G1 X101.046 Y97.65 E643.99269
G1 X101.146 Y97.55 E643.99304
G1 X101.005 Y97.55 E643.99339
G1 X100.905 Y97.65 E643.99375
G1 X100.764 Y97.65 E643.9941
G1 X100.863 Y97.55 E643.99445
G1 X100.722 Y97.55 E643.9948
G1 X100.622 Y97.65 E643.99515
G1 X100.574 Y97.65 E643.99527
G1 X100.574 Y97.556 E643.99551
G1 F3900 E640.49551
G1 F600 Z6.8
G0 F12000 X96.522 Y97.649 Z6.8
G1 F600 Z6.6
G1 F3900 E643.99551
G1 F1800 X96.621 Y97.549 E643.99586
G1 X96.48 Y97.549 E643.99621
G1 X96.38 Y97.649 E643.99656
G1 X96.239 Y97.649 E643.99691
G1 X96.339 Y97.549 E643.99727
G1 X96.197 Y97.549 E643.99762
G1 X96.097 Y97.649 E643.99797
G1 X95.956 Y97.649 E643.99833
G1 X96.056 Y97.549 E643.99868
G1 X95.914 Y97.549 E643.99903
G1 X95.815 Y97.649 E643.99938
G1 X95.673 Y97.649 E643.99974
G1 X95.773 Y97.549 E644.00009
G1 X95.631 Y97.549 E644.00045
G1 X95.532 Y97.649 E644.0008
G1 X95.39 Y97.649 E644.00115
G1 X95.49 Y97.549 E644.0015
G1 X95.349 Y97.549 E644.00186
G1 X95.249 Y97.649 E644.00221
G1 X95.107 Y97.649 E644.00256
G1 X95.207 Y97.549 E644.00292
G1 X95.066 Y97.549 E644.00327
G1 X94.966 Y97.649 E644.00362
G1 X94.825 Y97.649 E644.00397
G1 X94.924 Y97.549 E644.00432
G1 X94.783 Y97.549 E644.00467
G1 X94.683 Y97.649 E644.00503
G1 X94.542 Y97.649 E644.00538
G1 X94.642 Y97.549 E644.00573
G1 X94.5 Y97.549 E644.00609
G1 X94.4 Y97.649 E644.00644
G1 X94.259 Y97.649 E644.00679
G1 X94.359 Y97.549 E644.00714
G1 X94.217 Y97.549 E644.0075
G1 X94.118 Y97.649 E644.00785
G1 X93.976 Y97.649 E644.0082
G1 X94.076 Y97.549 E644.00855
G1 X93.934 Y97.549 E644.00891
G1 X93.835 Y97.649 E644.00926
G1 X93.693 Y97.649 E644.00961
G1 X93.793 Y97.549 E644.00997
G1 X93.652 Y97.549 E644.01032
G1 X93.552 Y97.649 E644.01067
G1 X93.41 Y97.649 E644.01103
G1 X93.51 Y97.549 E644.01138
G1 X93.369 Y97.549 E644.01173
G1 X93.269 Y97.649 E644.01208
G1 X93.128 Y97.649 E644.01243
G1 X93.227 Y97.549 E644.01279
G1 X93.086 Y97.549 E644.01314
G1 X92.986 Y97.649 E644.01349
G1 X92.845 Y97.649 E644.01384
G1 X92.944 Y97.549 E644.01419
G1 X92.803 Y97.549 E644.01454
G1 X92.703 Y97.649 E644.0149
G1 X92.583 Y97.649 E644.0152
G1 X92.56 Y97.65 E644.01525
G1 X92.662 Y97.549 E644.01561
G1 X92.618 Y97.549 E644.01572
G1 X92.515 Y97.554 E644.01598
G1 X92.411 Y97.658 E644.01635
G1 X92.346 Y97.661 E644.01651
G1 X92.251 Y97.676 E644.01675
G1 X92.367 Y97.561 E644.01716
G1 X92.35 Y97.563 E644.0172
G1 X92.201 Y97.585 E644.01757
G1 X92.078 Y97.708 E644.01801
G1 X91.885 Y97.76 E644.01851
G1 X92.024 Y97.621 E644.019
G1 X91.851 Y97.667 E644.01944
G1 X91.829 Y97.675 E644.0195
G1 X91.656 Y97.848 E644.02011
G1 X91.641 Y97.853 E644.02015
G1 X91.419 Y97.966 E644.02077
G1 X91.353 Y98.009 E644.02097
G1 X91.599 Y97.763 E644.02184
G1 X91.385 Y97.872 E644.02244
G1 X91.283 Y97.937 E644.02274
G1 X90.535 Y98.686 E644.02538
G1 X90.61 Y98.753
G1 X90.365 Y98.997 E644.02624
G1 X90.363 Y99.001
G1 X90.276 Y99.225 E644.02684
G1 X90.275 Y99.229
G1 X90.448 Y99.056 E644.02745
G1 X90.363 Y99.278 E644.02804
G1 X90.361 Y99.284 E644.02806
G1 X90.223 Y99.422 E644.02855
G1 X90.204 Y99.491 E644.02873
G1 X90.186 Y99.6 E644.029
G1 X90.31 Y99.476 E644.02944
G1 X90.301 Y99.516 E644.02954
G1 X90.279 Y99.649 E644.02988
G1 X90.162 Y99.766 E644.03029
G1 X90.153 Y99.916 E644.03066
G1 X90.258 Y99.811 E644.03104
G1 X90.251 Y99.96 E644.03141
G1 X90.15 Y100.061 E644.03176
G1 X90.15 Y100.202 E644.03212
G1 X90.25 Y100.102 E644.03247
G1 X90.25 Y100.244 E644.03282
G1 X90.15 Y100.344 E644.03318
G1 X90.15 Y100.485 E644.03353
G1 X90.25 Y100.385 E644.03388
G1 X90.25 Y100.527 E644.03423
G1 X90.15 Y100.626 E644.03458
G1 X90.15 Y100.768 E644.03494
G1 X90.25 Y100.668 E644.03529
G1 X90.25 Y100.81 E644.03565
G1 X90.15 Y100.909 E644.036
G1 X90.15 Y101.051 E644.03635
G1 X90.25 Y100.951 E644.0367
G1 X90.25 Y101.092 E644.03706
G1 X90.15 Y101.192 E644.03741
G1 X90.15 Y101.334 E644.03776
G1 X90.25 Y101.234 E644.03812
G1 X90.25 Y101.375 E644.03847
G1 X90.15 Y101.475 E644.03882
G1 X90.15 Y101.616 E644.03917
G1 X90.25 Y101.517 E644.03952
G1 X90.25 Y101.658 E644.03987
G1 X90.15 Y101.758 E644.04023
G1 X90.15 Y101.899 E644.04058
G1 X90.25 Y101.8 E644.04093
G1 X90.25 Y101.941 E644.04128
G1 X90.15 Y102.041 E644.04163
G1 X90.15 Y102.182 E644.04199
G1 X90.25 Y102.082 E644.04234
G1 X90.25 Y102.224 E644.04269
G1 X90.15 Y102.324 E644.04305
G1 X90.15 Y102.465 E644.0434
G1 X90.25 Y102.365 E644.04375
G1 X90.25 Y102.507 E644.0441
G1 X90.15 Y102.606 E644.04446
G1 X90.15 Y102.748 E644.04481
G1 X90.25 Y102.648 E644.04516
G1 X90.25 Y102.789 E644.04551
G1 X90.15 Y102.889 E644.04587
G1 X90.15 Y103.031 E644.04622
G1 X90.25 Y102.931 E644.04657
G1 X90.25 Y103.072 E644.04693
G1 X90.15 Y103.172 E644.04728
G1 X90.15 Y103.313 E644.04763
G1 X90.25 Y103.214 E644.04798
G1 X90.25 Y103.355 E644.04833
G1 X90.15 Y103.455 E644.04869
G1 X90.15 Y103.596 E644.04904
G1 X90.25 Y103.497 E644.04939
G1 X90.25 Y103.638 E644.04974
G1 F3900 E640.54974
G0 F12000 X90.25 Y116.366
G1 F3900 E644.04974
G1 F1800 X90.149 Y116.466 E644.0501
G1 X90.149 Y116.608 E644.05045
G1 X90.25 Y116.507 E644.05081
G1 X90.25 Y116.649 E644.05116
G1 X90.149 Y116.749 E644.05151
G1 X90.149 Y116.891 E644.05187
G1 X90.25 Y116.79 E644.05222
G1 X90.25 Y116.932 E644.05258
G1 X90.149 Y117.032 E644.05293
G1 X90.149 Y117.173 E644.05329
G1 X90.25 Y117.073 E644.05364
G1 X90.25 Y117.214 E644.05399
G1 X90.149 Y117.315 E644.05435
G1 X90.149 Y117.456 E644.0547
G1 X90.25 Y117.356 E644.05505
G1 X90.25 Y117.497 E644.05541
G1 X90.149 Y117.598 E644.05576
G1 X90.149 Y117.739 E644.05611
G1 X90.25 Y117.639 E644.05647
G1 X90.25 Y117.78 E644.05682
G1 X90.149 Y117.881 E644.05718
G1 X90.149 Y118.022 E644.05753
G1 X90.25 Y117.922 E644.05788
G1 X90.25 Y118.063 E644.05823
G1 X90.149 Y118.163 E644.05859
G1 X90.149 Y118.305 E644.05894
G1 X90.25 Y118.204 E644.0593
G1 X90.25 Y118.346 E644.05965
G1 X90.149 Y118.446 E644.06001
G1 X90.149 Y118.588 E644.06036
G1 X90.25 Y118.487 E644.06072
G1 X90.25 Y118.629 E644.06107
G1 X90.149 Y118.729 E644.06143
G1 X90.149 Y118.871 E644.06178
G1 X90.25 Y118.77 E644.06214
G1 X90.25 Y118.912 E644.06249
G1 X90.149 Y119.012 E644.06285
G1 X90.149 Y119.153 E644.0632
G1 X90.25 Y119.053 E644.06355
G1 X90.25 Y119.194 E644.0639
G1 X90.149 Y119.295 E644.06426
G1 X90.149 Y119.436 E644.06461
G1 X90.25 Y119.336 E644.06497
G1 X90.25 Y119.477 E644.06532
G1 X90.149 Y119.578 E644.06568
G1 X90.149 Y119.719 E644.06603
G1 X90.25 Y119.619 E644.06638
G1 X90.25 Y119.76 E644.06673
G1 X90.149 Y119.86 E644.06709
G1 X90.149 Y119.981 E644.06739
G1 X90.151 Y120 E644.06744
G1 X90.25 Y119.901 E644.06779
G1 X90.25 Y120.015 E644.06807
G1 X90.25 Y120.042 E644.06814
G1 X90.158 Y120.135 E644.06846
G1 X90.163 Y120.248 E644.06875
G1 X90.167 Y120.267 E644.0688
G1 X90.257 Y120.177 E644.06911
G1 X90.262 Y120.251 E644.0693
G1 X90.27 Y120.305 E644.06943
G1 X90.185 Y120.39 E644.06973
G1 X90.203 Y120.507 E644.07003
G1 X90.205 Y120.512 E644.07004
G1 X90.29 Y120.427 E644.07034
G1 X90.301 Y120.488 E644.0705
G1 X90.315 Y120.544 E644.07064
G1 X90.235 Y120.623 E644.07092
G1 X90.265 Y120.735 E644.07121
G1 X90.344 Y120.655 E644.07149
G1 X90.364 Y120.727 E644.07168
G1 X90.378 Y120.763 E644.07177
G1 X90.303 Y120.838 E644.07204
G1 X90.342 Y120.941 E644.07231
G1 X90.417 Y120.865 E644.07258
G1 X90.453 Y120.958 E644.07283
G1 X90.458 Y120.966 E644.07285
G1 X90.385 Y121.039 E644.07311
G1 X90.433 Y121.133 E644.07337
G1 X90.505 Y121.06 E644.07363
G1 X90.553 Y121.154 E644.07389
G1 X90.482 Y121.225 E644.07414
G1 X90.537 Y121.311 E644.0744
G1 X90.607 Y121.241 E644.07464
G1 X90.663 Y121.327 E644.0749
G1 X90.593 Y121.397 E644.07515
G1 X90.614 Y121.431 E644.07525
G1 X90.653 Y121.478 E644.0754
G1 X90.721 Y121.41 E644.07564
G1 X90.785 Y121.488 E644.07589
G1 X90.716 Y121.557 E644.07613
G1 X90.773 Y121.63 E644.07637
G1 X90.779 Y121.635 E644.07638
G1 X90.849 Y121.565 E644.07663
G1 X90.858 Y121.577 E644.07667
G1 X90.919 Y121.636 E644.07688
G1 X90.849 Y121.706 E644.07713
G1 X90.92 Y121.777 E644.07738
G1 X90.99 Y121.707 E644.07762
G1 X91.033 Y121.75 E644.07778
G1 X91.064 Y121.774 E644.07787
G1 X90.994 Y121.845 E644.07812
G1 X91.071 Y121.908 E644.07837
G1 X91.142 Y121.838 E644.07862
G1 X91.22 Y121.901 E644.07887
G1 X91.149 Y121.972 E644.07912
G1 X91.155 Y121.976 E644.07914
G1 X91.234 Y122.028 E644.07937
G1 X91.306 Y121.956 E644.07963
G1 X91.392 Y122.012 E644.07988
G1 X91.32 Y122.084 E644.08014
G1 X91.368 Y122.115 E644.08028
G1 X91.409 Y122.137 E644.0804
G1 X91.482 Y122.063 E644.08066
G1 X91.576 Y122.11 E644.08092
G1 X91.501 Y122.185 E644.08118
G1 X91.595 Y122.234 E644.08145
G1 X91.672 Y122.156 E644.08172
G1 X91.774 Y122.195 E644.08199
G1 X91.696 Y122.273 E644.08227
G1 X91.799 Y122.312 E644.08254
G1 X91.877 Y122.234 E644.08282
G1 X91.878 Y122.236
G1 X91.988 Y122.264 E644.0831
G1 X91.907 Y122.345 E644.08339
G1 X92.018 Y122.376 E644.08367
G1 X92.101 Y122.293 E644.08397
G1 X92.117 Y122.298 E644.08401
G1 X92.221 Y122.314 E644.08427
G1 X92.133 Y122.402 E644.08458
G1 X92.255 Y122.422 E644.08489
G1 X92.343 Y122.334 E644.0852
G1 X92.36 Y122.337 E644.08524
G1 X92.476 Y122.342 E644.08553
G1 X92.381 Y122.437 E644.08587
G1 X92.515 Y122.445 E644.0862
G1 X92.611 Y122.349 E644.08654
G1 X92.752 Y122.349 E644.08689
G1 X92.652 Y122.449 E644.08725
G1 X92.793 Y122.449 E644.0876
G1 X92.894 Y122.349 E644.08795
G1 X93.035 Y122.349 E644.08831
G1 X92.935 Y122.449 E644.08866
G1 X93.076 Y122.449 E644.08901
G1 X93.176 Y122.349 E644.08936
G1 X93.318 Y122.349 E644.08972
G1 X93.217 Y122.449 E644.09007
G1 X93.359 Y122.449 E644.09043
G1 X93.459 Y122.349 E644.09078
G1 X93.601 Y122.349 E644.09113
G1 X93.5 Y122.449 E644.09149
G1 X93.642 Y122.449 E644.09184
G1 X93.742 Y122.349 E644.09219
G1 X93.883 Y122.349 E644.09255
G1 X93.783 Y122.449 E644.0929
G1 X93.924 Y122.449 E644.09325
G1 X94.025 Y122.349 E644.0936
G1 X94.166 Y122.349 E644.09396
G1 X94.066 Y122.449 E644.09431
G1 X94.207 Y122.449 E644.09466
G1 X94.308 Y122.349 E644.09502
G1 X94.449 Y122.349 E644.09537
G1 X94.349 Y122.449 E644.09572
G1 X94.49 Y122.449 E644.09607
G1 X94.591 Y122.349 E644.09643
G1 X94.732 Y122.349 E644.09678
G1 X94.632 Y122.449 E644.09713
G1 X94.773 Y122.449 E644.09748
G1 X94.873 Y122.349 E644.09784
G1 X95.015 Y122.349 E644.09819
G1 X94.914 Y122.449 E644.09854
G1 X95.056 Y122.449 E644.0989
G1 X95.156 Y122.349 E644.09925
G1 X95.298 Y122.349 E644.09961
G1 X95.197 Y122.449 E644.09996
G1 X95.339 Y122.449 E644.10031
G1 X95.439 Y122.349 E644.10067
G1 X95.581 Y122.349 E644.10102
G1 X95.48 Y122.449 E644.10138
G1 X95.622 Y122.449 E644.10173
G1 X95.722 Y122.349 E644.10208
G1 X95.863 Y122.349 E644.10243
G1 X95.763 Y122.449 E644.10279
G1 X95.904 Y122.449 E644.10314
G1 X96.005 Y122.349 E644.10349
G1 X96.146 Y122.349 E644.10385
G1 X96.046 Y122.449 E644.1042
G1 X96.187 Y122.449 E644.10455
G1 X96.288 Y122.349 E644.1049
G1 X96.429 Y122.349 E644.10526
G1 X96.329 Y122.449 E644.10561
G1 X96.47 Y122.449 E644.10596
G1 X96.57 Y122.349 E644.10631
G1 X96.624 Y122.349 E644.10645
G1 X96.624 Y122.436 E644.10666
G1 F3900 E640.60666
G1 F600 Z6.8
G0 F12000 X100.575 Y122.448 Z6.8
G1 F600 Z6.6
G1 F3900 E644.10666
G1 F1800 X100.713 Y122.448 E644.10701
G1 X100.813 Y122.349 E644.10736
G1 X100.955 Y122.349 E644.10771
G1 X100.855 Y122.448 E644.10807
G1 X100.996 Y122.448 E644.10842
G1 X101.096 Y122.349 E644.10877
G1 X101.237 Y122.349 E644.10912
G1 X101.138 Y122.448 E644.10947
G1 X101.279 Y122.448 E644.10982
G1 X101.379 Y122.349 E644.11017
G1 X101.52 Y122.349 E644.11052
G1 X101.421 Y122.448 E644.11087
G1 X101.562 Y122.448 E644.11122
G1 X101.662 Y122.349 E644.11158
G1 X101.803 Y122.349 E644.11193
G1 X101.703 Y122.448 E644.11228
G1 X101.845 Y122.448 E644.11263
G1 X101.944 Y122.349 E644.11298
G1 X102.086 Y122.349 E644.11334
G1 X101.986 Y122.448 E644.11369
G1 X102.128 Y122.448 E644.11404
G1 X102.227 Y122.349 E644.11439
G1 X102.369 Y122.349 E644.11474
G1 X102.269 Y122.448 E644.1151
G1 X102.41 Y122.448 E644.11545
G1 X102.51 Y122.349 E644.1158
G1 X102.652 Y122.349 E644.11615
G1 X102.552 Y122.448 E644.1165
G1 X102.693 Y122.448 E644.11686
G1 X102.793 Y122.349 E644.11721
G1 X102.934 Y122.349 E644.11756
G1 X102.835 Y122.448 E644.11791
G1 X102.976 Y122.448 E644.11826
G1 X103.076 Y122.349 E644.11861
G1 X103.217 Y122.349 E644.11896
G1 X103.118 Y122.448 E644.11931
G1 X103.259 Y122.448 E644.11966
G1 X103.359 Y122.349 E644.12001
G1 X103.5 Y122.349 E644.12037
G1 X103.4 Y122.448 E644.12072
G1 X103.542 Y122.448 E644.12107
G1 X103.642 Y122.349 E644.12142
G1 X103.783 Y122.349 E644.12177
G1 X103.683 Y122.448 E644.12212
G1 X103.825 Y122.448 E644.12248
G1 X103.924 Y122.349 E644.12283
G1 X104.066 Y122.349 E644.12318
G1 X103.966 Y122.448 E644.12353
G1 X104.108 Y122.448 E644.12389
G1 X104.207 Y122.349 E644.12424
G1 X104.349 Y122.349 E644.12459
G1 X104.249 Y122.448 E644.12494
G1 X104.39 Y122.448 E644.12529
G1 X104.49 Y122.349 E644.12564
G1 X104.616 Y122.349 E644.12596
G1 X104.633 Y122.347 E644.126
G1 X104.532 Y122.448 E644.12636
G1 X104.581 Y122.448 E644.12648
G1 X104.677 Y122.444 E644.12672
G1 X104.781 Y122.34 E644.12709
G1 X104.853 Y122.337 E644.12727
G1 X104.941 Y122.322 E644.12749
G1 X104.827 Y122.436 E644.12789
G1 X104.849 Y122.435 E644.12795
G1 X104.991 Y122.413 E644.1283
G1 X105.113 Y122.291 E644.12874
G1 X105.306 Y122.24 E644.12923
G1 X105.167 Y122.379 E644.12972
G1 X105.348 Y122.331 E644.13019
G1 X105.361 Y122.326 E644.13023
G1 X105.532 Y122.155 E644.13083
G1 X105.559 Y122.145 E644.1309
G1 X105.78 Y122.032 E644.13152
G1 X105.829 Y122 E644.13167
G1 X105.589 Y122.24 E644.13251
G1 X105.814 Y122.126 E644.13314
G1 X105.899 Y122.071 E644.13339
G1 X106.672 Y121.298 E644.13612
G1 X106.597 Y121.232
G1 X106.838 Y120.99 E644.13697
G1 X106.925 Y120.766 E644.13757
G1 X106.927 Y120.761 E644.13759
G1 X106.755 Y120.932 E644.13819
G1 F3900 E640.63819
G1 F600 Z6.8
G0 F12000 X106.605 Y120.899 Z6.8
G0 X111.196 Y120.452
G1 F600 Z6.6
G1 F3900 E644.13819
G1 F1800 X111.28 Y120.367 E644.13849
G1 X111.3 Y120.488 E644.13879
G1 X111.221 Y120.568 E644.13908
G1 X111.251 Y120.679 E644.13936
G1 X111.33 Y120.6 E644.13964
G1 X111.36 Y120.712 E644.13993
G1 X111.284 Y120.787 E644.1402
G1 X111.323 Y120.89 E644.14047
G1 X111.398 Y120.815 E644.14074
G1 X111.437 Y120.918 E644.14101
G1 X111.362 Y120.993 E644.14128
G1 X111.41 Y121.086 E644.14154
G1 X111.481 Y121.014 E644.14179
G1 X111.529 Y121.108 E644.14205
G1 X111.457 Y121.18 E644.14231
G1 X111.473 Y121.213 E644.1424
G1 X111.51 Y121.269 E644.14256
G1 X111.579 Y121.2 E644.14281
G1 X111.635 Y121.285 E644.14306
G1 X111.565 Y121.355 E644.14331
G1 X111.618 Y121.439 E644.14356
G1 X111.621 Y121.441
G1 X111.691 Y121.371 E644.1438
G1 X111.701 Y121.386 E644.14385
G1 X111.753 Y121.449 E644.14405
G1 X111.683 Y121.519 E644.1443
G1 X111.746 Y121.598 E644.14455
G1 X111.817 Y121.527 E644.1448
G1 X111.858 Y121.577 E644.14496
G1 X111.884 Y121.601 E644.14505
G1 X111.813 Y121.673 E644.1453
G1 X111.884 Y121.743 E644.14555
G1 X111.955 Y121.672 E644.1458
G1 X112.026 Y121.743 E644.14605
G1 X111.954 Y121.814 E644.14631
G1 X112.033 Y121.877 E644.14656
G1 X112.104 Y121.806 E644.14681
G1 X112.181 Y121.87 E644.14706
G1 X112.111 Y121.941 E644.14731
G1 X112.154 Y121.976 E644.14744
G1 X112.192 Y122.001 E644.14756
G1 X112.263 Y121.929 E644.14781
G1 X112.349 Y121.985 E644.14807
G1 X112.277 Y122.057 E644.14832
G1 X112.362 Y122.113 E644.14857
G1 X112.435 Y122.04 E644.14883
G1 X112.53 Y122.087 E644.1491
G1 X112.455 Y122.162 E644.14936
G1 X112.548 Y122.21 E644.14962
G1 X112.624 Y122.135 E644.14989
G1 X112.647 Y122.147 E644.14995
G1 X112.724 Y122.176 E644.15016
G1 X112.647 Y122.253 E644.15043
G1 X112.748 Y122.293 E644.1507
G1 X112.826 Y122.215 E644.15098
G1 X112.878 Y122.236 E644.15112
G1 X112.933 Y122.25 E644.15126
G1 X112.852 Y122.33 E644.15154
G1 X112.963 Y122.361 E644.15183
G1 X113.045 Y122.279 E644.15212
G1 X113.117 Y122.298 E644.1523
G1 X113.161 Y122.304 E644.15241
G1 X113.075 Y122.39 E644.15272
G1 X113.092 Y122.395 E644.15276
G1 X113.195 Y122.412 E644.15302
G1 X113.283 Y122.324 E644.15333
G1 X113.359 Y122.337 E644.15353
G1 X113.41 Y122.339 E644.15365
G1 X113.317 Y122.432 E644.15398
G1 X113.335 Y122.434 E644.15403
G1 X113.449 Y122.441 E644.15431
G1 X113.544 Y122.346 E644.15465
G1 X113.591 Y122.349 E644.15476
G1 X113.682 Y122.349 E644.15499
G1 X113.583 Y122.448 E644.15534
G1 X113.591 Y122.448 E644.15536
G1 X113.724 Y122.448 E644.15569
G1 X113.824 Y122.349 E644.15604
G1 X113.965 Y122.349 E644.15639
G1 X113.866 Y122.448 E644.15674
G1 X114.007 Y122.448 E644.1571
G1 X114.107 Y122.349 E644.15745
G1 X114.248 Y122.349 E644.1578
G1 X114.148 Y122.448 E644.15815
G1 X114.29 Y122.448 E644.1585
G1 X114.39 Y122.349 E644.15885
G1 X114.531 Y122.349 E644.15921
G1 X114.431 Y122.448 E644.15956
G1 X114.573 Y122.448 E644.15991
G1 X114.672 Y122.349 E644.16026
G1 X114.814 Y122.349 E644.16061
G1 X114.714 Y122.448 E644.16097
G1 X114.856 Y122.448 E644.16132
G1 X114.955 Y122.349 E644.16167
G1 X115.097 Y122.349 E644.16202
G1 X114.997 Y122.448 E644.16237
G1 X115.138 Y122.448 E644.16273
G1 X115.238 Y122.349 E644.16308
G1 X115.38 Y122.349 E644.16343
G1 X115.28 Y122.448 E644.16378
G1 X115.421 Y122.448 E644.16413
G1 X115.521 Y122.349 E644.16449
G1 X115.662 Y122.349 E644.16484
G1 X115.563 Y122.448 E644.16519
G1 X115.704 Y122.448 E644.16554
G1 X115.804 Y122.349 E644.16589
G1 X115.945 Y122.349 E644.16624
G1 X115.846 Y122.448 E644.16659
G1 X115.987 Y122.448 E644.16694
G1 X116.087 Y122.349 E644.16729
G1 X116.228 Y122.349 E644.16764
G1 X116.128 Y122.448 E644.168
G1 X116.27 Y122.448 E644.16835
G1 X116.369 Y122.349 E644.1687
G1 X116.511 Y122.349 E644.16905
G1 X116.411 Y122.448 E644.1694
G1 X116.553 Y122.448 E644.16976
G1 X116.652 Y122.349 E644.17011
G1 X116.794 Y122.349 E644.17046
G1 X116.694 Y122.448 E644.17081
G1 X116.835 Y122.448 E644.17116
G1 X116.935 Y122.349 E644.17152
G1 X117.077 Y122.349 E644.17187
G1 X116.977 Y122.448 E644.17222
G1 X117.118 Y122.448 E644.17257
G1 X117.218 Y122.349 E644.17292
G1 X117.359 Y122.349 E644.17328
G1 X117.26 Y122.448 E644.17362
G1 X117.401 Y122.448 E644.17398
G1 X117.501 Y122.349 E644.17433
G1 X117.624 Y122.349 E644.17463
G1 X117.624 Y122.367 E644.17468
G1 X117.543 Y122.448 E644.17496
G1 F3900 E640.67496
G1 F600 Z6.8
G0 F12000 X121.574 Y122.376 Z6.8
G1 F600 Z6.6
G1 F3900 E644.17496
G1 F1800 X121.574 Y122.448 E644.17514
G1 X121.643 Y122.449 E644.17532
G1 X121.743 Y122.349 E644.17567
G1 X121.884 Y122.349 E644.17602
G1 X121.785 Y122.449 E644.17637
G1 X121.926 Y122.449 E644.17672
G1 X122.026 Y122.349 E644.17708
G1 X122.167 Y122.349 E644.17743
G1 X122.067 Y122.449 E644.17778
G1 X122.209 Y122.449 E644.17814
G1 X122.308 Y122.349 E644.17849
G1 X122.45 Y122.349 E644.17884
G1 X122.35 Y122.449 E644.17919
G1 X122.492 Y122.449 E644.17955
G1 X122.591 Y122.349 E644.1799
G1 X122.733 Y122.349 E644.18025
G1 X122.633 Y122.449 E644.18061
G1 X122.774 Y122.449 E644.18096
G1 X122.874 Y122.349 E644.18131
G1 X123.016 Y122.349 E644.18166
G1 X122.916 Y122.449 E644.18202
G1 X123.057 Y122.449 E644.18237
G1 X123.157 Y122.349 E644.18272
G1 X123.298 Y122.349 E644.18307
G1 X123.199 Y122.449 E644.18342
G1 X123.34 Y122.449 E644.18378
G1 X123.44 Y122.349 E644.18413
G1 X123.581 Y122.349 E644.18448
G1 X123.482 Y122.449 E644.18483
G1 X123.622 Y122.45 E644.18518
G1 X123.723 Y122.349 E644.18554
G1 X123.864 Y122.349 E644.18589
G1 X123.764 Y122.45 E644.18624
G1 X123.905 Y122.45 E644.1866
G1 X124.006 Y122.349 E644.18695
G1 X124.147 Y122.349 E644.1873
G1 X124.047 Y122.45 E644.18766
G1 X124.188 Y122.45 E644.18801
G1 X124.288 Y122.349 E644.18836
G1 X124.43 Y122.349 E644.18872
G1 X124.329 Y122.45 E644.18907
G1 X124.471 Y122.45 E644.18943
G1 X124.571 Y122.349 E644.18978
G1 X124.713 Y122.349 E644.19014
G1 X124.612 Y122.45 E644.19049
G1 X124.754 Y122.45 E644.19085
G1 X124.854 Y122.349 E644.1912
G1 X124.995 Y122.349 E644.19155
G1 X124.895 Y122.45 E644.19191
G1 X125.036 Y122.45 E644.19226
G1 X125.137 Y122.349 E644.19262
G1 X125.278 Y122.349 E644.19297
G1 X125.178 Y122.45 E644.19332
G1 X125.319 Y122.45 E644.19367
G1 X125.42 Y122.349 E644.19403
G1 X125.561 Y122.349 E644.19438
G1 X125.461 Y122.45 E644.19474
G1 X125.581 Y122.45 E644.19504
G1 X125.603 Y122.449 E644.19509
G1 X125.708 Y122.345 E644.19546
G1 X125.852 Y122.337 E644.19582
G1 X125.857 Y122.336 E644.19583
G1 X125.753 Y122.441 E644.1962
G1 X125.849 Y122.435 E644.19644
G1 X125.909 Y122.426 E644.19659
G1 X126.026 Y122.308 E644.19701
G1 X126.089 Y122.299 E644.19717
G1 X126.211 Y122.265 E644.19748
G1 X126.076 Y122.4 E644.19796
G1 X126.106 Y122.395 E644.19803
G1 X126.264 Y122.354 E644.19844
G1 X126.419 Y122.199 E644.19899
G1 X126.559 Y122.145 E644.19936
G1 X126.672 Y122.087 E644.19968
G1 X126.475 Y122.284 E644.20037
G1 X126.589 Y122.241 E644.20068
G1 X126.733 Y122.168 E644.20108
G1 X127.081 Y121.819 E644.20231
G1 F3900 E640.70231
G1 F600 Z6.8
G0 F12000 X100.672 Y122.349 Z6.8
G1 F600 Z6.6
G1 F3900 E644.20231
G1 F1800 X100.575 Y122.446 E644.20265
G1 F3900 E640.70265
G1 F600 Z6.8
;MESH:NONMESH
G0 F12000 X109.1 Y115.443 Z6.8
;TIME_ELAPSED:941.188292
;LAYER:43
;MESH:filament_filter_idig3d.stl
G0 X109.1 Y115.443 Z6.95
G1 F600 Z6.75
G0 F12000 X110.159 Y118.365
;TYPE:FILL
G1 F3900 E644.20265
G1 F5400 X110.1 Y118.342 E644.20455
G1 X109.51 Y117.981 E644.22525
G1 X109.124 Y117.662 E644.24024
G1 X108.774 Y117.307 E644.25517
G1 X108.539 Y117.023 E644.2662
G1 X108.302 Y116.659 E644.2792
G1 X108.163 Y116.378 E644.28859
G1 X109.1 Y115.443 E644.32821
G1 X110.156 Y116.496 E644.37285
G1 X110.159 Y118.365 E644.4288
G0 F12000 X110.599 Y118.969
;TYPE:WALL-INNER
G1 F5400 X110.307 Y118.905 E644.43625
G1 X109.901 Y118.736 E644.44722
G1 X109.257 Y118.342 E644.46606
G1 X108.823 Y117.984 E644.48009
G1 X108.45 Y117.606 E644.49334
G1 X108.182 Y117.281 E644.50385
G1 X107.92 Y116.879 E644.51582
G1 X107.741 Y116.516 E644.52591
G1 X107.667 Y116.251 E644.53278
G1 X109.031 Y114.892 E644.58081
G1 X109.099 Y114.827 E644.58315
G1 X109.175 Y114.898 E644.58575
G1 X110.596 Y116.315 E644.63581
G1 X110.599 Y118.969 E644.70201
G0 F12000 X110.641 Y119.388
G1 F5400 X110.191 Y119.289 E644.7135
G1 X109.716 Y119.092 E644.72633
G1 X109.024 Y118.668 E644.74658
G1 X108.551 Y118.278 E644.76187
G1 X108.154 Y117.876 E644.77596
G1 X107.858 Y117.516 E644.78759
G1 X107.573 Y117.08 E644.80058
G1 X107.366 Y116.659 E644.81229
G1 X107.219 Y116.133 E644.82591
G1 X108.754 Y114.604 E644.87995
G1 X109.095 Y114.276 E644.89176
G1 X109.448 Y114.606 E644.90381
G1 X110.996 Y116.149 E644.95833
G1 X111 Y119.383 E645.03901
G1 X110.641 Y119.388 E645.04796
G0 F12000 X110.599 Y119.789
;TYPE:WALL-OUTER
G1 F1800 X110.07 Y119.672 E645.06148
G1 X109.536 Y119.451 E645.07589
G1 X108.801 Y119 E645.0974
G1 X108.679 Y118.907 E645.10123
G1 X108.281 Y118.573 E645.11419
G1 X107.853 Y118.14 E645.12938
G1 X107.534 Y117.751 E645.14193
G1 X107.225 Y117.278 E645.15602
G1 X106.992 Y116.805 E645.16917
G1 X106.824 Y116.205 E645.18472
G1 X106.804 Y115.982 E645.1903
G1 X108.477 Y114.316 E645.2492
G1 X108.993 Y113.82 E645.26705
G1 X109.106 Y113.737 E645.27055
G1 X109.722 Y114.315 E645.29162
G1 X111.396 Y115.983 E645.35057
G1 X111.4 Y119.481 E645.43783
G1 X111.372 Y119.621 E645.44139
G1 X111.197 Y119.78 E645.44729
G1 X110.599 Y119.789 E645.46221
G0 F12000 X110.643 Y119.352
G0 X110.599 Y118.986
G1 F3900 E641.96221
G1 F600 Z6.95
G0 F12000 X110.599 Y118.969 Z6.95
G0 X110.156 Y111.927
G1 F600 Z6.75
G0 F12000 X108.947 Y111.469
;TYPE:FILL
G1 F3900 E645.46221
G1 F5400 X108.193 Y111.774 E645.48655
G1 X108.04 Y111.916 E645.4928
G1 X108.04 Y108.077 E645.60772
G1 X108.516 Y108.414 E645.62518
G1 X109.413 Y108.506 E645.65217
G1 X110.068 Y108.166 E645.67426
G1 X110.156 Y108.09 E645.67774
G1 X110.156 Y111.927 E645.7926
G1 X109.807 Y111.647 E645.80599
G1 X108.947 Y111.469 E645.83228
G0 F12000 X108.908 Y111.039
G1 F5400 X108.454 Y111.222 E645.84693
G1 X108.454 Y108.824 E645.91872
G1 X109.494 Y108.93 E645.95001
G1 X109.742 Y108.801 E645.95838
G0 F12000 X108.866 Y108.866
G1 F5400 X109.741 Y109.741 E645.99542
G1 X109.741 Y110.257 E646.01086
G1 X108.951 Y111.047 E646.04431
G1 X108.908 Y111.039 E646.04562
G1 F3900 E642.54562
G0 F12000 X107.6 Y112.931
;TYPE:WALL-INNER
G1 F3900 E646.04562
G1 F5400 X107.6 Y112.522 E646.05582
G1 X107.6 Y107.538 E646.18015
G1 X107.6 Y107.07 E646.19182
G0 F12000 X108.223 Y107.668
G1 F5400 X108.675 Y107.988 E646.20563
G1 X109.326 Y108.055 E646.22196
G1 X109.821 Y107.799 E646.23586
G1 X110.134 Y107.525 E646.24624
G1 X110.596 Y107.074 E646.26234
G0 F12000 X110.596 Y107.547
G1 F5400 X110.596 Y112.453 E646.38472
G1 X110.596 Y112.925 E646.3965
G0 F12000 X110.12 Y112.462
G1 F5400 X109.614 Y112.056 E646.41268
G1 X108.99 Y111.927 E646.42858
G1 X108.432 Y112.153 E646.44359
G1 X107.942 Y112.61 E646.46031
G0 F12000 X107.643 Y112.888
G1 F5400 X107.6 Y112.931 E646.46182
G1 F3900 E642.96182
G0 F12000 X107.2 Y113.894
G1 F3900 E646.46182
G1 F5400 X107.2 Y113.414 E646.4738
G1 X107.2 Y106.587 E646.6441
G1 X107.2 Y106.107 E646.65607
G0 F12000 X107.54 Y106.445
G1 F5400 X107.918 Y106.822 E646.66939
G1 X108.478 Y107.359 E646.68874
G1 X108.82 Y107.601 E646.69919
G1 X109.248 Y107.645 E646.70993
G1 X109.594 Y107.466 E646.71965
G1 X109.862 Y107.231 E646.72854
G1 X110.283 Y106.821 E646.7432
G1 X110.656 Y106.449 E646.75634
G1 X110.996 Y106.111 E646.7683
G0 F12000 X110.996 Y106.591
G1 F5400 X110.996 Y113.409 E646.93837
G1 X110.996 Y113.889 E646.95035
G0 F12000 X110.656 Y113.55
G1 F5400 X110.284 Y113.179 E646.96345
G1 X109.855 Y112.762 E646.97837
G1 X109.439 Y112.428 E646.99168
G1 X109.028 Y112.343 E647.00215
G1 X108.651 Y112.496 E647.0123
G1 X107.921 Y113.176 E647.03719
G1 X107.54 Y113.556 E647.05061
G1 F3900 E643.55061
G0 F12000 X106.833 Y114.754
G1 F3900 E647.05061
G0 F12000 X106.8 Y114.856
;TYPE:WALL-OUTER
G1 F1800 X106.8 Y114.375 E647.06261
G1 X106.8 Y105.625 E647.28088
G1 X106.8 Y105.144 E647.29288
G0 F12000 X107.14 Y105.483
G1 F1800 X108.198 Y106.536 E647.33011
G1 X108.733 Y107.05 E647.34862
G1 X108.965 Y107.214 E647.35571
G1 X109.17 Y107.235 E647.36085
G1 X109.367 Y107.133 E647.36638
G1 X109.59 Y106.937 E647.37379
G1 X110.003 Y106.536 E647.38815
G1 X111.056 Y105.487 E647.42522
G1 X111.396 Y105.148 E647.4372
G0 F12000 X111.396 Y105.629
G1 F1800 X111.396 Y114.372 E647.6553
G1 X111.396 Y114.853 E647.66729
G0 F12000 X111.056 Y114.514
G1 F1800 X110.003 Y113.464 E647.70439
G1 X109.59 Y113.062 E647.71877
G1 X109.264 Y112.8 E647.7292
G1 X109.066 Y112.759 E647.73424
G1 X108.87 Y112.839 E647.73952
G1 X108.198 Y113.464 E647.76242
G1 X107.14 Y114.517 E647.79965
G1 F3900 E644.29965
G1 F600 Z6.95
G0 F12000 X109.099 Y104.556 Z6.95
G1 F600 Z6.75
G0 F12000 X108.968 Y102.488
;TYPE:FILL
G1 F3900 E647.79965
G1 F5400 X109.426 Y102.088 E647.81785
G1 X110.104 Y101.657 E647.8419
G1 X110.16 Y101.635 E647.8437
G1 X110.16 Y103.501 E647.89956
G1 X109.099 Y104.556 E647.94435
G1 X108.174 Y103.634 E647.98345
G1 X108.248 Y103.44 E647.98966
G1 X108.515 Y103.009 E648.00484
G1 X108.968 Y102.488 E648.0255
G1 F3900 E644.5255
G0 F12000 X109.1 Y105.172
;TYPE:WALL-INNER
G1 F3900 E648.0255
G1 F5400 X109.023 Y105.1 E648.02813
G1 X107.662 Y103.744 E648.07606
G1 X107.854 Y103.242 E648.08947
G1 X108.16 Y102.749 E648.10394
G1 X108.662 Y102.17 E648.12306
G1 X109.157 Y101.738 E648.13944
G1 X109.904 Y101.263 E648.16153
G1 X110.336 Y101.09 E648.17314
G1 X110.6 Y101.031 E648.17988
G1 X110.6 Y103.682 E648.24601
G1 X109.169 Y105.106 E648.29637
G1 X109.1 Y105.172 E648.29875
G0 F12000 X109.104 Y105.723
G1 F5400 X108.75 Y105.392 E648.31084
G1 X107.234 Y103.881 E648.36424
G1 X107.284 Y103.579 E648.37187
G1 X107.497 Y103.059 E648.38589
G1 X107.834 Y102.516 E648.40183
G1 X108.165 Y102.11 E648.4149
G1 X108.387 Y101.879 E648.42289
G1 X108.921 Y101.413 E648.44057
G1 X109.715 Y100.908 E648.46404
G1 X110.218 Y100.707 E648.47755
G1 X110.647 Y100.611 E648.48852
G1 X111 Y100.615 E648.49733
G1 X111 Y103.847 E648.57795
G1 X109.446 Y105.395 E648.63267
G1 X109.104 Y105.723 E648.64449
G0 F12000 X109.1 Y106.266
;TYPE:WALL-OUTER
G1 F1800 X108.477 Y105.684 E648.66575
G1 X106.805 Y104.018 E648.72463
G1 X106.896 Y103.473 E648.73841
G1 X107.141 Y102.874 E648.75456
G1 X107.508 Y102.283 E648.77191
G1 X107.867 Y101.843 E648.78608
G1 X108.106 Y101.594 E648.79469
G1 X108.678 Y101.094 E648.81364
G1 X109.102 Y100.795 E648.82658
G1 X109.541 Y100.547 E648.83916
G1 X110.098 Y100.324 E648.85413
G1 X110.607 Y100.211 E648.86713
G1 X111.189 Y100.217 E648.88165
G1 X111.298 Y100.28 E648.88479
G1 X111.37 Y100.379 E648.88784
G1 X111.4 Y100.521 E648.89146
G1 X111.4 Y104.016 E648.97865
G1 X111.27 Y104.143 E648.98318
G1 X109.723 Y105.684 E649.03765
G1 X109.203 Y106.183 E649.05563
G1 X109.1 Y106.266 E649.05893
G0 F12000 X109.026 Y105.243
G1 F3900 E645.55893
G1 F600 Z6.95
G0 F12000 X109.097 Y105.169 Z6.95
G0 X128.6 Y115.8
G1 F600 Z6.75
G1 F3900 E649.05893
G1 F1800 X128.6 Y104.2 E649.34829
G1 X129.082 Y104.2 E649.36031
G1 X129.305 Y104.282 E649.36624
G1 X129.4 Y104.522 E649.37268
G1 X129.4 Y115.481 E649.64605
G1 X129.374 Y115.613 E649.64941
G1 X129.305 Y115.717 E649.65252
G1 X129.082 Y115.8 E649.65846
G1 X128.6 Y115.8 E649.67048
G0 F12000 X128.998 Y115.377
;TYPE:SKIN
G1 F3000 X128.998 Y115.094 E649.67782
G1 X128.998 Y104.911 E649.94183
G1 X128.872 Y104.472 E649.95367
G1 F3900 E646.45367
G0 F12000 X128.798 Y104.547
G0 X129.199 Y115.459
G1 F3900 E649.95367
G1 F3000 X129.064 Y115.594 E649.95605
G0 F12000 X129 Y115.404
G1 F3900 E646.45605
G1 F600 Z6.95
;MESH:NONMESH
G0 F12000 X129 Y115.4 Z6.95
G0 X109.101 Y115.441
;TIME_ELAPSED:949.926578
;LAYER:44
;MESH:filament_filter_idig3d.stl
G0 X109.101 Y115.441 Z7.1
;TYPE:FILL
G1 F600 Z6.9
G1 F3900 E649.95605
G1 F5400 X110.159 Y116.496 E650.00077
G1 X110.159 Y118.364 E650.05669
G1 X110.096 Y118.34 E650.05871
G1 X109.513 Y117.981 E650.0792
G1 X109.122 Y117.66 E650.09435
G1 X108.788 Y117.321 E650.10859
G1 X108.303 Y116.659 E650.13316
G1 X108.163 Y116.378 E650.14255
G1 X109.101 Y115.441 E650.18224
G1 F3900 E646.68224
G0 F12000 X110.599 Y118.961
;TYPE:WALL-INNER
G1 F3900 E650.18224
G1 F5400 X110.394 Y118.93 E650.18741
G1 X109.901 Y118.735 E650.20064
G1 X109.249 Y118.334 E650.21973
G1 X108.829 Y117.99 E650.23328
G1 X108.45 Y117.606 E650.24673
G1 X107.927 Y116.891 E650.26883
G1 X107.755 Y116.547 E650.27843
G1 X107.665 Y116.251 E650.28614
G1 X109.1 Y114.818 E650.33673
G1 X110.599 Y116.314 E650.38956
G1 X110.599 Y118.961 E650.45559
G0 F12000 X110.806 Y119.397
G1 F5400 X110.287 Y119.318 E650.46869
G1 X109.719 Y119.093 E650.48393
G1 X109.023 Y118.665 E650.50431
G1 X108.553 Y118.28 E650.51946
G1 X108.154 Y117.876 E650.53363
G1 X107.855 Y117.512 E650.54538
G1 X107.582 Y117.094 E650.55783
G1 X107.381 Y116.694 E650.569
G1 X107.23 Y116.196 E650.58198
G1 X107.223 Y116.127 E650.58371
G1 X109.1 Y114.252 E650.64989
G1 X110.999 Y116.148 E650.71683
G1 X110.999 Y119.384 E650.79755
G1 X110.806 Y119.397 E650.80238
G0 F12000 X110.786 Y119.799
;TYPE:WALL-OUTER
G1 F1800 X110.184 Y119.708 E650.81757
G1 X109.536 Y119.451 E650.83496
G1 X108.797 Y118.996 E650.8566
G1 X108.277 Y118.57 E650.87337
G1 X107.858 Y118.146 E650.88824
G1 X107.536 Y117.753 E650.90092
G1 X107.233 Y117.291 E650.9147
G1 X107.007 Y116.841 E650.92726
G1 X106.836 Y116.275 E650.94201
G1 X106.804 Y115.979 E650.94944
G1 X109.1 Y113.686 E651.03038
G1 X111.399 Y115.982 E651.11143
G1 X111.399 Y119.482 E651.19874
G1 X111.379 Y119.607 E651.2019
G1 X111.222 Y119.77 E651.20754
G1 X110.786 Y119.799 E651.21844
G0 F12000 X110.804 Y119.36
G0 X110.599 Y118.996
G1 F3900 E647.71844
G1 F600 Z7.1
G0 F12000 X110.599 Y118.962 Z7.1
G0 X110.159 Y111.859
G1 F600 Z6.9
G0 F12000 X109.431 Y108.633
;TYPE:FILL
G1 F3900 E651.21844
G1 F5400 X110.073 Y108.223 E651.24124
G1 X110.157 Y108.14 E651.24478
G1 X110.158 Y108.14 E651.24481
G1 X110.159 Y111.859 E651.35613
G1 X110.139 Y111.839 E651.35698
G1 X109.618 Y111.455 E651.37635
G1 X108.741 Y111.386 E651.40269
G1 X108.128 Y111.776 E651.42444
G1 X108.042 Y111.86 E651.42803
G1 X108.041 Y111.86 E651.42806
G1 X108.04 Y108.139 E651.53945
G1 X108.041 Y108.139 E651.53948
G1 X108.051 Y108.149 E651.5399
G1 X108.524 Y108.52 E651.5579
G1 X109.431 Y108.633 E651.58526
G1 F3900 E648.08526
G0 F12000 X109.744 Y109.744
G1 F3900 E651.58526
G1 F5400 X109.743 Y110.255 E651.60055
G1 X109.007 Y110.991 E651.63171
G1 X108.635 Y110.963 E651.64288
G1 X108.455 Y111.078 E651.64927
G1 X108.454 Y108.929 E651.7136
G1 X109.528 Y109.062 E651.746
G1 X109.744 Y108.924 E651.75367
G0 F12000 X108.995 Y108.995
G1 F5400 X109.744 Y109.744 E651.78538
G1 X109.814 Y109.814
G1 F3900 E648.28538
G0 F12000 X107.601 Y112.92
;TYPE:WALL-INNER
G1 F3900 E651.78538
G1 F5400 X107.601 Y112.438 E651.7974
G1 X107.6 Y107.559 E651.91911
G1 X107.6 Y107.079 E651.93108
G0 F12000 X107.939 Y107.417
G1 F5400 X108.34 Y107.817 E651.94521
G1 X108.7 Y108.098 E651.9566
G1 X109.328 Y108.177 E651.97239
G1 X109.799 Y107.875 E651.98635
G1 X110.267 Y107.413 E652.00275
G1 X110.598 Y107.082 E652.01443
G1 X110.599 Y112.439 E652.14806
G1 X110.599 Y112.92 E652.16006
G0 F12000 X110.259 Y112.58
G1 F5400 X109.852 Y112.174 E652.1744
G1 X109.459 Y111.884 E652.18658
G1 X108.851 Y111.837 E652.20179
G1 X108.403 Y112.122 E652.21504
G1 X108.166 Y112.354 E652.22331
G1 F3900 E648.72331
G0 F12000 X107.201 Y113.886
G1 F3900 E652.22331
G1 F5400 X107.201 Y113.405 E652.23531
G1 X107.2 Y106.595 E652.40519
G1 X107.2 Y106.114 E652.41719
G0 F12000 X107.54 Y106.453
G1 F5400 X108.605 Y107.517 E652.45474
G1 X108.859 Y107.715 E652.46277
G1 X109.234 Y107.762 E652.4722
G1 X109.548 Y107.561 E652.4815
G1 X109.985 Y107.129 E652.49683
G1 X110.658 Y106.455 E652.52059
G1 X110.998 Y106.115 E652.53258
G0 F12000 X110.998 Y106.596
G1 F5400 X110.999 Y113.405 E652.70243
G1 X110.999 Y113.886 E652.71443
G0 F12000 X110.659 Y113.546
G1 F5400 X109.59 Y112.478 E652.75213
G1 X109.314 Y112.274 E652.76069
G1 X108.953 Y112.246 E652.76972
G1 X108.653 Y112.437 E652.77859
G1 X108.448 Y112.638 E652.78575
G1 X107.541 Y113.546 E652.81777
G1 F3900 E649.31777
G0 F12000 X106.839 Y114.76
G1 F3900 E652.81777
G0 F12000 X106.801 Y114.852
;TYPE:WALL-OUTER
G1 F1800 X106.801 Y114.37 E652.82979
G1 X106.8 Y105.631 E653.04779
G1 X106.8 Y105.149 E653.05981
G0 F12000 X107.141 Y105.489
G1 F1800 X108.871 Y107.217 E653.1208
G1 X109.018 Y107.332 E653.12546
G1 X109.14 Y107.347 E653.12853
G1 X109.297 Y107.247 E653.13317
G1 X109.703 Y106.845 E653.14742
G1 X111.058 Y105.49 E653.19522
G1 X111.398 Y105.149 E653.20724
G0 F12000 X111.398 Y105.631
G1 F1800 X111.399 Y114.37 E653.42523
G1 X111.399 Y114.852 E653.43725
G0 F12000 X111.059 Y114.512
G1 F1800 X109.328 Y112.782 E653.4983
G1 X109.168 Y112.664 E653.50326
G1 X109.055 Y112.655 E653.50609
G1 X108.903 Y112.752 E653.51059
G1 X108.73 Y112.922 E653.51664
G1 X107.141 Y114.511 E653.57269
G1 F3900 E650.07269
G1 F600 Z7.1
G0 F12000 X109.101 Y104.559 Z7.1
G1 F600 Z6.9
G0 F12000 X109.87 Y101.783
;TYPE:FILL
G1 F3900 E653.57269
G1 F5400 X110.159 Y101.637 E653.58239
G1 X110.159 Y103.504 E653.63827
G1 X109.101 Y104.559 E653.683
G1 X108.175 Y103.635 E653.72216
G1 X108.253 Y103.431 E653.72869
G1 X108.515 Y103.014 E653.74344
G1 X108.803 Y102.658 E653.75714
G1 X108.864 Y102.594 E653.75979
G1 X109.214 Y102.262 E653.77423
G1 X109.87 Y101.783 E653.79855
G1 F3900 E650.29855
G0 F12000 X109.1 Y105.182
;TYPE:WALL-INNER
G1 F3900 E653.79855
G1 F5400 X107.661 Y103.745 E653.84927
G1 X107.856 Y103.237 E653.86285
G1 X108.153 Y102.76 E653.87686
G1 X108.473 Y102.368 E653.88949
G1 X108.55 Y102.285 E653.89231
G1 X108.933 Y101.922 E653.90548
G1 X109.634 Y101.41 E653.92713
G1 X110.075 Y101.187 E653.93946
G1 X110.567 Y101.03 E653.95234
G1 X110.599 Y101.028 E653.95314
G1 X110.599 Y103.686 E654.01944
G1 X109.1 Y105.182 E654.07227
G0 F12000 X109.1 Y105.748
G1 F5400 X107.232 Y103.882 E654.13814
G1 X107.281 Y103.588 E654.14557
G1 X107.5 Y103.052 E654.16001
G1 X107.827 Y102.527 E654.17544
G1 X108.167 Y102.11 E654.18886
G1 X108.27 Y101.998 E654.19266
G1 X108.674 Y101.616 E654.20653
G1 X109.426 Y101.067 E654.22976
G1 X109.922 Y100.816 E654.24362
G1 X110.492 Y100.634 E654.25855
G1 X110.999 Y100.605 E654.27122
G1 X110.999 Y103.852 E654.35221
G1 X109.1 Y105.748 E654.41915
G0 F12000 X109.1 Y106.314
;TYPE:WALL-OUTER
G1 F1800 X106.804 Y104.02 E654.50011
G1 X106.893 Y103.481 E654.51374
G1 X107.143 Y102.868 E654.53026
G1 X107.502 Y102.292 E654.54719
G1 X107.873 Y101.838 E654.56181
G1 X107.984 Y101.718 E654.56589
G1 X108.406 Y101.319 E654.58038
G1 X108.801 Y101.002 E654.59301
G1 X109.221 Y100.722 E654.6056
G1 X109.772 Y100.444 E654.621
G1 X110.417 Y100.238 E654.63789
G1 X111.08 Y100.2 E654.65445
G1 X111.297 Y100.28 E654.66022
G1 X111.369 Y100.379 E654.66328
G1 X111.399 Y100.521 E654.6669
G1 X111.398 Y103.71 E654.74645
G1 X111.4 Y104.017 E654.75411
G1 X109.1 Y106.314 E654.83519
G0 F12000 X109.018 Y105.265
G1 F3900 E651.33519
G1 F600 Z7.1
G0 F12000 X109.101 Y105.182 Z7.1
G0 X128.6 Y115.798
G1 F600 Z6.9
G1 F3900 E654.83519
G1 F1800 X128.6 Y104.201 E655.12448
G1 X129.204 Y104.22 E655.13955
G1 X129.369 Y104.378 E655.14525
G1 X129.4 Y104.525 E655.149
G1 X129.4 Y115.48 E655.42227
G1 X129.374 Y115.611 E655.4256
G1 X129.304 Y115.716 E655.42875
G1 X129.082 Y115.798 E655.43466
G1 X128.6 Y115.798 E655.44668
G0 F12000 X128.845 Y115.551
;TYPE:SKIN
G1 F3000 X128.968 Y115.392 E655.45175
G1 X128.999 Y113.442 E655.50092
G1 X128.999 Y104.674 E655.72198
G1 X129.11 Y104.503 E655.72712
G0 F12000 X129 Y104.614
G1 F3900 E652.22712
G1 F600 Z7.1
;MESH:NONMESH
G0 F12000 X129 Y104.614 Z7.1
G0 X109.098 Y115.454
;TIME_ELAPSED:958.596660
;LAYER:45
;MESH:filament_filter_idig3d.stl
G0 X109.098 Y115.454 Z7.25
;TYPE:FILL
G1 F600 Z7.05
G1 F3900 E655.72712
G1 F5400 X109.681 Y116.029 E655.75164
G1 X109.681 Y116.028 E655.75167
G1 X110.152 Y116.497 E655.77156
G1 X110.151 Y118.366 E655.82751
G1 X110.137 Y118.36 E655.82796
G1 X109.764 Y118.153 E655.84073
G1 X109.381 Y117.881 E655.8548
G1 X109.076 Y117.617 E655.86687
G1 X108.711 Y117.234 E655.88271
G1 X108.247 Y116.554 E655.90735
G1 X108.177 Y116.37 E655.91324
G1 X109.098 Y115.454 E655.95213
G1 F3900 E652.45213
G0 F12000 X110.591 Y118.961
;TYPE:WALL-INNER
G1 F3900 E655.95213
G1 F5400 X110.392 Y118.931 E655.95715
G1 X109.946 Y118.759 E655.96907
G1 X109.531 Y118.528 E655.98092
G1 X109.115 Y118.232 E655.99366
G1 X108.768 Y117.932 E656.0051
G1 X108.373 Y117.518 E656.01937
G1 X107.853 Y116.757 E656.04236
G1 X107.664 Y116.259 E656.05565
G1 X108.923 Y115.009 E656.09991
G1 X109.1 Y114.84 E656.10601
G1 X109.186 Y114.92 E656.10894
G1 X109.992 Y115.716 E656.1372
G1 X110.592 Y116.315 E656.15835
G1 X110.591 Y118.961 E656.22435
G0 F12000 X110.797 Y119.397
G1 F5400 X110.291 Y119.321 E656.23712
G1 X109.776 Y119.122 E656.25089
G1 X109.315 Y118.865 E656.26406
G1 X108.87 Y118.549 E656.27767
G1 X108.488 Y118.219 E656.29026
G1 X108.067 Y117.777 E656.30549
G1 X107.764 Y117.377 E656.31801
G1 X107.497 Y116.943 E656.33072
G1 X107.285 Y116.424 E656.3447
G1 X107.235 Y116.121 E656.35236
G1 X108.647 Y114.719 E656.402
G1 X109.095 Y114.292 E656.41744
G1 X109.467 Y114.635 E656.43006
G1 X110.275 Y115.433 E656.45839
G1 X110.992 Y116.149 E656.48366
G1 X110.991 Y119.385 E656.56439
G1 X110.797 Y119.397 E656.56924
G0 F12000 X110.781 Y119.799
;TYPE:WALL-OUTER
G1 F1800 X110.187 Y119.709 E656.58422
G1 X109.606 Y119.485 E656.59976
G1 X109.098 Y119.202 E656.61426
G1 X108.625 Y118.865 E656.62875
G1 X108.209 Y118.506 E656.64246
G1 X107.761 Y118.036 E656.65865
G1 X107.433 Y117.603 E656.6722
G1 X107.141 Y117.129 E656.68609
G1 X106.897 Y116.53 E656.70222
G1 X106.807 Y115.983 E656.71605
G1 X108.371 Y114.429 E656.77105
G1 X108.898 Y113.927 E656.78921
G1 X109.1 Y113.777 E656.79548
G1 X109.477 Y114.089 E656.80769
G1 X109.748 Y114.35 E656.81708
G1 X110.558 Y115.15 E656.84547
G1 X111.392 Y115.983 E656.87488
G1 X111.391 Y119.485 E656.96224
G1 X111.311 Y119.701 E656.96798
G1 X111.211 Y119.771 E656.97103
G1 X110.781 Y119.799 E656.98178
G0 F12000 X110.799 Y119.36
G0 X110.592 Y118.996
G1 F3900 E653.48178
G1 F600 Z7.25
G0 F12000 X110.592 Y118.963 Z7.25
G0 X110.154 Y111.954
G1 F600 Z7.05
G0 F12000 X108.991 Y111.521
;TYPE:FILL
G1 F3900 E656.98178
G1 F5400 X108.21 Y111.805 E657.00665
G1 X108.048 Y111.943 E657.01302
G1 X108.047 Y108.071 E657.12893
G1 X108.052 Y108.075 E657.12912
G1 X108.729 Y108.439 E657.15213
G1 X109.66 Y108.379 E657.18006
G1 X110.153 Y108.042 E657.19793
G1 X110.154 Y111.954 E657.31503
G1 X109.797 Y111.694 E657.32825
G1 X108.991 Y111.521 E657.35293
G0 F12000 X108.878 Y111.121
G1 F5400 X108.462 Y111.273 E657.36619
G1 X108.461 Y108.765 E657.44126
G1 X108.461 Y108.665
G1 F3900 E653.94126
G0 F12000 X109.739 Y109.739
G1 F3900 E657.44126
G1 F5400 X108.846 Y108.846 E657.47907
G1 X109.739 Y108.789 E657.50585
G1 X109.738 Y110.26 E657.54988
G1 X108.878 Y111.121 E657.58631
G1 X108.808 Y111.191
G1 F3900 E654.08631
G0 F12000 X107.608 Y112.932
;TYPE:WALL-INNER
G1 F3900 E657.58631
G1 F5400 X107.607 Y107.066 E657.73264
G1 X107.783 Y107.238 E657.73878
G1 X108.309 Y107.714 E657.75648
G1 X108.826 Y107.992 E657.77112
G1 X109.511 Y107.949 E657.78824
G1 X110.069 Y107.567 E657.80511
G1 X110.593 Y107.068 E657.82316
G0 F12000 X110.593 Y107.533
G1 F5400 X110.594 Y112.469 E657.94629
G1 X110.594 Y112.933 E657.95786
G0 F12000 X110.075 Y112.441
G1 F5400 X109.613 Y112.105 E657.97211
G1 X109.022 Y111.978 E657.98719
G1 X108.435 Y112.192 E658.00278
G1 X107.909 Y112.641 E658.02003
G1 X107.608 Y112.932 E658.03047
G1 F3900 E654.53047
G0 F12000 X107.208 Y113.889
G1 F3900 E658.03047
G1 F5400 X107.208 Y113.412 E658.04237
G1 X107.207 Y106.588 E658.2126
G1 X107.207 Y106.109 E658.22454
G0 F12000 X107.611 Y106.51
G1 F5400 X108.057 Y106.947 E658.24012
G1 X108.541 Y107.385 E658.2564
G1 X108.915 Y107.586 E658.26699
G1 X109.376 Y107.557 E658.27852
G1 X109.816 Y107.255 E658.29183
G1 X110.364 Y106.733 E658.31071
G1 X110.654 Y106.446 E658.32089
G1 X110.993 Y106.11 E658.33279
G0 F12000 X110.993 Y106.588
G1 F5400 X110.994 Y113.413 E658.50304
G1 X110.994 Y113.892 E658.51499
G0 F12000 X110.654 Y113.555
G1 F5400 X110.364 Y113.267 E658.52519
G1 X109.819 Y112.749 E658.54394
G1 X109.446 Y112.478 E658.55544
G1 X109.051 Y112.393 E658.56552
G1 X108.64 Y112.543 E658.57644
G1 X108.178 Y112.937 E658.59158
G1 X107.89 Y113.215 E658.60157
G1 X107.547 Y113.554 E658.6136
G1 F3900 E655.1136
G0 F12000 X106.846 Y114.76
G1 F3900 E658.6136
G0 F12000 X106.808 Y114.852
;TYPE:WALL-OUTER
G1 F1800 X106.808 Y114.37 E658.62562
G1 X106.807 Y105.627 E658.84372
G1 X106.807 Y105.147 E658.85569
G0 F12000 X107.147 Y105.485
G1 F1800 X107.892 Y106.225 E658.88188
G1 X108.331 Y106.656 E658.89723
G1 X108.773 Y107.056 E658.9121
G1 X109.004 Y107.18 E658.91864
G1 X109.24 Y107.165 E658.92454
G1 X109.563 Y106.943 E658.93432
G1 X110.085 Y106.446 E658.9523
G1 X111.071 Y105.47 E658.9869
G1 X111.393 Y105.148 E658.99826
G1 X111.394 Y114.372 E659.22836
G1 X111.394 Y114.852 E659.24033
G0 F12000 X111.054 Y114.514
G1 F1800 X110.085 Y113.554 E659.27436
G1 X109.562 Y113.057 E659.29235
G1 X109.279 Y112.851 E659.30109
G1 X109.08 Y112.808 E659.30616
G1 X108.845 Y112.894 E659.31241
G1 X108.447 Y113.234 E659.32546
G1 X108.169 Y113.501 E659.33508
G1 X107.355 Y114.306 E659.36364
G0 F12000 X107.208 Y114.436
G1 F3900 E655.86364
G1 F600 Z7.25
G0 F12000 X109.1 Y104.547 Z7.25
G1 F600 Z7.05
G0 F12000 X108.518 Y103.007
;TYPE:FILL
G1 F3900 E659.36364
G1 F5400 X108.979 Y102.477 E659.38466
G1 X109.39 Y102.113 E659.4011
G1 X110.086 Y101.666 E659.42586
G1 X110.152 Y101.64 E659.42798
G1 X110.153 Y103.505 E659.48381
G1 X109.687 Y103.967 E659.50345
G1 X109.1 Y104.547 E659.52815
G1 X108.177 Y103.63 E659.5671
G1 X108.251 Y103.438 E659.57326
G1 X108.518 Y103.007 E659.58844
G1 F3900 E656.08844
G0 F12000 X109.104 Y105.158
;TYPE:WALL-INNER
G1 F3900 E659.58844
G1 F5400 X108.932 Y105 E659.59426
G1 X107.663 Y103.74 E659.63887
G1 X107.856 Y103.24 E659.65224
G1 X108.161 Y102.749 E659.66666
G1 X108.668 Y102.164 E659.68597
G1 X109.124 Y101.762 E659.70114
G1 X109.882 Y101.274 E659.72362
G1 X110.356 Y101.085 E659.73635
G1 X110.592 Y101.033 E659.74238
G1 X110.593 Y103.686 E659.80856
G1 X109.997 Y104.279 E659.82953
G1 X109.188 Y105.078 E659.8579
G1 X109.104 Y105.158 E659.86079
G0 F12000 X109.109 Y105.705
G1 F5400 X108.65 Y105.284 E659.87633
G1 X107.234 Y103.878 E659.9261
G1 X107.284 Y103.579 E659.93367
G1 X107.499 Y103.056 E659.94777
G1 X107.83 Y102.523 E659.96342
G1 X108.049 Y102.243 E659.97229
G1 X108.392 Y101.874 E659.98486
G1 X108.874 Y101.449 E660.00089
G1 X109.314 Y101.136 E660.01436
G1 X109.708 Y100.912 E660.02566
G1 X110.238 Y100.701 E660.03989
G1 X110.648 Y100.611 E660.05036
G1 X110.992 Y100.614 E660.05895
G1 X110.993 Y103.851 E660.13969
G1 X110.278 Y104.564 E660.16488
G1 X109.469 Y105.363 E660.19325
G1 X109.109 Y105.705 E660.20563
G0 F12000 X109.099 Y106.224
;TYPE:WALL-OUTER
G1 F1800 X108.608 Y105.801 E660.2218
G1 X108.371 Y105.571 E660.23004
G1 X107.305 Y104.514 E660.26748
G1 X106.806 Y104.016 E660.28507
G1 X106.896 Y103.47 E660.29887
G1 X107.142 Y102.872 E660.315
G1 X107.502 Y102.292 E660.33203
G1 X107.741 Y101.987 E660.3417
G1 X108.116 Y101.584 E660.35543
G1 X108.624 Y101.136 E660.37233
G1 X109.097 Y100.799 E660.38681
G1 X109.534 Y100.55 E660.39936
G1 X110.119 Y100.317 E660.41507
G1 X110.606 Y100.211 E660.4275
G1 X111.176 Y100.216 E660.44172
G1 X111.29 Y100.28 E660.44498
G1 X111.362 Y100.378 E660.44801
G1 X111.392 Y100.522 E660.45168
G1 X111.393 Y104.017 E660.53887
G1 X110.559 Y104.849 E660.56825
G1 X109.75 Y105.648 E660.59662
G1 X109.302 Y106.073 E660.61202
G1 X109.099 Y106.224 E660.61833
G0 F12000 X109.033 Y105.226
G1 F3900 E657.11833
G1 F600 Z7.25
G0 F12000 X109.1 Y105.154 Z7.25
G0 X128.6 Y115.79
G1 F600 Z7.05
G1 F3900 E660.61833
G1 F1800 X128.6 Y104.209 E660.90722
G1 X129.119 Y104.214 E660.92017
G1 X129.309 Y104.297 E660.92534
G1 X129.4 Y104.53 E660.93158
G1 X129.4 Y115.472 E661.20453
G1 X129.307 Y115.704 E661.21076
G1 X129.085 Y115.79 E661.2167
G1 X128.6 Y115.79 E661.2288
G0 F12000 X128.998 Y115.377
;TYPE:SKIN
G1 F3000 X128.998 Y115.094 E661.23613
G1 X128.998 Y104.911 E661.49998
G1 X128.866 Y104.478 E661.51171
G1 F3900 E658.01171
G0 F12000 X128.798 Y104.547
G0 X129.182 Y115.476
G1 F3900 E661.51171
G1 F3000 X129.08 Y115.578 E661.51351
G0 F12000 X129 Y115.391
G1 F3900 E658.01351
G1 F600 Z7.25
;MESH:NONMESH
G0 F12000 X129 Y115.39 Z7.25
G0 X108.932 Y115.649
;TIME_ELAPSED:967.299233
;LAYER:46
;MESH:filament_filter_idig3d.stl
G0 X108.932 Y115.649 Z7.4
;TYPE:FILL
G1 F600 Z7.2
G1 F3900 E661.51351
G1 F5400 X109.1 Y115.492 E661.52039
G1 X109.26 Y115.643 E661.52698
G1 X110.037 Y116.4 E661.55945
G1 X110.137 Y116.5 E661.56369
G1 X110.137 Y118.36 E661.61936
G1 X109.752 Y118.147 E661.63253
G1 X109.422 Y117.916 E661.64459
G1 X109.069 Y117.611 E661.65856
G1 X108.707 Y117.231 E661.67427
G1 X108.255 Y116.569 E661.69826
G1 X108.179 Y116.388 E661.70414
G1 X108.496 Y116.075 E661.71747
G1 X108.932 Y115.649 E661.73572
G1 F3900 E658.23572
G0 F12000 X110.577 Y118.96
;TYPE:WALL-INNER
G1 F3900 E661.73572
G1 F5400 X110.394 Y118.932 E661.74034
G1 X109.954 Y118.762 E661.7521
G1 X109.526 Y118.524 E661.76432
G1 X109.143 Y118.254 E661.77601
G1 X108.763 Y117.928 E661.7885
G1 X108.367 Y117.512 E661.80283
G1 X107.863 Y116.777 E661.82506
G1 X107.665 Y116.295 E661.83806
G1 X107.662 Y116.279 E661.83846
G1 X108.187 Y115.76 E661.85688
G1 X108.626 Y115.333 E661.87215
G1 X109.101 Y114.891 E661.88834
G1 X109.137 Y114.921 E661.88951
G1 X109.57 Y115.329 E661.90435
G1 X110.382 Y116.122 E661.93266
G1 X110.577 Y116.316 E661.93952
G1 X110.577 Y118.96 E662.00548
G0 F12000 X110.785 Y119.397
G1 F5400 X110.29 Y119.32 E662.01797
G1 X109.784 Y119.125 E662.0315
G1 X109.308 Y118.86 E662.04509
G1 X108.9 Y118.572 E662.05755
G1 X108.485 Y118.216 E662.07119
G1 X108.065 Y117.775 E662.08638
G1 X107.756 Y117.366 E662.09917
G1 X107.507 Y116.962 E662.11101
G1 X107.28 Y116.411 E662.12587
G1 X107.225 Y116.148 E662.13257
G1 X107.908 Y115.473 E662.15653
G1 X108.347 Y115.046 E662.1718
G1 X108.916 Y114.517 E662.19118
G1 X109.112 Y114.383 E662.19711
G1 X109.406 Y114.624 E662.20659
G1 X109.85 Y115.043 E662.22182
G1 X110.661 Y115.837 E662.25013
G1 X110.977 Y116.15 E662.26123
G1 X110.977 Y119.384 E662.3419
G1 X110.785 Y119.397 E662.3467
G0 F12000 X110.767 Y119.799
;TYPE:WALL-OUTER
G1 F1800 X110.186 Y119.708 E662.36137
G1 X109.609 Y119.486 E662.37679
G1 X109.097 Y119.201 E662.39141
G1 X108.657 Y118.89 E662.40485
G1 X108.207 Y118.504 E662.41964
G1 X107.763 Y118.038 E662.43569
G1 X107.421 Y117.586 E662.44983
G1 X107.151 Y117.147 E662.46269
G1 X106.897 Y116.531 E662.47931
G1 X106.825 Y116.192 E662.48796
G1 X106.824 Y115.983 E662.49317
G1 X107.629 Y115.186 E662.52143
G1 X108.068 Y114.759 E662.5367
G1 X108.668 Y114.201 E662.55714
G1 X109.07 Y113.928 E662.56926
G1 X109.265 Y113.992 E662.57438
G1 X109.665 Y114.319 E662.58727
G1 X110.13 Y114.757 E662.60321
G1 X110.943 Y115.553 E662.63159
G1 X111.377 Y115.983 E662.64683
G1 X111.377 Y119.483 E662.73414
G1 X111.294 Y119.698 E662.73989
G1 X111.192 Y119.771 E662.74302
G1 X110.767 Y119.799 E662.75364
G0 F12000 X110.786 Y119.36
G0 X110.577 Y118.996
G1 F3900 E659.25364
G1 F600 Z7.4
G0 F12000 X110.577 Y118.96 Z7.4
G0 X110.138 Y112.054
G1 F600 Z7.2
G0 F12000 X108.629 Y108.258
;TYPE:FILL
G1 F3900 E662.75364
G1 F5400 X109.482 Y108.276 E662.77918
G1 X110.137 Y107.963 E662.80091
G1 X110.138 Y112.054 E662.92337
G1 X109.884 Y111.872 E662.93272
G1 X109.116 Y111.687 E662.95637
G1 X108.37 Y111.847 E662.97921
G1 X108.063 Y112.059 E662.99038
G1 X108.062 Y107.945 E663.11353
G1 X108.629 Y108.258 E663.13291
G0 F12000 X108.476 Y108.646
G1 F5400 X108.518 Y108.669 E663.13435
G1 X109.572 Y108.692 E663.16591
G1 X109.723 Y108.62 E663.17091
G1 F3900 E659.67091
G0 F12000 X108.671 Y108.671
G1 F3900 E663.17091
G1 F5400 X109.723 Y109.723 E663.21545
G1 X109.722 Y110.276 E663.232
G1 X108.632 Y111.367 E663.27817
G1 X108.477 Y111.401 E663.28292
G1 X108.476 Y108.646 E663.36538
G1 X108.476 Y108.546
G1 F3900 E659.86538
G0 F12000 X107.623 Y112.966
;TYPE:WALL-INNER
G1 F3900 E663.36538
G1 F5400 X107.622 Y107.474 E663.50238
G1 X107.622 Y107.038 E663.51326
G0 F12000 X108.136 Y107.483
G1 F5400 X108.747 Y107.82 E663.53066
G1 X109.387 Y107.834 E663.54663
G1 X109.961 Y107.561 E663.56249
G1 X110.577 Y107.039 E663.58263
G0 F12000 X110.577 Y107.469
G1 F5400 X110.578 Y112.967 E663.71978
G1 X110.289 Y112.702 E663.72956
G1 X109.697 Y112.279 E663.74771
G1 X109.109 Y112.138 E663.76279
G1 X108.549 Y112.259 E663.77708
G1 X107.935 Y112.682 E663.79568
G1 X107.623 Y112.966 E663.80621
G1 F3900 E660.30621
G0 F12000 X107.223 Y113.898
G1 F3900 E663.80621
G1 F5400 X107.223 Y113.429 E663.81791
G1 X107.222 Y106.569 E663.98903
G1 X107.222 Y106.102 E664.00068
G0 F12000 X107.559 Y106.425
G1 F5400 X107.878 Y106.731 E664.01171
G1 X108.366 Y107.153 E664.0278
G1 X108.854 Y107.422 E664.0417
G1 X109.301 Y107.432 E664.05285
G1 X109.742 Y107.222 E664.06504
G1 X110.319 Y106.733 E664.0839
G1 X110.686 Y106.384 E664.09654
G1 X110.977 Y106.102 E664.10665
G1 X110.978 Y113.429 E664.28942
G1 X110.978 Y113.899 E664.30114
G0 F12000 X110.518 Y113.454
G1 F5400 X110.037 Y113.013 E664.31742
G1 X109.528 Y112.65 E664.33302
G1 X109.104 Y112.548 E664.3439
G1 X108.711 Y112.633 E664.35393
G1 X108.184 Y112.996 E664.36989
G1 X107.73 Y113.409 E664.3852
G1 F3900 E660.8852
G0 F12000 X107.14 Y114.201
G1 F3900 E664.3852
G0 F12000 X106.823 Y114.855
;TYPE:WALL-OUTER
G1 F1800 X106.823 Y114.377 E664.39712
G1 X106.822 Y105.623 E664.61549
G1 X106.822 Y105.145 E664.62742
G0 F12000 X107.162 Y105.48
G1 F1800 X107.491 Y105.805 E664.63895
G1 X108.148 Y106.435 E664.66166
G1 X108.596 Y106.823 E664.67644
G1 X108.961 Y107.024 E664.68684
G1 X109.215 Y107.03 E664.69317
G1 X109.523 Y106.883 E664.70169
G1 X110.052 Y106.435 E664.71898
G1 X110.409 Y106.096 E664.73126
G1 X110.809 Y105.707 E664.74518
G1 X111.377 Y105.145 E664.76511
G0 F12000 X111.377 Y105.624
G1 F1800 X111.378 Y114.377 E664.98345
G1 X111.378 Y114.855 E664.99538
G0 F12000 X110.809 Y114.293
G1 F1800 X110.243 Y113.745 E665.01503
G1 X109.785 Y113.324 E665.03055
G1 X109.359 Y113.021 E665.04359
G1 X109.099 Y112.958 E665.05026
G1 X108.873 Y113.007 E665.05603
G1 X108.433 Y113.31 E665.06936
G1 X108.004 Y113.701 E665.08384
G1 X107.491 Y114.195 E665.1016
G1 X107.163 Y114.52 E665.11312
G1 F3900 E661.61312
G1 F600 Z7.4
G0 F12000 X109.102 Y104.507 Z7.4
G1 F600 Z7.2
G0 F12000 X110.137 Y101.665
;TYPE:FILL
G1 F3900 E665.11312
G1 F5400 X110.136 Y103.084 E665.1556
G1 X110.138 Y103.499 E665.16802
G1 X109.568 Y104.06 E665.19196
G1 X109.102 Y104.507 E665.21129
G1 X108.896 Y104.32 E665.21962
G1 X108.488 Y103.92 E665.23672
G1 X108.487 Y103.921 E665.23676
G1 X108.174 Y103.609 E665.24999
G1 X108.345 Y103.272 E665.26131
G1 X108.612 Y102.885 E665.27538
G1 X108.866 Y102.595 E665.28692
G1 X109.234 Y102.245 E665.30212
G1 X109.761 Y101.852 E665.3218
G1 X110.137 Y101.665 E665.33437
G1 F3900 E661.83437
G0 F12000 X109.102 Y105.102
;TYPE:WALL-INNER
G1 F3900 E665.33437
G1 F5400 X108.621 Y104.664 E665.3506
G1 X108.187 Y104.242 E665.3657
G1 X107.677 Y103.736 E665.38362
G1 X107.744 Y103.483 E665.39015
G1 X107.966 Y103.046 E665.40238
G1 X108.263 Y102.614 E665.41545
G1 X108.544 Y102.293 E665.4261
G1 X108.952 Y101.907 E665.44011
G1 X109.53 Y101.474 E665.45812
G1 X110.26 Y101.112 E665.47845
G1 X110.577 Y101.032 E665.4866
G1 X110.576 Y103.084 E665.53779
G1 X110.578 Y103.683 E665.55273
G1 X109.873 Y104.377 E665.57741
G1 X109.232 Y104.991 E665.59955
G1 X109.102 Y105.102 E665.60382
G0 F12000 X109.106 Y105.624
G1 F5400 X108.693 Y105.282 E665.61719
G1 X108.342 Y104.951 E665.62923
G1 X107.908 Y104.529 E665.64433
G1 X107.232 Y103.858 E665.66809
G1 X107.368 Y103.339 E665.68147
G1 X107.622 Y102.839 E665.69546
G1 X107.942 Y102.374 E665.70954
G1 X108.26 Y102.01 E665.7216
G1 X108.691 Y101.603 E665.73639
G1 X109.313 Y101.137 E665.75577
G1 X109.719 Y100.906 E665.76743
G1 X110.132 Y100.732 E665.7786
G1 X110.577 Y100.619 E665.79006
G1 X110.977 Y100.604 E665.80004
G1 X110.976 Y103.084 E665.86191
G1 X110.978 Y103.85 E665.88101
G1 X110.15 Y104.666 E665.91001
G1 X109.503 Y105.286 E665.93237
G1 X109.106 Y105.624 E665.94537
G0 F12000 X109.133 Y106.071
;TYPE:WALL-OUTER
G1 F1800 X108.961 Y106.023 E665.94983
G1 X108.422 Y105.577 E665.96728
G1 X108.067 Y105.242 E665.97945
G1 X107.629 Y104.814 E665.99473
G1 X106.823 Y104.016 E666.02302
G1 X106.838 Y103.712 E666.03062
G1 X106.996 Y103.188 E666.04427
G1 X107.275 Y102.638 E666.05965
G1 X107.63 Y102.123 E666.07526
G1 X107.97 Y101.733 E666.08816
G1 X108.43 Y101.298 E666.10396
G1 X109.096 Y100.8 E666.1247
G1 X109.541 Y100.547 E666.13747
G1 X110.004 Y100.352 E666.15
G1 X110.52 Y100.221 E666.16328
G1 X111.054 Y100.2 E666.17661
G1 X111.273 Y100.281 E666.18244
G1 X111.346 Y100.381 E666.18553
G1 X111.377 Y100.52 E666.18908
G1 X111.376 Y103.084 E666.25304
G1 X111.378 Y104.017 E666.27631
G1 X110.427 Y104.955 E666.30963
G1 X109.778 Y105.577 E666.33206
G1 X109.363 Y105.937 E666.34576
G1 X109.133 Y106.071 E666.3524
G0 F12000 X109.12 Y105.584
G0 X109.063 Y105.07
G1 F3900 E662.8524
G1 F600 Z7.4
G0 F12000 X109.064 Y105.07 Z7.4
G0 X128.6 Y115.778
G1 F600 Z7.2
G1 F3900 E666.3524
G1 F1800 X128.6 Y104.221 E666.64069
G1 X129.214 Y104.25 E666.65602
G1 X129.375 Y104.414 E666.66176
G1 X129.4 Y104.548 E666.66516
G1 X129.4 Y115.455 E666.93723
G1 X129.309 Y115.687 E666.94345
G1 X129.08 Y115.778 E666.9496
G1 X128.6 Y115.778 E666.96157
G0 F12000 X128.835 Y115.541
;TYPE:SKIN
G1 F3000 X128.96 Y115.383 E666.96663
G1 X128.999 Y114.008 E667.00119
G1 X128.999 Y104.674 E667.23568
G1 X129.124 Y104.517 E667.24072
G0 F12000 X129 Y104.642
G1 F3900 E663.74072
G1 F600 Z7.4
;MESH:NONMESH
G0 F12000 X129 Y104.642 Z7.4
G0 X108.619 Y115.99
;TIME_ELAPSED:975.890087
;LAYER:47
;MESH:filament_filter_idig3d.stl
G0 X108.619 Y115.99 Z7.55
G1 F600 Z7.35
G0 F12000 X110.114 Y118.331
;TYPE:FILL
G1 F3900 E667.24072
G1 F5400 X109.531 Y117.994 E667.26088
G1 X109.119 Y117.658 E667.27679
G1 X108.517 Y116.987 E667.30378
G1 X108.255 Y116.574 E667.31842
G1 X108.189 Y116.408 E667.32377
G1 X108.619 Y115.99 E667.34172
G1 X108.988 Y115.647 E667.3568
G1 X109.1 Y115.549 E667.36125
G1 X109.326 Y115.752 E667.37035
G1 X109.804 Y116.206 E667.39008
G1 X110.113 Y116.508 E667.40301
G1 X110.114 Y118.331 E667.45758
G0 F12000 X110.554 Y118.957
;TYPE:WALL-INNER
G1 F5400 X110.063 Y118.811 E667.47036
G1 X109.283 Y118.359 E667.49285
G1 X108.81 Y117.973 E667.50808
G1 X108.166 Y117.257 E667.5321
G1 X107.861 Y116.773 E667.54637
G1 X107.671 Y116.299 E667.55911
G1 X108.302 Y115.685 E667.58107
G1 X108.691 Y115.322 E667.59435
G1 X109.069 Y114.993 E667.60685
G1 X109.249 Y115.091 E667.61196
G1 X109.621 Y115.425 E667.62443
G1 X110.114 Y115.892 E667.64137
G1 X110.553 Y116.32 E667.65666
G1 X110.554 Y118.957 E667.72244
G0 F12000 X110.407 Y119.348
G1 F5400 X109.907 Y119.18 E667.7356
G1 X109.447 Y118.945 E667.74849
G1 X109.047 Y118.683 E667.76041
G1 X108.546 Y118.274 E667.77655
G1 X108.178 Y117.905 E667.78955
G1 X107.844 Y117.495 E667.80274
G1 X107.503 Y116.954 E667.81869
G1 X107.284 Y116.421 E667.83307
G1 X107.246 Y116.154 E667.83979
G1 X108.023 Y115.398 E667.86684
G1 X108.428 Y115.02 E667.88066
G1 X108.823 Y114.676 E667.89372
G1 X109.097 Y114.495 E667.90191
G1 X109.495 Y114.774 E667.91404
G1 X109.888 Y115.127 E667.92722
G1 X110.393 Y115.606 E667.94458
G1 X110.953 Y116.152 E667.96409
G1 X110.954 Y119.387 E668.04479
G1 X110.407 Y119.348 E668.05847
G0 F12000 X110.317 Y119.74
;TYPE:WALL-OUTER
G1 F1800 X109.753 Y119.55 E668.07331
G1 X109.243 Y119.29 E668.08759
G1 X108.811 Y119.007 E668.10047
G1 X108.282 Y118.575 E668.11751
G1 X107.877 Y118.169 E668.13182
G1 X107.522 Y117.733 E668.14584
G1 X107.145 Y117.135 E668.16348
G1 X106.896 Y116.529 E668.17982
G1 X106.846 Y116.229 E668.18741
G1 X106.846 Y115.985 E668.19349
G1 X107.744 Y115.111 E668.22475
G1 X108.165 Y114.718 E668.23912
G1 X108.577 Y114.359 E668.25275
G1 X108.958 Y114.108 E668.26413
G1 X109.095 Y114.075 E668.26765
G1 X109.324 Y114.148 E668.27364
G1 X109.755 Y114.47 E668.28706
G1 X110.155 Y114.829 E668.30047
G1 X110.671 Y115.319 E668.31822
G1 X111.103 Y115.738 E668.33323
G1 X111.353 Y115.984 E668.34198
G1 X111.354 Y119.483 E668.42926
G1 X111.272 Y119.696 E668.43496
G1 X111.164 Y119.771 E668.43824
G1 X110.811 Y119.8 E668.44707
G1 X110.317 Y119.74 E668.45949
G0 F12000 X110.414 Y119.311
G0 X110.531 Y118.956
G1 F3900 E664.95949
G1 F600 Z7.55
G0 F12000 X110.531 Y118.956 Z7.55
G0 X110.114 Y112.155
G0 X109.64 Y111.925
;TYPE:FILL
G1 F600 Z7.35
G1 F3900 E668.45949
G1 F5400 X108.961 Y111.848 E668.47994
G1 X108.179 Y112.078 E668.50434
G1 X108.088 Y112.141 E668.50766
G1 X108.087 Y112.141 E668.50769
G1 X108.086 Y107.85 E668.63613
G1 X108.256 Y107.961 E668.64221
G1 X109.029 Y108.162 E668.66612
G1 X109.858 Y108.001 E668.6914
G1 X110.113 Y107.843 E668.70038
G1 X110.113 Y107.844 E668.70041
G1 X110.114 Y112.155 E668.82945
G1 X109.64 Y111.925 E668.84522
G1 F3900 E665.34522
G0 F12000 X109.699 Y110.3
G1 F3900 E668.84522
G1 F5400 X109.699 Y109.699 E668.86321
G1 X108.499 Y108.499 E668.91401
G1 X108.5 Y108.452
G1 X108.501 Y111.498 E669.00519
G1 X109.699 Y110.3 E669.05591
G1 X109.769 Y110.23
G1 F3900 E665.55591
G0 F12000 X107.647 Y113.011
;TYPE:WALL-INNER
G1 F3900 E669.05591
G1 F5400 X107.646 Y106.986 E669.2062
G1 X107.872 Y107.181 E669.21365
G1 X108.437 Y107.554 E669.23054
G1 X109.045 Y107.711 E669.2462
G1 X109.693 Y107.586 E669.26266
G1 X110.252 Y107.239 E669.27908
G1 X110.553 Y106.983 E669.28893
G1 X110.554 Y112.599 E669.42902
G1 X110.554 Y113.006 E669.43918
G0 F12000 X110.044 Y112.61
G1 F5400 X109.515 Y112.355 E669.45383
G1 X108.998 Y112.295 E669.46681
G1 X108.371 Y112.48 E669.48312
G1 X107.779 Y112.896 E669.50117
G1 X107.647 Y113.011 E669.50553
G0 F12000 X107.247 Y113.916
G1 F5400 X107.247 Y113.457 E669.51698
G1 X107.246 Y106.542 E669.68948
G1 X107.246 Y106.083 E669.70093
G0 F12000 X107.678 Y106.486
G1 F5400 X108.114 Y106.861 E669.71527
G1 X108.602 Y107.183 E669.72986
G1 X109.058 Y107.301 E669.74161
G1 X109.545 Y107.207 E669.75398
G1 X110.016 Y106.915 E669.7678
G1 X110.559 Y106.452 E669.7856
G1 X110.953 Y106.085 E669.79904
G1 X110.954 Y113.918 E669.99443
G1 X110.701 Y113.677 E670.00315
G1 X110.297 Y113.313 E670.01671
G1 X109.832 Y112.952 E670.0314
G1 X109.402 Y112.745 E670.0433
G1 X109.033 Y112.702 E670.05257
G1 X108.547 Y112.845 E670.06521
G1 X108.026 Y113.211 E670.08109
G1 X107.676 Y113.515 E670.09265
G1 F3900 E666.59265
G0 F12000 X106.885 Y114.765
G1 F3900 E670.09265
G0 F12000 X106.847 Y114.857
;TYPE:WALL-OUTER
G1 F1800 X106.847 Y114.385 E670.10443
G1 X106.846 Y105.614 E670.32322
G1 X106.846 Y105.14 E670.33504
G0 F12000 X107.251 Y105.535
G1 F1800 X107.561 Y105.831 E670.34574
G1 X107.945 Y106.188 E670.35882
G1 X108.355 Y106.541 E670.37231
G1 X108.767 Y106.812 E670.38461
G1 X109.071 Y106.891 E670.39245
G1 X109.397 Y106.828 E670.40073
G1 X109.78 Y106.591 E670.41197
G1 X110.293 Y106.153 E670.42879
G1 X110.707 Y105.767 E670.44291
G1 X110.949 Y105.535 E670.45128
G1 X111.353 Y105.141 E670.46535
G0 F12000 X111.353 Y105.615
G1 F1800 X111.354 Y114.386 E670.68415
G1 X111.354 Y114.86 E670.69597
G0 F12000 X110.949 Y114.465
G1 F1800 X110.429 Y113.971 E670.71386
G1 X110.04 Y113.62 E670.72693
G1 X109.62 Y113.294 E670.74019
G1 X109.289 Y113.135 E670.74935
G1 X109.067 Y113.109 E670.75493
G1 X108.723 Y113.21 E670.76387
G1 X108.273 Y113.526 E670.77759
G1 X107.944 Y113.812 E670.78846
G1 X107.561 Y114.169 E670.80152
G1 X107.251 Y114.465 E670.81222
G1 F3900 E667.31222
G1 F600 Z7.55
G0 F12000 X109.098 Y104.45 Z7.55
G0 X108.6 Y103.993
;TYPE:FILL
G1 F600 Z7.35
G1 F3900 E670.81222
G1 F5400 X108.183 Y103.586 E670.82966
G1 X108.352 Y103.259 E670.84068
G1 X108.613 Y102.88 E670.85445
G1 X108.849 Y102.609 E670.86521
G1 X109.398 Y102.107 E670.88748
G1 X109.751 Y101.854 E670.90048
G1 X110.113 Y101.676 E670.91255
G1 X110.114 Y103.494 E670.96697
G1 X109.82 Y103.78 E670.97925
G1 X109.33 Y104.244 E670.99945
G1 X109.098 Y104.45 E671.00874
G1 X108.98 Y104.347 E671.01343
G1 X108.981 Y104.346 E671.01347
G1 X108.601 Y103.992 E671.02902
G1 X108.6 Y103.993 E671.02906
G1 F3900 E667.52906
G0 F12000 X109.092 Y105.024
;TYPE:WALL-INNER
G1 F3900 E671.02906
G1 F5400 X109.066 Y105.006 E671.02985
G1 X108.688 Y104.676 E671.04236
G1 X108.302 Y104.315 E671.05555
G1 X107.671 Y103.7 E671.07753
G1 X107.739 Y103.49 E671.08303
G1 X107.97 Y103.038 E671.0957
G1 X108.265 Y102.612 E671.10862
G1 X108.54 Y102.295 E671.11909
G1 X109.116 Y101.768 E671.13857
G1 X109.525 Y101.476 E671.1511
G1 X110.257 Y101.113 E671.17148
G1 X110.553 Y101.044 E671.17906
G1 X110.554 Y103.679 E671.2448
G1 X110.122 Y104.1 E671.25984
G1 X109.626 Y104.57 E671.27689
G1 X109.176 Y104.971 E671.29192
G1 X109.092 Y105.024 E671.2944
G0 F12000 X109.083 Y105.503
G1 F5400 X108.821 Y105.323 E671.30233
G1 X108.425 Y104.978 E671.31543
G1 X108.023 Y104.602 E671.32916
G1 X107.256 Y103.855 E671.35587
G1 X107.268 Y103.645 E671.36112
G1 X107.367 Y103.339 E671.36914
G1 X107.628 Y102.829 E671.38343
G1 X107.946 Y102.37 E671.39736
G1 X108.254 Y102.015 E671.40908
G1 X108.864 Y101.457 E671.42971
G1 X109.313 Y101.136 E671.44347
G1 X109.706 Y100.912 E671.45476
G1 X110.137 Y100.73 E671.46643
G1 X110.649 Y100.611 E671.47954
G1 X110.953 Y100.614 E671.48713
G1 X110.954 Y103.847 E671.56777
G1 X110.397 Y104.39 E671.58718
G1 X109.892 Y104.869 E671.60454
G1 X109.418 Y105.291 E671.62037
G1 X109.083 Y105.503 E671.63026
G0 F12000 X109.112 Y105.925
;TYPE:WALL-OUTER
G1 F1800 X108.912 Y105.871 E671.63543
G1 X108.577 Y105.641 E671.64556
G1 X108.162 Y105.279 E671.6593
G1 X107.744 Y104.889 E671.67356
G1 X106.846 Y104.015 E671.70482
G1 X106.872 Y103.57 E671.71594
G1 X106.997 Y103.185 E671.72604
G1 X107.286 Y102.62 E671.74187
G1 X107.63 Y102.123 E671.75695
G1 X107.964 Y101.739 E671.76964
G1 X108.612 Y101.146 E671.79155
G1 X109.094 Y100.801 E671.80634
G1 X109.534 Y100.55 E671.81898
G1 X110.009 Y100.35 E671.83183
G1 X110.607 Y100.21 E671.84715
G1 X111.129 Y100.216 E671.86017
G1 X111.25 Y100.283 E671.86362
G1 X111.322 Y100.378 E671.8666
G1 X111.353 Y100.523 E671.8703
G1 X111.354 Y104.015 E671.95741
G1 X110.672 Y104.68 E671.98117
G1 X110.158 Y105.168 E671.99885
G1 X109.676 Y105.597 E672.01494
G1 X109.363 Y105.829 E672.02466
G1 X109.112 Y105.925 E672.03137
G0 F12000 X109.09 Y105.486
G0 X109.035 Y104.981
G1 F3900 E668.53137
G1 F600 Z7.55
G0 F12000 X109.036 Y104.981 Z7.55
G0 X128.6 Y115.757
G1 F600 Z7.35
G1 F3900 E672.03137
G1 F1800 X128.6 Y104.244 E672.31856
G1 X129.214 Y104.273 E672.33389
G1 X129.375 Y104.44 E672.33968
G1 X129.4 Y104.572 E672.34303
G1 X129.4 Y115.431 E672.61391
G1 X129.309 Y115.664 E672.62015
G1 X129.08 Y115.754 E672.62629
G1 X128.6 Y115.757 E672.63826
G0 F12000 X129.009 Y115.365
;TYPE:SKIN
G1 F3000 X128.999 Y115.093 E672.64529
G1 X128.999 Y104.911 E672.90838
G1 X128.843 Y104.501 E672.91971
G0 F12000 X128.995 Y104.663
G1 F3900 E669.41971
G1 F600 Z7.55
;MESH:NONMESH
G0 F12000 X129 Y104.663 Z7.55
G0 X108.503 Y116.153
;TIME_ELAPSED:983.777418
;LAYER:48
;MESH:filament_filter_idig3d.stl
G0 X108.503 Y116.153 Z7.7
G1 F600 Z7.5
G0 F12000 X110.074 Y118.33
;TYPE:FILL
G1 F3900 E672.91971
G1 F5400 X109.754 Y118.148 E672.93073
G1 X109.372 Y117.875 E672.94478
G1 X109.055 Y117.598 E672.95739
G1 X108.707 Y117.231 E672.97253
G1 X108.421 Y116.849 E672.98681
G1 X108.261 Y116.586 E672.99602
G1 X108.207 Y116.432 E673.00091
G1 X108.503 Y116.153 E673.01309
G1 X108.875 Y115.814 E673.02815
G1 X109.107 Y115.639 E673.03685
G1 X109.21 Y115.714 E673.04066
G1 X109.679 Y116.136 E673.05955
G1 X110.079 Y116.515 E673.07604
G1 X110.08 Y118.332 E673.13044
G1 X110.074 Y118.33 E673.13062
G0 F12000 X110.52 Y118.953
;TYPE:WALL-INNER
G1 F5400 X110.403 Y118.934 E673.13358
G1 X109.883 Y118.728 E673.14753
G1 X109.523 Y118.524 E673.15786
G1 X109.1 Y118.22 E673.17085
G1 X108.751 Y117.917 E673.18238
G1 X108.369 Y117.514 E673.19623
G1 X108.062 Y117.105 E673.20899
G1 X107.857 Y116.765 E673.21889
G1 X107.698 Y116.308 E673.23096
G1 X108.205 Y115.828 E673.24838
G1 X108.593 Y115.475 E673.26146
G1 X109.102 Y115.091 E673.27737
G1 X109.493 Y115.377 E673.28945
G1 X109.984 Y115.819 E673.30593
G1 X110.519 Y116.326 E673.32432
G1 X110.52 Y118.953 E673.38985
G0 F12000 X110.727 Y119.393
G1 F5400 X110.295 Y119.322 E673.40077
G1 X109.713 Y119.091 E673.41639
G1 X109.307 Y118.861 E673.42803
G1 X108.853 Y118.535 E673.44197
G1 X108.475 Y118.207 E673.45446
G1 X108.061 Y117.77 E673.46947
G1 X107.729 Y117.328 E673.48326
G1 X107.5 Y116.948 E673.49433
G1 X107.312 Y116.498 E673.50649
G1 X107.282 Y116.152 E673.51516
G1 X107.547 Y115.898 E673.52431
G1 X107.936 Y115.532 E673.53764
G1 X108.324 Y115.179 E673.55072
G1 X108.723 Y114.846 E673.56369
G1 X109.089 Y114.638 E673.57419
G1 X109.207 Y114.672 E673.57725
G1 X109.746 Y115.066 E673.59391
G1 X110.258 Y115.527 E673.61109
G1 X110.528 Y115.78 E673.62032
G1 X110.919 Y116.155 E673.63384
G1 X110.92 Y119.382 E673.71433
G1 X110.727 Y119.393 E673.71916
G0 F12000 X110.701 Y119.795
;TYPE:WALL-OUTER
G1 F1800 X110.189 Y119.71 E673.7321
G1 X109.541 Y119.453 E673.74949
G1 X109.091 Y119.198 E673.76239
G1 X108.606 Y118.85 E673.77728
G1 X108.199 Y118.497 E673.79072
G1 X107.753 Y118.026 E673.80691
G1 X107.396 Y117.551 E673.82173
G1 X107.143 Y117.131 E673.83396
G1 X106.92 Y116.596 E673.84842
G1 X106.883 Y116.215 E673.85797
G1 X106.881 Y115.984 E673.86373
G1 X107.273 Y115.607 E673.8773
G1 X107.667 Y115.236 E673.8908
G1 X108.055 Y114.883 E673.90388
G1 X108.489 Y114.521 E673.91798
G1 X108.885 Y114.274 E673.92962
G1 X109.101 Y114.225 E673.93515
G1 X109.387 Y114.308 E673.94257
G1 X109.999 Y114.755 E673.96148
G1 X110.532 Y115.235 E673.97937
G1 X110.805 Y115.491 E673.98871
G1 X111.319 Y115.984 E674.00647
G1 X111.32 Y119.482 E674.09373
G1 X111.236 Y119.696 E674.09947
G1 X111.127 Y119.771 E674.10277
G1 X110.701 Y119.795 E674.11341
G0 F12000 X110.724 Y119.356
G0 X110.519 Y118.996
G1 F3900 E670.61341
G1 F600 Z7.7
G0 F12000 X110.519 Y118.954 Z7.7
G0 X110.08 Y112.259
G1 F600 Z7.5
G0 F12000 X108.266 Y112.17
;TYPE:FILL
G1 F3900 E674.11341
G1 F5400 X108.122 Y112.259 E674.11848
G1 X108.121 Y112.258 E674.11852
G1 X108.12 Y107.751 E674.25343
G1 X108.188 Y107.794 E674.25584
G1 X109.001 Y108.007 E674.281
G1 X109.834 Y107.868 E674.30628
G1 X110.079 Y107.734 E674.31464
G1 X110.08 Y112.259 E674.45009
G1 X109.933 Y112.17 E674.45523
G1 X109.1 Y111.993 E674.48073
G1 X108.266 Y112.17 E674.50625
G0 F12000 X108.534 Y111.464
G1 F5400 X108.534 Y108.313 E674.60057
G1 X108.533 Y108.533
G1 X109.665 Y109.665 E674.64849
G1 X109.664 Y110.334 E674.66852
G1 X108.534 Y111.464 E674.71635
G1 X108.464 Y111.534
G1 F3900 E671.21635
G0 F12000 X107.681 Y113.066
;TYPE:WALL-INNER
G1 F3900 E674.71635
G1 F5400 X107.68 Y106.933 E674.86934
G1 X107.772 Y107.009 E674.87232
G1 X108.366 Y107.385 E674.88985
G1 X109.022 Y107.558 E674.90678
G1 X109.688 Y107.446 E674.92362
G1 X110.251 Y107.138 E674.93963
G1 X110.519 Y106.922 E674.94822
G1 X110.52 Y113.067 E675.10151
G1 X110.425 Y112.988 E675.10459
G1 X109.768 Y112.583 E675.12384
G1 X109.1 Y112.441 E675.14088
G1 X108.432 Y112.583 E675.15791
G1 X107.775 Y112.988 E675.17717
G1 X107.681 Y113.066 E675.18021
G0 F12000 X107.281 Y113.939
G1 F5400 X107.28 Y106.06 E675.37676
G1 X107.526 Y106.284 E675.38505
G1 X108.008 Y106.685 E675.40069
G1 X108.528 Y107.014 E675.41604
G1 X109.041 Y107.149 E675.42928
G1 X109.555 Y107.063 E675.44228
G1 X110.028 Y106.804 E675.45573
G1 X110.671 Y106.286 E675.47633
G1 X110.919 Y106.061 E675.48468
G1 X110.92 Y113.94 E675.68122
G1 X110.674 Y113.716 E675.68952
G1 X110.191 Y113.314 E675.7052
G1 X109.617 Y112.96 E675.72202
G1 X109.1 Y112.85 E675.7352
G1 X108.583 Y112.96 E675.74839
G1 X108.009 Y113.314 E675.76521
G1 X107.526 Y113.716 E675.78089
G1 X107.281 Y113.939 E675.78915
G1 F3900 E672.28915
G0 F12000 X106.92 Y114.772
G1 F3900 E675.78915
G0 F12000 X106.881 Y114.863
;TYPE:WALL-OUTER
G1 F1800 X106.881 Y114.399 E675.80073
G1 X106.88 Y105.601 E676.02019
G1 X106.88 Y105.136 E676.03179
G0 F12000 X107.395 Y105.624
G1 F1800 X107.789 Y105.982 E676.04507
G1 X108.244 Y106.361 E676.05984
G1 X108.689 Y106.643 E676.07299
G1 X109.06 Y106.74 E676.08255
G1 X109.422 Y106.68 E676.09171
G1 X109.805 Y106.47 E676.1026
G1 X110.411 Y105.982 E676.12201
G1 X110.805 Y105.624 E676.13529
G1 X111.319 Y105.137 E676.15295
G0 F12000 X111.319 Y105.601
G1 F1800 X111.32 Y114.399 E676.37242
G1 X111.32 Y114.864 E676.38402
G0 F12000 X110.805 Y114.376
G1 F1800 X110.411 Y114.018 E676.3973
G1 X109.957 Y113.64 E676.41204
G1 X109.466 Y113.337 E676.42643
G1 X109.1 Y113.259 E676.43576
G1 X108.734 Y113.337 E676.4451
G1 X108.243 Y113.64 E676.45949
G1 X107.789 Y114.018 E676.47423
G1 X107.395 Y114.376 E676.48751
G0 F12000 X107.281 Y114.478
G1 F3900 E672.98751
G1 F600 Z7.7
G0 F12000 X109.098 Y104.377 Z7.7
G0 X109.47 Y104.055
;TYPE:FILL
G1 F600 Z7.5
G1 F3900 E676.48751
G1 F5400 X109.098 Y104.377 E676.50223
G1 X109.079 Y104.363 E676.50294
G1 X108.659 Y103.992 E676.51972
G1 X108.417 Y103.768 E676.52959
G1 X108.2 Y103.563 E676.53852
G1 X108.25 Y103.44 E676.5425
G1 X108.515 Y103.013 E676.55754
G1 X108.804 Y102.66 E676.5712
G1 X109.488 Y102.035 E676.59893
G1 X109.859 Y101.788 E676.61227
G1 X110.08 Y101.675 E676.6197
G1 X110.08 Y103.486 E676.67391
G1 X109.96 Y103.601 E676.67889
G1 X109.47 Y104.055 E676.69889
G0 F12000 X109.093 Y104.919
;TYPE:WALL-INNER
G1 F5400 X108.802 Y104.705 E676.7079
G1 X108.366 Y104.321 E676.72239
G1 X108.209 Y104.176 E676.72772
G1 X107.829 Y103.817 E676.74076
G1 X107.691 Y103.652 E676.74613
G1 X107.857 Y103.237 E676.75728
G1 X108.158 Y102.753 E676.77149
G1 X108.481 Y102.359 E676.7842
G1 X109.215 Y101.688 E676.80901
G1 X109.631 Y101.41 E676.82149
G1 X110.061 Y101.192 E676.83352
G1 X110.52 Y101.046 E676.84553
G1 X110.52 Y103.673 E676.91106
G1 X110.26 Y103.922 E676.92004
G1 X109.763 Y104.385 E676.93699
G1 X109.313 Y104.773 E676.95181
G1 X109.093 Y104.919 E676.9584
G0 F12000 X109.089 Y105.356
G1 F5400 X108.926 Y105.292 E676.96276
G1 X108.553 Y105.018 E676.97431
G1 X108.095 Y104.615 E676.98953
G1 X107.938 Y104.47 E676.99486
G1 X107.551 Y104.105 E677.00813
G1 X107.286 Y103.849 E677.01732
G1 X107.293 Y103.57 E677.02428
G1 X107.497 Y103.058 E677.03803
G1 X107.834 Y102.518 E677.05391
G1 X108.184 Y102.09 E677.0677
G1 X108.56 Y101.714 E677.08096
G1 X108.973 Y101.37 E677.09437
G1 X109.435 Y101.061 E677.10824
G1 X109.906 Y100.822 E677.12141
G1 X110.493 Y100.635 E677.13678
G1 X110.92 Y100.603 E677.14746
G1 X110.92 Y103.844 E677.22831
G1 X110.533 Y104.215 E677.24168
G1 X110.036 Y104.678 E677.25863
G1 X109.556 Y105.091 E677.27442
G1 X109.185 Y105.337 E677.28553
G1 X109.089 Y105.356 E677.28797
G0 F12000 X109.051 Y105.771
;TYPE:WALL-OUTER
G1 F1800 X108.734 Y105.647 E677.29646
G1 X108.304 Y105.331 E677.30977
G1 X107.824 Y104.909 E677.32571
G1 X107.667 Y104.764 E677.33104
G1 X107.273 Y104.393 E677.34454
G1 X106.881 Y104.015 E677.35813
G1 X106.895 Y103.487 E677.3713
G1 X107.138 Y102.878 E677.38766
G1 X107.507 Y102.285 E677.40508
G1 X107.889 Y101.819 E677.42011
G1 X108.292 Y101.416 E677.43433
G1 X108.725 Y101.056 E677.44838
G1 X109.239 Y100.712 E677.4638
G1 X109.752 Y100.451 E677.47816
G1 X110.416 Y100.239 E677.49555
G1 X110.948 Y100.2 E677.50886
G1 X111.093 Y100.216 E677.51249
G1 X111.214 Y100.282 E677.51593
G1 X111.288 Y100.38 E677.519
G1 X111.32 Y100.522 E677.52263
G1 X111.32 Y104.015 E677.60976
G1 X110.806 Y104.508 E677.62753
G1 X110.309 Y104.971 E677.64447
G1 X109.794 Y105.414 E677.66142
G1 X109.342 Y105.713 E677.67494
G1 X109.051 Y105.771 E677.68234
G0 F12000 X109.089 Y105.333
G0 X109.158 Y104.875
G1 F3900 E674.18234
G1 F600 Z7.7
G0 F12000 X109.158 Y104.875 Z7.7
G0 X128.6 Y115.731
G1 F600 Z7.5
G1 F3900 E677.68234
G1 F1800 X128.6 Y104.268 E677.96828
G1 X129.214 Y104.297 E677.98362
G1 X129.307 Y104.359 E677.9864
G1 X129.4 Y104.605 E677.99296
G1 X129.4 Y115.4 E678.26225
G1 X129.374 Y115.538 E678.26575
G1 X129.213 Y115.705 E678.27154
G1 X128.6 Y115.731 E678.28684
G0 F12000 X128.942 Y115.366
;TYPE:SKIN
G1 F3000 X128.999 Y115.139 E678.29285
G1 X129.001 Y104.676 E678.56128
G1 X129.134 Y104.527 E678.5664
G0 F12000 X128.98 Y104.686
G1 F3900 E675.0664
G1 F600 Z7.7
;MESH:NONMESH
G0 F12000 X129 Y104.687 Z7.7
G0 X108.632 Y117.13
;TIME_ELAPSED:991.454845
;LAYER:49
;MESH:filament_filter_idig3d.stl
G0 X108.632 Y117.13 Z7.85
G0 X108.707 Y117.23
;TYPE:FILL
G1 F600 Z7.65
G1 F3900 E678.5664
G1 F5400 X108.632 Y117.13 E678.57015
G1 X109.103 Y117.115 E678.58425
G1 X110.036 Y117.132 E678.61218
G1 X110.037 Y118.307 E678.64736
G1 X109.768 Y118.156 E678.65659
G1 X109.376 Y117.875 E678.67103
G1 X109.046 Y117.586 E678.68416
G1 X108.707 Y117.23 E678.69887
G1 F3900 E675.19887
G0 F12000 X110.477 Y118.945
;TYPE:WALL-INNER
G1 F3900 E678.69887
G1 F5400 X109.951 Y118.761 E678.71278
G1 X109.519 Y118.52 E678.72512
G1 X109.099 Y118.219 E678.73801
G1 X108.745 Y117.91 E678.74973
G1 X108.37 Y117.514 E678.76333
G1 X108.021 Y117.046 E678.77789
G1 X107.76 Y116.549 E678.7919
G1 X107.724 Y116.335 E678.79731
G1 X108.013 Y116.063 E678.80721
G1 X108.599 Y115.549 E678.82665
G1 X109.036 Y115.228 E678.84018
G1 X109.098 Y115.198 E678.8419
G1 X109.504 Y115.47 E678.85409
G1 X109.911 Y115.814 E678.86738
G1 X110.376 Y116.235 E678.88303
G1 X110.476 Y116.33 E678.88647
G1 X110.477 Y118.945 E678.9517
G0 F12000 X110.705 Y119.392
G1 F5400 X110.276 Y119.316 E678.96257
G1 X109.783 Y119.125 E678.97576
G1 X109.304 Y118.858 E678.98944
G1 X108.852 Y118.534 E679.00331
G1 X108.468 Y118.199 E679.01602
G1 X108.06 Y117.768 E679.03083
G1 X107.683 Y117.262 E679.04657
G1 X107.381 Y116.688 E679.06275
G1 X107.324 Y116.44 E679.06909
G1 X107.324 Y116.161 E679.07605
G1 X107.749 Y115.762 E679.0906
G1 X108.343 Y115.241 E679.11031
G1 X108.827 Y114.885 E679.12529
G1 X108.974 Y114.812 E679.12939
G1 X109.133 Y114.789 E679.1334
G1 X109.292 Y114.842 E679.13758
G1 X109.746 Y115.151 E679.15128
G1 X110.169 Y115.508 E679.16508
G1 X110.644 Y115.938 E679.18107
G1 X110.876 Y116.158 E679.18904
G1 X110.877 Y119.382 E679.26946
G1 X110.705 Y119.392 E679.27376
G0 F12000 X110.679 Y119.794
;TYPE:WALL-OUTER
G1 F1800 X110.169 Y119.703 E679.28668
G1 X109.613 Y119.488 E679.30156
G1 X109.089 Y119.196 E679.31652
G1 X108.599 Y118.844 E679.33157
G1 X108.197 Y118.494 E679.34487
G1 X107.75 Y118.022 E679.36108
G1 X107.343 Y117.475 E679.37809
G1 X107.003 Y116.83 E679.39628
G1 X106.924 Y116.485 E679.40511
G1 X106.924 Y115.987 E679.41753
G1 X107.485 Y115.461 E679.43671
G1 X108.087 Y114.933 E679.45669
G1 X108.62 Y114.541 E679.47319
G1 X108.852 Y114.425 E679.47966
G1 X109.169 Y114.379 E679.48765
G1 X109.473 Y114.481 E679.49565
G1 X109.988 Y114.832 E679.5112
G1 X110.427 Y115.202 E679.52552
G1 X110.912 Y115.641 E679.54184
G1 X111.276 Y115.986 E679.55435
G1 X111.277 Y119.483 E679.64158
G1 X111.191 Y119.693 E679.64724
G1 X111.077 Y119.771 E679.65069
G1 X110.679 Y119.794 E679.66063
G0 F12000 X110.705 Y119.355
G1 F3900 E676.16063
G0 F12000 X110.703 Y119.291
G0 X110.035 Y116.702
;TYPE:SKIN
G1 F3900 E679.66063
G1 F3000 X109.096 Y116.685 E679.68406
G1 X108.285 Y116.71 E679.7043
G1 X108.156 Y116.464 E679.71123
G1 X108.275 Y116.352 E679.7153
G1 X108.843 Y115.853 E679.73416
G1 X109.097 Y115.667 E679.74202
G1 X109.271 Y115.784 E679.74725
G1 X109.654 Y116.108 E679.75976
G1 X110.086 Y116.499 E679.7743
G1 X110.035 Y116.702 E679.77952
G1 F3900 E676.27952
G0 F12000 X109.098 Y116.14
G1 F3900 E679.77952
G1 F3000 X109.29 Y116.303 E679.7858
G1 X109.093 Y116.3 E679.79072
G1 X108.908 Y116.306 E679.79533
G1 X109.088 Y116.147 E679.80132
G1 F3900 E676.30132
G1 F600 Z7.85
G0 F12000 X109.088 Y116.147 Z7.85
G0 X108.164 Y112.384
G1 F600 Z7.65
G0 F12000 X108.865 Y107.835
;TYPE:FILL
G1 F3900 E679.80132
G1 F5400 X109.588 Y107.797 E679.823
G1 X110.036 Y107.614 E679.83748
G1 X110.037 Y112.379 E679.98012
G1 X109.464 Y112.179 E679.99829
G1 X108.637 Y112.197 E680.02305
G1 X108.164 Y112.384 E680.03827
G1 X108.163 Y107.642 E680.18022
G1 X108.172 Y107.647 E680.18053
G1 X108.865 Y107.835 E680.20202
G0 F12000 X108.576 Y108.576
G1 F5400 X109.622 Y109.622 E680.2463
G1 X109.622 Y110.377 E680.2689
G1 X108.578 Y111.42 E680.31308
G1 X108.577 Y108.186 E680.40988
G1 X108.577 Y108.086
G1 F3900 E676.90988
G0 F12000 X107.724 Y113.138
;TYPE:WALL-INNER
G1 F3900 E680.40988
G1 F5400 X107.723 Y106.869 E680.56627
G1 X108.348 Y107.239 E680.58438
G1 X108.912 Y107.392 E680.59896
G1 X109.489 Y107.361 E680.61337
G1 X110.121 Y107.104 E680.63039
G1 X110.476 Y106.855 E680.64121
G1 X110.477 Y113.141 E680.79802
G1 X110.018 Y112.839 E680.81172
G1 X109.395 Y112.621 E680.82819
G1 X108.726 Y112.635 E680.84488
G1 X108.109 Y112.879 E680.86143
G1 X107.724 Y113.138 E680.873
G0 F12000 X107.324 Y113.969
G1 F5400 X107.324 Y113.544 E680.88361
G1 X107.323 Y106.032 E681.07099
G1 X107.433 Y106.129 E681.07465
G1 X107.942 Y106.534 E681.09088
G1 X108.505 Y106.867 E681.10719
G1 X108.955 Y106.989 E681.11882
G1 X109.401 Y106.965 E681.12997
G1 X109.928 Y106.751 E681.14415
G1 X110.511 Y106.341 E681.16193
G1 X110.876 Y106.032 E681.17386
G1 X110.877 Y113.546 E681.3613
G1 X110.877 Y113.97 E681.37188
G0 F12000 X110.372 Y113.551
G1 F5400 X109.839 Y113.2 E681.3878
G1 X109.331 Y113.022 E681.40123
G1 X108.806 Y113.033 E681.41432
G1 X108.296 Y113.235 E681.42801
G1 X107.828 Y113.55 E681.44208
G1 F3900 E677.94208
G0 F12000 X106.963 Y114.779
G1 F3900 E681.44208
G0 F12000 X106.924 Y114.871
;TYPE:WALL-OUTER
G1 F1800 X106.923 Y105.128 E681.68512
G1 X107.298 Y105.476 E681.69788
G1 X107.69 Y105.822 E681.71092
G1 X108.169 Y106.204 E681.72621
G1 X108.662 Y106.495 E681.74049
G1 X108.998 Y106.586 E681.74917
G1 X109.313 Y106.569 E681.75704
G1 X109.735 Y106.398 E681.7684
G1 X110.266 Y106.024 E681.7846
G1 X110.695 Y105.661 E681.79862
G1 X111.182 Y105.219 E681.81503
G1 X111.276 Y105.13 E681.81825
G1 X111.277 Y114.871 E682.06124
G1 X111.183 Y114.782 E682.06447
G1 X110.695 Y114.339 E682.08091
G1 X110.134 Y113.873 E682.09911
G1 X109.66 Y113.561 E682.11326
G1 X109.267 Y113.423 E682.12365
G1 X108.887 Y113.431 E682.13313
G1 X108.484 Y113.591 E682.14395
G1 X108.068 Y113.871 E682.15646
G1 X107.506 Y114.338 E682.17469
G1 X107.019 Y114.782 E682.19113
G1 X106.924 Y114.871 E682.19437
G0 F12000 X107.324 Y114.503
G1 F3900 E678.69437
G1 F600 Z7.85
G0 F12000 X108.623 Y102.875 Z7.85
G0 X109.015 Y102.44
;TYPE:FILL
G1 F600 Z7.65
G1 F3900 E682.19437
G1 F5400 X109.355 Y102.14 E682.20795
G1 X109.769 Y101.844 E682.22318
G1 X110.036 Y101.69 E682.23241
G1 X110.037 Y102.871 E682.26776
G1 X109.108 Y102.885 E682.29557
G1 X108.623 Y102.875 E682.31009
G1 X109.015 Y102.44 E682.32762
G1 F3900 E678.82762
G0 F12000 X109.045 Y104.774
;TYPE:WALL-INNER
G1 F3900 E682.32762
G1 F5400 X108.29 Y104.187 E682.35148
G1 X107.828 Y103.768 E682.36704
G1 X107.729 Y103.674 E682.37044
G1 X107.76 Y103.443 E682.37625
G1 X107.959 Y103.055 E682.38713
G1 X108.265 Y102.614 E682.40052
G1 X108.704 Y102.128 E682.41686
G1 X109.092 Y101.787 E682.42974
G1 X109.52 Y101.48 E682.44288
G1 X109.886 Y101.27 E682.45341
G1 X110.476 Y101.063 E682.46901
G1 X110.477 Y103.669 E682.53401
G1 X110.373 Y103.766 E682.53756
G1 X109.901 Y104.195 E682.55347
G1 X109.504 Y104.531 E682.56645
G1 X109.193 Y104.753 E682.57598
G1 X109.045 Y104.774 E682.57971
G0 F12000 X109.081 Y105.213
G1 F5400 X108.855 Y105.13 E682.58571
G1 X108.42 Y104.823 E682.59899
G1 X108.031 Y104.492 E682.61173
G1 X107.559 Y104.064 E682.62763
G1 X107.327 Y103.844 E682.6356
G1 X107.33 Y103.521 E682.64366
G1 X107.382 Y103.305 E682.6492
G1 X107.617 Y102.846 E682.66207
G1 X107.95 Y102.366 E682.67664
G1 X108.42 Y101.846 E682.69412
G1 X108.845 Y101.472 E682.70825
G1 X109.304 Y101.143 E682.72233
G1 X109.71 Y100.91 E682.73401
G1 X110.137 Y100.731 E682.74556
G1 X110.652 Y100.611 E682.75875
G1 X110.876 Y100.614 E682.76434
G1 X110.877 Y103.841 E682.84484
G1 X110.642 Y104.062 E682.85288
G1 X110.17 Y104.491 E682.8688
G1 X109.743 Y104.852 E682.88274
G1 X109.377 Y105.113 E682.89396
G1 X109.081 Y105.213 E682.90175
G0 F12000 X109.031 Y105.621
;TYPE:WALL-OUTER
G1 F1800 X108.666 Y105.486 E682.91146
G1 X108.177 Y105.141 E682.92639
G1 X107.772 Y104.797 E682.93964
G1 X107.29 Y104.36 E682.95587
G1 X106.925 Y104.014 E682.96842
G1 X106.93 Y103.469 E682.98201
G1 X107.004 Y103.167 E682.98977
G1 X107.275 Y102.637 E683.00462
G1 X107.635 Y102.118 E683.02037
G1 X108.136 Y101.564 E683.03901
G1 X108.598 Y101.157 E683.05437
G1 X109.088 Y100.805 E683.06942
G1 X109.534 Y100.55 E683.08223
G1 X110.014 Y100.348 E683.09522
G1 X110.607 Y100.21 E683.11041
G1 X111.043 Y100.216 E683.12129
G1 X111.168 Y100.284 E683.12484
G1 X111.243 Y100.381 E683.1279
G1 X111.276 Y100.524 E683.13156
G1 X111.277 Y104.013 E683.21859
G1 X110.911 Y104.358 E683.23114
G1 X110.428 Y104.797 E683.24742
G1 X109.99 Y105.167 E683.26172
G1 X109.58 Y105.459 E683.27428
G1 X109.294 Y105.593 E683.28215
G1 X109.031 Y105.621 E683.28875
G0 F12000 X109.085 Y105.185
G0 X109.112 Y104.331
;TYPE:SKIN
G1 F3000 X108.538 Y103.885 E683.30689
G1 X108.151 Y103.534 E683.31992
G1 X108.272 Y103.298 E683.32653
G1 X109.107 Y103.315 E683.34737
G1 X110.041 Y103.301 E683.37067
G1 X110.087 Y103.498 E683.37572
G1 X109.644 Y103.901 E683.39065
G1 X109.26 Y104.225 E683.40319
G1 X109.112 Y104.331 E683.40773
G0 F12000 X109.113 Y103.845
G1 F3000 X109.29 Y103.695 E683.41352
G1 X109.105 Y103.698 E683.41813
G1 X109.001 Y103.696 E683.42073
G1 X108.965 Y103.731
G1 X108.919 Y103.695 E683.42218
G1 F3900 E679.92218
G1 F600 Z7.85
G0 F12000 X108.919 Y103.695 Z7.85
G0 X128.6 Y115.696
;TYPE:WALL-OUTER
G1 F600 Z7.65
G1 F3900 E683.42218
G1 F1800 X128.6 Y104.304 E683.70636
G1 X129.08 Y104.304 E683.71833
G1 X129.307 Y104.399 E683.72447
G1 X129.374 Y104.505 E683.7276
G1 X129.4 Y104.645 E683.73115
G1 X129.4 Y115.36 E683.99844
G1 X129.306 Y115.602 E684.00491
G1 X129.073 Y115.697 E684.01119
G1 X128.6 Y115.696 E684.02299
G0 F12000 X129.038 Y115.336
;TYPE:SKIN
G1 F3000 X128.999 Y115.093 E684.0293
G1 X128.999 Y104.911 E684.29039
G1 X128.819 Y104.525 E684.30131
G0 F12000 X129 Y104.704
G1 F3900 E680.80131
G1 F600 Z7.85
;MESH:NONMESH
G0 F12000 X129 Y104.704 Z7.85
G0 X110.422 Y118.926
;TIME_ELAPSED:999.858903
;LAYER:50
;MESH:filament_filter_idig3d.stl
G0 X110.422 Y118.926 Z8
;TYPE:WALL-INNER
G1 F600 Z7.8
G1 F3900 E684.30131
G1 F5400 X109.893 Y118.734 E684.31535
G1 X109.528 Y118.526 E684.32583
G1 X109.077 Y118.201 E684.33969
G1 X108.754 Y117.919 E684.35039
G1 X108.323 Y117.459 E684.36611
G1 X108.028 Y117.058 E684.37853
G1 X107.781 Y116.534 E684.39298
G1 X107.78 Y116.34 E684.39782
G1 X108.005 Y116.136 E684.4054
G1 X108.467 Y115.744 E684.42051
G1 X109.022 Y115.367 E684.43725
G1 X109.098 Y115.343 E684.43924
G1 X109.347 Y115.458 E684.44608
G1 X109.683 Y115.704 E684.45647
G1 X110.196 Y116.136 E684.4732
G1 X110.423 Y116.341 E684.48083
G1 X110.422 Y118.926 E684.54531
G0 F12000 X110.644 Y119.387
G1 F5400 X110.144 Y119.273 E684.5581
G1 X109.715 Y119.093 E684.56971
G1 X109.311 Y118.863 E684.5813
G1 X108.835 Y118.52 E684.59594
G1 X108.476 Y118.207 E684.60782
G1 X108.015 Y117.715 E684.62464
G1 X107.688 Y117.271 E684.63839
G1 X107.42 Y116.769 E684.65259
G1 X107.381 Y116.571 E684.65762
G1 X107.379 Y116.163 E684.6678
G1 X107.746 Y115.831 E684.68015
G1 X108.225 Y115.424 E684.69583
G1 X108.845 Y115.003 E684.71452
G1 X109.058 Y114.937 E684.72008
G1 X109.233 Y114.955 E684.72447
G1 X109.557 Y115.116 E684.7335
G1 X109.933 Y115.391 E684.74512
G1 X110.454 Y115.83 E684.76211
G1 X110.823 Y116.164 E684.77453
G1 X110.822 Y119.379 E684.85472
G1 X110.644 Y119.387 E684.85917
G0 F12000 X110.61 Y119.79
;TYPE:WALL-OUTER
G1 F1800 X110.02 Y119.655 E684.87427
G1 X109.543 Y119.455 E684.88717
G1 X109.087 Y119.195 E684.90026
G1 X108.592 Y118.839 E684.91547
G1 X108.193 Y118.49 E684.9287
G1 X107.71 Y117.975 E684.94631
G1 X107.348 Y117.484 E684.96153
G1 X107.04 Y116.906 E684.97786
G1 X106.981 Y116.61 E684.98539
G1 X106.978 Y115.986 E685.00096
G1 X107.487 Y115.526 E685.01807
G1 X107.971 Y115.114 E685.03393
G1 X108.211 Y114.929 E685.04149
G1 X108.675 Y114.637 E685.05516
G1 X109.018 Y114.53 E685.06413
G1 X109.346 Y114.565 E685.07235
G1 X109.766 Y114.774 E685.08406
G1 X110.183 Y115.078 E685.09693
G1 X110.712 Y115.524 E685.11419
G1 X111.223 Y115.987 E685.13139
G1 X111.222 Y119.48 E685.21852
G1 X111.135 Y119.692 E685.22424
G1 X111.014 Y119.77 E685.22783
G1 X110.61 Y119.79 E685.23792
G0 F12000 X110.648 Y119.352
G1 F3900 E681.73792
G0 F12000 X110.646 Y119.286
G0 X110.032 Y118.364
;TYPE:SKIN
G1 F3900 E685.23792
G1 F3000 X109.735 Y118.196 E685.24643
G1 X109.327 Y117.901 E685.25899
G1 X109.026 Y117.638 E685.26896
G1 X108.62 Y117.205 E685.28377
G1 X108.365 Y116.859 E685.29449
G1 X108.192 Y116.492 E685.30461
G1 X108.257 Y116.434 E685.30679
G1 X108.709 Y116.05 E685.32158
G1 X109.11 Y115.778 E685.33367
G1 X109.438 Y116.007 E685.34365
G1 X109.94 Y116.43 E685.36002
G1 X110.033 Y116.513 E685.36313
G1 X110.032 Y118.364 E685.40931
G1 F3900 E681.90931
G0 F12000 X109.648 Y117.002
G1 F3900 E685.40931
G1 F3000 X108.977 Y116.331 E685.43298
G1 X109.107 Y116.243 E685.43689
G1 X109.194 Y116.303 E685.43953
G1 X109.648 Y116.687 E685.45436
G0 F12000 X108.977 Y116.331
G1 F3000 X108.936 Y116.359 E685.4556
G1 X108.668 Y116.587 E685.46438
G1 X109.648 Y117.568 E685.49897
G1 X109.648 Y117.659 E685.50124
G1 X109.574 Y117.605 E685.50352
G1 X109.288 Y117.354 E685.51301
G1 X108.914 Y116.957 E685.52662
G1 X108.693 Y116.658 E685.53589
G1 X108.663 Y116.591 E685.53773
G1 F3900 E682.03773
G1 F600 Z8
G0 F12000 X108.663 Y116.591 Z8
G0 X107.778 Y113.218
;TYPE:WALL-INNER
G1 F600 Z7.8
G1 F3900 E685.53773
G1 F5400 X107.777 Y106.781 E685.6983
G1 X108.203 Y107.041 E685.71075
G1 X108.88 Y107.239 E685.72834
G1 X109.445 Y107.221 E685.74244
G1 X110.1 Y106.989 E685.75978
G1 X110.423 Y106.783 E685.76933
G1 X110.424 Y113.222 E685.92996
G1 X110.106 Y113.013 E685.93945
G1 X109.445 Y112.779 E685.95694
G1 X108.877 Y112.761 E685.97112
G1 X108.203 Y112.959 E685.98864
G1 X107.778 Y113.218 E686.00105
G0 F12000 X107.378 Y113.999
G1 F5400 X107.378 Y113.592 E686.01121
G1 X107.377 Y106.406 E686.19046
G1 X107.377 Y105.992 E686.20079
G0 F12000 X107.783 Y106.316
G1 F5400 X108.366 Y106.672 E686.21783
G1 X108.931 Y106.837 E686.23251
G1 X109.37 Y106.823 E686.24347
G1 X109.924 Y106.627 E686.25813
G1 X110.449 Y106.293 E686.27365
G1 X110.823 Y105.991 E686.28564
G1 X110.824 Y114.007 E686.4856
G1 X110.548 Y113.782 E686.49448
G1 X109.927 Y113.374 E686.51302
G1 X109.37 Y113.177 E686.52776
G1 X108.928 Y113.163 E686.53879
G1 X108.366 Y113.328 E686.5534
G1 X107.785 Y113.683 E686.57038
G1 F3900 E683.07038
G0 F12000 X107.018 Y114.788
G1 F3900 E686.57038
G0 F12000 X106.978 Y114.879
;TYPE:WALL-OUTER
G1 F1800 X106.977 Y105.564 E686.80275
G1 X106.977 Y105.12 E686.81382
G0 F12000 X107.441 Y105.531
G1 F1800 X108.013 Y105.988 E686.83209
G1 X108.529 Y106.303 E686.84717
G1 X108.982 Y106.435 E686.85894
G1 X109.295 Y106.425 E686.86675
G1 X109.748 Y106.265 E686.87873
G1 X110.215 Y105.968 E686.89254
G1 X110.807 Y105.49 E686.91152
G1 X111.223 Y105.121 E686.92539
G0 F12000 X111.223 Y105.565
G1 F1800 X111.224 Y114.436 E687.14668
G1 X111.224 Y114.881 E687.15778
G0 F12000 X110.807 Y114.51
G1 F1800 X110.311 Y114.105 E687.17375
G1 X109.748 Y113.735 E687.19056
G1 X109.295 Y113.575 E687.20254
G1 X108.979 Y113.565 E687.21043
G1 X108.529 Y113.697 E687.22213
G1 X108.013 Y114.012 E687.23721
G1 X107.608 Y114.328 E687.25002
G1 X107.223 Y114.659 E687.26269
G1 X106.978 Y114.879 E687.2709
G1 F3900 E683.7709
G0 F12000 X107.018 Y114.788
G0 X108.168 Y112.563
;TYPE:SKIN
G1 F3900 E687.2709
G1 F3000 X108.167 Y107.437 E687.39877
G1 X108.83 Y107.631 E687.416
G1 X109.518 Y107.609 E687.43317
G1 X110.033 Y107.426 E687.44681
G1 X110.034 Y112.574 E687.57522
G1 X109.518 Y112.391 E687.58888
G1 X108.827 Y112.369 E687.60613
G1 X108.168 Y112.563 E687.62326
G0 F12000 X108.552 Y112.049
G1 F3000 X108.631 Y112.025 E687.62532
G1 X108.551 Y111.945 E687.62814
G1 X108.551 Y111.379 E687.64226
G1 X109.165 Y111.994 E687.66394
G1 X109.59 Y112.008 E687.67455
G1 X109.65 Y112.029 E687.67613
G1 X109.65 Y111.913 E687.67903
G1 X108.551 Y110.814 E687.7178
G1 X108.55 Y110.247 E687.73194
G1 X109.65 Y111.347 E687.77075
G1 X109.65 Y110.781 E687.78487
G1 X108.55 Y109.682 E687.82365
G1 X108.55 Y109.115 E687.8378
G1 X109.649 Y110.215 E687.87659
G1 X109.649 Y109.649 E687.8907
G1 X108.55 Y108.55 E687.92947
G1 X108.55 Y107.984 E687.94359
G1 X109.648 Y109.083 E687.98235
G1 X109.648 Y108.517 E687.99647
G1 X109.136 Y108.005 E688.01453
G1 X109.59 Y107.99 E688.02586
G1 X109.648 Y107.969 E688.0274
G1 F3900 E684.5274
G1 F600 Z8
G0 F12000 X109.648 Y107.969 Z8
G0 X109.094 Y104.658
;TYPE:WALL-INNER
G1 F600 Z7.8
G1 F3900 E688.0274
G1 F5400 X108.607 Y104.367 E688.04155
G1 X108.156 Y103.996 E688.05612
G1 X107.788 Y103.667 E688.06843
G1 X107.801 Y103.37 E688.07585
G1 X107.966 Y103.044 E688.08496
G1 X108.261 Y102.618 E688.09789
G1 X108.7 Y102.134 E688.11419
G1 X109.088 Y101.792 E688.12709
G1 X109.52 Y101.48 E688.14038
G1 X110.271 Y101.108 E688.16129
G1 X110.421 Y101.072 E688.16514
G1 X110.423 Y103.659 E688.22967
G1 X110.198 Y103.862 E688.23723
G1 X109.687 Y104.294 E688.25392
G1 X109.243 Y104.602 E688.2674
G1 X109.094 Y104.658 E688.27137
G0 F12000 X109.018 Y105.058
G1 F5400 X108.753 Y104.95 E688.27851
G1 X108.369 Y104.689 E688.29009
G1 X107.893 Y104.298 E688.30546
G1 X107.379 Y103.838 E688.32266
G1 X107.405 Y103.268 E688.3369
G1 X107.623 Y102.836 E688.34897
G1 X107.946 Y102.37 E688.36311
G1 X108.42 Y101.847 E688.38072
G1 X108.839 Y101.477 E688.39466
G1 X109.303 Y101.143 E688.40892
G1 X109.721 Y100.905 E688.42092
G1 X110.149 Y100.726 E688.43249
G1 X110.596 Y100.617 E688.44397
G1 X110.821 Y100.618 E688.44958
G1 X110.823 Y103.836 E688.52986
G1 X110.456 Y104.168 E688.5422
G1 X109.937 Y104.606 E688.55914
G1 X109.434 Y104.956 E688.57443
G1 X109.186 Y105.057 E688.58111
G1 X109.018 Y105.058 E688.5853
G0 F12000 X108.941 Y105.458
;TYPE:WALL-OUTER
G1 F1800 X108.561 Y105.303 E688.59554
G1 X108.131 Y105.011 E688.6085
G1 X107.639 Y104.607 E688.62438
G1 X107.147 Y104.168 E688.64083
G1 X106.978 Y104.012 E688.64657
G1 X106.981 Y103.397 E688.66191
G1 X107.02 Y103.144 E688.6683
G1 X107.28 Y102.628 E688.68271
G1 X107.63 Y102.123 E688.69804
G1 X108.14 Y101.56 E688.71699
G1 X108.591 Y101.162 E688.73199
G1 X109.086 Y100.806 E688.7472
G1 X109.543 Y100.546 E688.76032
G1 X110.025 Y100.344 E688.77335
G1 X110.547 Y100.217 E688.78675
G1 X110.984 Y100.219 E688.79766
G1 X111.112 Y100.286 E688.80126
G1 X111.189 Y100.383 E688.80435
G1 X111.221 Y100.522 E688.80791
G1 X111.223 Y104.013 E688.89499
G1 X110.714 Y104.474 E688.91212
G1 X110.183 Y104.922 E688.92945
G1 X110.066 Y105.013 E688.93315
G1 X109.627 Y105.309 E688.94636
G1 X109.264 Y105.457 E688.95613
G1 X108.941 Y105.458 E688.96419
G0 F12000 X109.025 Y105.027
G0 X109.116 Y104.216
;TYPE:SKIN
G1 F3000 X108.832 Y104.047 E688.97244
G1 X108.404 Y103.695 E688.98626
G1 X108.187 Y103.468 E688.99409
G1 X108.564 Y102.865 E689.01183
G1 X108.976 Y102.41 E689.02714
G1 X109.722 Y101.814 E689.05096
G1 X110.031 Y101.661 E689.05956
G1 X110.033 Y103.487 E689.10511
G1 X109.946 Y103.564 E689.10801
G1 X109.443 Y103.99 E689.12445
G1 X109.116 Y104.216 E689.13437
G0 F12000 X108.672 Y103.418
G1 F3000 X109.051 Y103.732 E689.14665
G1 X109.098 Y103.76 E689.14801
G1 X109.213 Y103.68 E689.15151
G1 X109.28 Y103.623 E689.1537
G1 X108.826 Y103.169 E689.16972
G1 X108.873 Y103.094 E689.17193
G1 X109.083 Y102.861 E689.17975
G1 X109.586 Y103.364 E689.19749
G1 X109.648 Y103.312 E689.19951
G1 X109.648 Y102.859 E689.21081
G1 X109.373 Y102.584 E689.22051
G1 X109.646 Y102.365 E689.22925
G1 F3900 E685.72925
G1 F600 Z8
G0 F12000 X109.646 Y102.365 Z8
G0 X128.6 Y115.659
;TYPE:WALL-OUTER
G1 F600 Z7.8
G1 F3900 E689.22925
G1 F1800 X128.6 Y104.34 E689.5116
G1 X129.075 Y104.341 E689.52345
G1 X129.306 Y104.439 E689.52971
G1 X129.374 Y104.546 E689.53287
G1 X129.4 Y104.685 E689.5364
G1 X129.4 Y115.32 E689.80169
G1 X129.308 Y115.56 E689.8081
G1 X129.073 Y115.66 E689.81447
G1 X128.6 Y115.659 E689.82627
G0 F12000 X128.916 Y115.339
;TYPE:SKIN
G1 F3000 X128.991 Y115.131 E689.83197
G1 X128.999 Y109.2 E689.985
G1 X128.999 Y104.957 E690.09448
G1 X129.031 Y104.707 E690.10098
G0 F12000 X129 Y104.74
G1 F3900 E686.60098
G1 F600 Z8
;MESH:NONMESH
G0 F12000 X129 Y104.743 Z8
G0 X110.357 Y118.914
;TIME_ELAPSED:1007.945390
;LAYER:51
;MESH:filament_filter_idig3d.stl
G0 X110.357 Y118.914 Z8.15
;TYPE:WALL-INNER
G1 F600 Z7.95
G1 F3900 E690.10098
G1 F5400 X109.893 Y118.733 E690.1134
G1 X109.519 Y118.52 E690.12414
G1 X109.078 Y118.202 E690.1377
G1 X108.749 Y117.914 E690.14861
G1 X108.353 Y117.496 E690.16297
G1 X108.019 Y117.045 E690.17697
G1 X107.845 Y116.662 E690.18746
G1 X107.845 Y116.352 E690.1952
G1 X108.516 Y115.799 E690.21689
G1 X108.885 Y115.562 E690.22783
G1 X109.121 Y115.494 E690.23395
G1 X109.564 Y115.715 E690.2463
G1 X110.056 Y116.094 E690.2618
G1 X110.356 Y116.352 E690.27167
G1 X110.357 Y118.914 E690.33558
G0 F12000 X110.594 Y119.382
G1 F5400 X110.152 Y119.276 E690.34691
G1 X109.721 Y119.095 E690.35857
G1 X109.295 Y118.852 E690.37081
G1 X108.835 Y118.521 E690.38495
G1 X108.466 Y118.198 E690.39718
G1 X108.05 Y117.758 E690.41228
G1 X107.679 Y117.258 E690.42781
G1 X107.482 Y116.892 E690.43818
G1 X107.445 Y116.702 E690.44301
G1 X107.445 Y116.17 E690.45628
G1 X107.904 Y115.772 E690.47144
G1 X108.283 Y115.474 E690.48346
G1 X108.718 Y115.194 E690.49637
G1 X109.115 Y115.08 E690.50667
G1 X109.372 Y115.144 E690.51328
G1 X109.787 Y115.382 E690.52521
G1 X110.307 Y115.782 E690.54158
G1 X110.756 Y116.168 E690.55635
G1 X110.757 Y119.376 E690.63637
G1 X110.594 Y119.382 E690.64044
G0 F12000 X110.555 Y119.784
;TYPE:WALL-OUTER
G1 F1800 X110.025 Y119.657 E690.65404
G1 X109.543 Y119.454 E690.66708
G1 X109.084 Y119.193 E690.68025
G1 X108.586 Y118.834 E690.69557
G1 X108.189 Y118.487 E690.70872
G1 X107.743 Y118.016 E690.7249
G1 X107.341 Y117.473 E690.74175
G1 X107.1 Y117.025 E690.75444
G1 X107.045 Y116.743 E690.76161
G1 X107.045 Y115.988 E690.78044
G1 X107.642 Y115.47 E690.80016
G1 X108.05 Y115.149 E690.81311
G1 X108.541 Y114.833 E690.82768
G1 X108.909 Y114.695 E690.83748
G1 X109.148 Y114.676 E690.84346
G1 X109.523 Y114.77 E690.85311
G1 X110.009 Y115.048 E690.86707
G1 X110.559 Y115.471 E690.88438
G1 X110.994 Y115.844 E690.89867
G1 X111.156 Y115.99 E690.90411
G1 X111.157 Y119.481 E690.9912
G1 X111.064 Y119.694 E690.997
G1 X110.938 Y119.77 E691.00067
G1 X110.555 Y119.784 E691.01023
G0 F12000 X110.598 Y119.347
G1 F3900 E687.51023
G0 F12000 X110.597 Y119.281
G0 X109.967 Y118.326
;TYPE:SKIN
G1 F3900 E691.01023
G1 F3000 X109.321 Y117.897 E691.02957
G1 X109.026 Y117.637 E691.03938
G1 X108.653 Y117.244 E691.0529
G1 X108.357 Y116.845 E691.06529
G1 X108.235 Y116.536 E691.07358
G1 X108.746 Y116.115 E691.09009
G1 X109.083 Y115.911 E691.09992
G1 X109.36 Y116.049 E691.10764
G1 X109.802 Y116.39 E691.12156
G1 X109.966 Y116.531 E691.12696
G1 X109.967 Y118.326 E691.17173
G0 F12000 X109.552 Y117.589
G1 F3000 X109.583 Y117.608 E691.17264
G1 X109.582 Y117.257 E691.1814
G1 X109.392 Y117.447 E691.1881
G0 F12000 X109.582 Y117.257
G1 F3000 X109.581 Y116.706 E691.20185
G1 X109.574 Y116.699 E691.20209
G1 X109.11 Y117.164 E691.21848
G1 X108.947 Y116.994 E691.22435
G1 X108.848 Y116.86 E691.22851
G1 X109.256 Y116.452 E691.2429
G1 X109.158 Y116.376
G1 X109.1 Y116.348 E691.24451
G1 X108.967 Y116.427 E691.24837
G1 X108.695 Y116.654 E691.25721
G1 X108.848 Y116.86 E691.26361
G1 F3900 E687.76361
G1 F600 Z8.15
G0 F12000 X108.848 Y116.86 Z8.15
G0 X107.844 Y113.3
;TYPE:WALL-INNER
G1 F600 Z7.95
G1 F3900 E691.26361
G1 F5400 X107.843 Y106.712 E691.42795
G1 X108.437 Y106.995 E691.44436
G1 X109.105 Y107.101 E691.46123
G1 X109.761 Y106.995 E691.47781
G1 X110.355 Y106.714 E691.4942
G1 X110.356 Y113.294 E691.65834
G1 X110.099 Y113.143 E691.66577
G1 X109.456 Y112.93 E691.68267
G1 X108.866 Y112.914 E691.69739
G1 X108.22 Y113.087 E691.71407
G1 X107.844 Y113.3 E691.72485
G0 F12000 X107.444 Y114.048
G1 F5400 X107.443 Y105.954 E691.92676
G1 X107.976 Y106.333 E691.94307
G1 X108.557 Y106.609 E691.95912
G1 X109.104 Y106.696 E691.97294
G1 X109.641 Y106.609 E691.98651
G1 X110.224 Y106.334 E692.00259
G1 X110.755 Y105.953 E692.01889
G1 X110.756 Y114.043 E692.22069
G1 X110.455 Y113.816 E692.2301
G1 X109.933 Y113.509 E692.24521
G1 X109.386 Y113.328 E692.25958
G1 X108.913 Y113.315 E692.27138
G1 X108.373 Y113.46 E692.28533
G1 X107.747 Y113.815 E692.30328
G1 X107.444 Y114.048 E692.31282
G0 F12000 X107.044 Y114.889
;TYPE:WALL-OUTER
G1 F1800 X107.043 Y105.539 E692.54605
G1 X107.043 Y105.111 E692.55673
G0 F12000 X107.572 Y105.554
G1 F1800 X108.179 Y105.987 E692.57533
G1 X108.677 Y106.223 E692.58908
G1 X109.103 Y106.291 E692.59984
G1 X109.521 Y106.223 E692.6104
G1 X110.02 Y105.988 E692.62416
G1 X110.67 Y105.521 E692.64412
G1 X111.063 Y105.194 E692.65688
G1 X111.155 Y105.113 E692.65994
G1 X111.156 Y114.458 E692.89305
G1 X111.156 Y114.887 E692.90375
G0 F12000 X110.67 Y114.479
G1 F1800 X110.232 Y114.149 E692.91743
G1 X109.767 Y113.875 E692.93089
G1 X109.316 Y113.726 E692.94274
G1 X108.96 Y113.716 E692.95162
G1 X108.526 Y113.833 E692.96284
G1 X107.969 Y114.149 E692.97881
G1 X107.388 Y114.595 E692.99708
G1 X107.044 Y114.889 E693.00837
G1 F3900 E689.50837
G0 F12000 X107.085 Y114.799
G0 X108.234 Y112.679
;TYPE:SKIN
G1 F3900 E693.00837
G1 F3000 X108.233 Y107.33 E693.1418
G1 X108.32 Y107.371 E693.1442
G1 X109.105 Y107.496 E693.16403
G1 X109.878 Y107.371 E693.18356
G1 X109.965 Y107.33 E693.18596
G1 X109.966 Y112.688 E693.31962
G1 X109.524 Y112.542 E693.33123
G1 X108.82 Y112.522 E693.3488
G1 X108.234 Y112.679 E693.36393
G1 F3900 E689.86393
G0 F12000 X109.582 Y112.159
G1 F3900 E693.36393
G1 F3000 X109.581 Y111.601 E693.37785
G1 X109.039 Y112.143 E693.39697
G0 F12000 X109.581 Y111.601
G1 F3000 X109.581 Y111.035 E693.41109
G1 X108.617 Y111.999 E693.4451
G1 X108.617 Y111.433 E693.45922
G1 X109.581 Y110.47 E693.49321
G1 X109.581 Y109.904 E693.50733
G1 X108.617 Y110.867 E693.54132
G1 X108.617 Y110.302 E693.55541
G1 X109.581 Y109.339 E693.5894
G1 X109.58 Y108.774 E693.60349
G1 X108.617 Y109.737 E693.63747
G1 X108.617 Y109.171 E693.65159
G1 X109.58 Y108.208 E693.68556
G1 X109.58 Y107.808 E693.69554
G1 X109.383 Y107.84 E693.70051
G1 X108.617 Y108.605 E693.72752
G1 X108.617 Y108.04 E693.74161
G1 X108.818 Y107.839 E693.7487
G0 F12000 X108.616 Y107.807
G1 F3000 X108.617 Y108.04 E693.75452
G1 F3900 E690.25452
G1 F600 Z8.15
G0 F12000 X108.617 Y108.04 Z8.15
G0 X109.085 Y104.51
;TYPE:WALL-INNER
G1 F600 Z7.95
G1 F3900 E693.75452
G1 F5400 X108.631 Y104.282 E693.76719
G1 X108.259 Y104.002 E693.7788
G1 X107.845 Y103.647 E693.79241
G1 X107.845 Y103.358 E693.79962
G1 X107.887 Y103.189 E693.80396
G1 X108.161 Y102.75 E693.81687
G1 X108.539 Y102.297 E693.83159
G1 X109 Y101.864 E693.84736
G1 X109.513 Y101.484 E693.86329
G1 X109.901 Y101.264 E693.87442
G1 X110.357 Y101.087 E693.88662
G1 X110.357 Y103.646 E693.95045
G1 X109.895 Y104.037 E693.96555
G1 X109.396 Y104.393 E693.98084
G1 X109.085 Y104.51 E693.98913
G0 F12000 X109.06 Y104.916
G1 F5400 X108.83 Y104.857 E693.99505
G1 X108.411 Y104.617 E694.0071
G1 X108.008 Y104.314 E694.01968
G1 X107.445 Y103.831 E694.03818
G1 X107.445 Y103.309 E694.0512
G1 X107.515 Y103.03 E694.05838
G1 X107.837 Y102.513 E694.07357
G1 X108.244 Y102.026 E694.0894
G1 X108.743 Y101.557 E694.10648
G1 X109.296 Y101.147 E694.12366
G1 X109.724 Y100.904 E694.13593
G1 X110.155 Y100.724 E694.14759
G1 X110.593 Y100.619 E694.15882
G1 X110.757 Y100.623 E694.16291
G1 X110.757 Y103.831 E694.24294
G1 X110.134 Y104.358 E694.26329
G1 X109.601 Y104.738 E694.27962
G1 X109.286 Y104.888 E694.28832
G1 X109.06 Y104.916 E694.29401
G0 F12000 X109.036 Y105.323
;TYPE:WALL-OUTER
G1 F1800 X108.677 Y105.23 E694.30326
G1 X108.191 Y104.952 E694.31722
G1 X107.768 Y104.634 E694.33042
G1 X107.38 Y104.308 E694.34307
G1 X107.045 Y104.012 E694.35422
G1 X107.045 Y103.26 E694.37298
G1 X107.142 Y102.872 E694.38295
G1 X107.514 Y102.275 E694.4005
G1 X107.949 Y101.755 E694.41741
G1 X108.486 Y101.25 E694.4358
G1 X109.083 Y100.808 E694.45433
G1 X109.543 Y100.546 E694.46753
G1 X110.031 Y100.342 E694.48073
G1 X110.551 Y100.218 E694.49406
G1 X110.927 Y100.226 E694.50344
G1 X111.046 Y100.288 E694.50679
G1 X111.123 Y100.387 E694.50992
G1 X111.157 Y100.524 E694.51344
G1 X111.157 Y104.011 E694.60042
G1 X110.744 Y104.374 E694.61414
G1 X110.376 Y104.677 E694.62603
G1 X109.808 Y105.082 E694.64343
G1 X109.397 Y105.277 E694.65478
G1 X109.036 Y105.323 E694.66386
G0 F12000 X109.063 Y104.884
G0 X109.108 Y104.085
;TYPE:SKIN
G1 F3000 X108.835 Y103.948 E694.67148
G1 X108.235 Y103.468 E694.69065
G1 X108.25 Y103.345 E694.69374
G1 X108.478 Y102.98 E694.70447
G1 X108.823 Y102.565 E694.71793
G1 X109.252 Y102.164 E694.73258
G1 X109.731 Y101.808 E694.74747
G1 X109.967 Y101.675 E694.75423
G1 X109.967 Y103.465 E694.79888
G1 X109.66 Y103.724 E694.8089
G1 X109.208 Y104.047 E694.82276
G1 X109.108 Y104.085 E694.82543
G0 F12000 X109.1 Y103.651
G1 F3000 X109.419 Y103.422 E694.83522
G1 X109.582 Y103.286 E694.84052
G1 X109.582 Y103.115 E694.84478
G1 X109.064 Y103.633 E694.86306
G1 X109.043 Y103.622 E694.86365
G1 X108.746 Y103.385 E694.87313
G1 X109.582 Y102.549 E694.90262
G1 F3900 E691.40262
G0 F12000 X108.746 Y103.385
G1 F3900 E694.90262
G1 F3000 X108.7 Y103.347 E694.90411
G1 X108.786 Y103.211 E694.90812
G1 X109.106 Y102.824 E694.92065
G1 X109.494 Y102.461 E694.9339
G1 X109.582 Y102.398 E694.9366
G1 F3900 E691.4366
G1 F600 Z8.15
G0 F12000 X109.582 Y102.398 Z8.15
G0 X128.6 Y115.612
;TYPE:WALL-OUTER
G1 F600 Z7.95
G1 F3900 E694.9366
G1 F1800 X128.6 Y104.387 E695.21661
G1 X129.21 Y104.413 E695.23184
G1 X129.374 Y104.589 E695.23784
G1 X129.4 Y104.733 E695.24149
G1 X129.4 Y115.267 E695.50426
G1 X129.372 Y115.416 E695.50805
G1 X129.214 Y115.585 E695.51382
G1 X129.079 Y115.616 E695.51727
G1 X128.6 Y115.612 E695.52922
G0 F12000 X128.999 Y115.093
;TYPE:SKIN
G1 F3000 X128.999 Y114.81 E695.53662
G1 X128.995 Y104.914 E695.79554
G1 X128.911 Y104.716 E695.80117
G1 F3900 E692.30117
G0 F12000 X128.798 Y104.829
G0 X129.2 Y115.175
G1 F3900 E695.80117
G1 F3000 X128.959 Y115.416 E695.80542
G0 F12000 X129 Y115.215
G1 F3900 E692.30542
G1 F600 Z8.15
;MESH:NONMESH
G0 F12000 X129 Y115.215 Z8.15
G0 X110.277 Y118.893
;TIME_ELAPSED:1016.207212
;LAYER:52
;MESH:filament_filter_idig3d.stl
G0 X110.277 Y118.893 Z8.3
;TYPE:WALL-INNER
G1 F600 Z8.1
G1 F3900 E695.80542
G1 F5400 X109.872 Y118.721 E695.81639
G1 X109.295 Y118.367 E695.83328
G1 X108.842 Y118 E695.84782
G1 X108.327 Y117.464 E695.86637
G1 X108.027 Y117.056 E695.879
G1 X107.922 Y116.827 E695.88528
G1 X107.922 Y116.367 E695.89676
G1 X108.242 Y116.106 E695.90706
G1 X108.741 Y115.765 E695.92213
G1 X109.004 Y115.651 E695.92928
G1 X109.287 Y115.681 E695.93638
G1 X109.699 Y115.916 E695.94822
G1 X110.278 Y116.363 E695.96646
G1 X110.276 Y117.309 E695.99006
G1 X110.277 Y118.893 E696.02957
G0 F12000 X110.677 Y119.377
G1 F5400 X110.164 Y119.28 E696.0426
G1 X109.689 Y119.078 E696.05547
G1 X109.061 Y118.693 E696.07385
G1 X108.57 Y118.295 E696.08961
G1 X108.023 Y117.725 E696.10932
G1 X107.683 Y117.263 E696.12363
G1 X107.535 Y116.956 E696.13213
G1 X107.522 Y116.854 E696.1347
G1 X107.522 Y116.177 E696.15158
G1 X108.003 Y115.784 E696.16708
G1 X108.546 Y115.414 E696.18347
G1 X108.903 Y115.259 E696.19318
G1 X109.171 Y115.235 E696.19989
G1 X109.439 Y115.308 E696.20682
G1 X109.923 Y115.584 E696.22072
G1 X110.332 Y115.889 E696.23344
G1 X110.678 Y116.175 E696.24464
G1 X110.676 Y117.31 E696.27296
G1 X110.677 Y119.377 E696.32452
G0 F12000 X110.545 Y119.783
;TYPE:WALL-OUTER
G1 F1800 X110.037 Y119.661 E696.33755
G1 X109.506 Y119.435 E696.35194
G1 X108.827 Y119.019 E696.37181
G1 X108.298 Y118.59 E696.3888
G1 X107.719 Y117.986 E696.40967
G1 X107.34 Y117.472 E696.4256
G1 X107.146 Y117.069 E696.43676
G1 X107.122 Y116.882 E696.44146
G1 X107.122 Y115.991 E696.46369
G1 X107.56 Y115.623 E696.47796
G1 X107.778 Y115.453 E696.48485
G1 X108.351 Y115.063 E696.50214
G1 X108.802 Y114.867 E696.51441
G1 X109.209 Y114.83 E696.5246
G1 X109.593 Y114.935 E696.53453
G1 X110.144 Y115.25 E696.55037
G1 X110.571 Y115.568 E696.56365
G1 X110.99 Y115.914 E696.5772
G1 X111.078 Y115.991 E696.58012
G1 X111.076 Y117.311 E696.61305
G1 X111.077 Y119.477 E696.66708
G1 X111.051 Y119.597 E696.67014
G1 X110.976 Y119.699 E696.6733
G1 X110.844 Y119.77 E696.67704
G1 X110.545 Y119.783 E696.6845
G0 F12000 X110.587 Y119.346
G1 F3900 E693.1845
G0 F12000 X110.603 Y119.262
G0 X109.887 Y118.273
;TYPE:SKIN
G1 F3900 E696.6845
G1 F3000 X109.524 Y118.05 E696.69513
G1 X109.107 Y117.713 E696.70851
G1 X108.624 Y117.209 E696.72592
G1 X108.312 Y116.741 E696.73995
G1 X108.312 Y116.552 E696.74466
G1 X108.472 Y116.422 E696.74981
G1 X108.929 Y116.109 E696.76362
G1 X109.064 Y116.05 E696.7673
G1 X109.165 Y116.061 E696.76983
G1 X109.487 Y116.244 E696.77907
G1 X109.888 Y116.554 E696.79172
G1 X109.886 Y117.309 E696.81055
G1 X109.887 Y118.273 E696.8346
G1 F3900 E693.3346
G0 F12000 X109.503 Y116.857
G1 F3900 E696.8346
G1 F3000 X109.129 Y116.483 E696.84779
G1 X109.093 Y116.462 E696.84883
G1 X108.766 Y116.686 E696.85872
G1 X109.502 Y117.422 E696.88468
G1 X109.501 Y117.538 E696.88758
G1 X109.363 Y117.425 E696.89203
G1 X108.925 Y116.968 E696.90782
G1 X108.745 Y116.699 E696.91589
G0 F12000 X109.129 Y116.483
G1 F3000 X109.276 Y116.565 E696.92009
G1 X109.503 Y116.74 E696.92724
G1 F3900 E693.42724
G1 F600 Z8.3
G0 F12000 X109.503 Y116.74 Z8.3
G0 X107.922 Y113.385
;TYPE:WALL-INNER
G1 F600 Z8.1
G1 F3900 E696.92724
G1 F5400 X107.921 Y106.621 E697.09597
G1 X108.158 Y106.75 E697.1027
G1 X108.862 Y106.939 E697.12088
G1 X109.578 Y106.9 E697.13877
G1 X110.278 Y106.638 E697.15741
G1 X110.279 Y113.376 E697.32549
G1 X109.804 Y113.163 E697.33848
G1 X109.101 Y113.049 E697.35624
G1 X108.386 Y113.164 E697.37431
G1 X107.922 Y113.385 E697.38713
G0 F12000 X107.522 Y114.092
G1 F5400 X107.521 Y105.911 E697.59121
G1 X107.748 Y106.072 E697.59815
G1 X108.307 Y106.376 E697.61402
G1 X108.904 Y106.536 E697.62944
G1 X109.495 Y106.504 E697.6442
G1 X110.105 Y106.276 E697.66045
G1 X110.598 Y105.975 E697.67486
G1 X110.678 Y105.915 E697.67735
G1 X110.679 Y114.087 E697.8812
G1 X110.239 Y113.797 E697.89435
G1 X109.688 Y113.549 E697.90942
G1 X109.101 Y113.454 E697.92425
G1 X108.506 Y113.55 E697.93929
G1 X107.865 Y113.855 E697.957
G1 X107.522 Y114.092 E697.9674
G0 F12000 X107.122 Y114.901
;TYPE:WALL-OUTER
G1 F1800 X107.122 Y114.485 E697.97777
G1 X107.121 Y105.515 E698.20153
G1 X107.121 Y105.099 E698.21191
G0 F12000 X107.537 Y105.432
G1 F1800 X107.96 Y105.732 E698.22484
G1 X108.456 Y106.002 E698.23893
G1 X108.946 Y106.133 E698.25158
G1 X109.412 Y106.108 E698.26322
G1 X109.929 Y105.915 E698.27699
G1 X110.373 Y105.644 E698.28997
G1 X110.872 Y105.269 E698.30554
G1 X111.078 Y105.1 E698.31218
G1 X111.079 Y114.488 E698.54637
G1 X111.079 Y114.901 E698.55667
G0 F12000 X110.54 Y114.474
G1 F1800 X110.046 Y114.149 E698.57142
G1 X109.572 Y113.935 E698.58439
G1 X109.101 Y113.859 E698.59629
G1 X108.626 Y113.936 E698.6083
G1 X108.066 Y114.202 E698.62376
G1 X107.537 Y114.568 E698.63981
G1 F3900 E695.13981
G0 F12000 X107.442 Y114.556
G0 X108.312 Y112.781
;TYPE:SKIN
G1 F3900 E698.63981
G1 F3000 X108.311 Y107.195 E698.77915
G1 X108.821 Y107.331 E698.79232
G1 X109.658 Y107.286 E698.81323
G1 X109.888 Y107.2 E698.81935
G1 X109.889 Y112.781 E698.95857
G1 X109.101 Y112.654 E698.97848
G1 X108.312 Y112.781 E698.99842
G0 F12000 X108.695 Y112.328
G1 F3000 X108.901 Y112.295 E699.00362
G1 X108.695 Y112.089 E699.01089
G1 X108.695 Y111.523 E699.02501
G1 X109.499 Y112.328 E699.05339
G1 X109.505 Y112.329 E699.05354
G1 X109.505 Y111.768 E699.06754
G1 X108.695 Y110.957 E699.09613
G1 X108.695 Y110.392 E699.11022
G1 X109.505 Y111.202 E699.1388
G1 X109.504 Y110.636 E699.15292
G1 X108.694 Y109.825 E699.18151
G1 X108.694 Y109.26 E699.1956
G1 X109.504 Y110.07 E699.22418
G1 X109.504 Y109.504 E699.2383
G1 X108.694 Y108.694 E699.26687
G1 X108.694 Y108.128 E699.28099
G1 X109.503 Y108.938 E699.30955
G1 X109.503 Y108.372 E699.32367
G1 X108.845 Y107.714 E699.34688
G1 X109.383 Y107.685 E699.36032
G1 X109.503 Y107.806 E699.36457
G1 X109.383 Y107.685
G1 X109.503 Y107.678 E699.36757
G1 F3900 E695.86757
G1 F600 Z8.3
G0 F12000 X109.503 Y107.678 Z8.3
G0 X109.111 Y104.361
;TYPE:WALL-INNER
G1 F600 Z8.1
G1 F3900 E699.36757
G1 F5400 X108.978 Y104.343 E699.37092
G1 X108.738 Y104.234 E699.37749
G1 X108.359 Y103.983 E699.38883
G1 X107.923 Y103.638 E699.4027
G1 X107.943 Y103.105 E699.41601
G1 X108.16 Y102.75 E699.42638
G1 X108.519 Y102.317 E699.44042
G1 X109.088 Y101.79 E699.45976
G1 X109.511 Y101.485 E699.47277
G1 X109.651 Y101.4 E699.47686
G1 X110.178 Y101.141 E699.4915
G1 X110.276 Y101.112 E699.49405
G1 X110.279 Y103.635 E699.55699
G1 X109.702 Y104.082 E699.5752
G1 X109.29 Y104.317 E699.58703
G1 X109.111 Y104.361 E699.59163
G0 F12000 X109.132 Y104.767
G1 F5400 X108.866 Y104.731 E699.59832
G1 X108.544 Y104.585 E699.60714
G1 X108.12 Y104.304 E699.61983
G1 X107.681 Y103.958 E699.63377
G1 X107.522 Y103.824 E699.63896
G1 X107.524 Y103.142 E699.65597
G1 X107.569 Y102.95 E699.66089
G1 X107.834 Y102.517 E699.67356
G1 X108.228 Y102.042 E699.68895
G1 X108.833 Y101.481 E699.70953
G1 X109.296 Y101.147 E699.72377
G1 X109.454 Y101.051 E699.72839
G1 X110.034 Y100.766 E699.74451
G1 X110.481 Y100.636 E699.75612
G1 X110.676 Y100.627 E699.76099
G1 X110.679 Y103.822 E699.84069
G1 X110.337 Y104.107 E699.85179
G1 X109.923 Y104.416 E699.86468
G1 X109.442 Y104.691 E699.8785
G1 X109.132 Y104.767 E699.88646
G0 F12000 X109.153 Y105.174
;TYPE:WALL-OUTER
G1 F1800 X108.754 Y105.119 E699.89651
G1 X108.35 Y104.936 E699.90757
G1 X107.887 Y104.629 E699.92143
G1 X107.423 Y104.264 E699.93616
G1 X107.122 Y104.01 E699.94598
G1 X107.124 Y103.098 E699.96873
G1 X107.195 Y102.795 E699.9765
G1 X107.508 Y102.284 E699.99144
G1 X107.937 Y101.767 E700.0082
G1 X108.578 Y101.172 E700.03002
G1 X109.081 Y100.809 E700.04549
G1 X109.257 Y100.702 E700.05063
G1 X109.89 Y100.391 E700.06822
G1 X110.417 Y100.238 E700.08191
G1 X110.792 Y100.221 E700.09128
G1 X110.975 Y100.299 E700.09624
G1 X111.046 Y100.391 E700.09914
G1 X111.076 Y100.523 E700.10251
G1 X111.079 Y104.009 E700.18947
G1 X110.576 Y104.428 E700.2058
G1 X110.144 Y104.75 E700.21924
G1 X109.593 Y105.065 E700.23508
G1 X109.153 Y105.174 E700.24638
G0 F12000 X109.13 Y104.735
G0 X109.09 Y103.965
;TYPE:SKIN
G1 F3000 X108.582 Y103.663 E700.26113
G1 X108.321 Y103.455 E700.26945
G1 X108.329 Y103.221 E700.27529
G1 X108.479 Y102.976 E700.28246
G1 X108.803 Y102.586 E700.29511
G1 X109.337 Y102.091 E700.31327
G1 X109.853 Y101.734 E700.32892
G1 X109.886 Y101.718 E700.32984
G1 X109.889 Y103.445 E700.37292
G1 X109.49 Y103.754 E700.38551
G1 X109.09 Y103.965 E700.39679
G0 F12000 X108.791 Y103.198
G1 F3000 X108.734 Y103.294 E700.39957
G1 X108.798 Y103.346 E700.40163
G1 X109.1 Y103.525 E700.41039
G1 X109.153 Y103.496 E700.41189
G1 X108.82 Y103.163 E700.42364
G1 X109.077 Y102.855 E700.43365
G1 X109.49 Y103.267 E700.4482
G1 X109.504 Y103.258 E700.44861
G1 X109.503 Y102.715 E700.46216
G1 X109.371 Y102.583 E700.46682
G1 X109.503 Y102.46 E700.47132
G1 F3900 E696.97132
G1 F600 Z8.3
G0 F12000 X109.503 Y102.46 Z8.3
G0 X128.6 Y115.56
;TYPE:WALL-OUTER
G1 F600 Z8.1
G1 F3900 E700.47132
G1 F1800 X128.6 Y104.439 E700.74873
G1 X129.212 Y104.464 E700.76401
G1 X129.374 Y104.642 E700.77001
G1 X129.4 Y104.786 E700.77366
G1 X129.4 Y115.214 E701.03379
G1 X129.372 Y115.365 E701.03762
G1 X129.206 Y115.538 E701.0436
G1 X128.6 Y115.56 E701.05873
G0 F12000 X128.861 Y115.284
;TYPE:SKIN
G1 F3000 X128.978 Y115.118 E701.06388
G1 X128.999 Y112.028 E701.14225
G1 X128.999 Y104.957 E701.32158
G1 X129.089 Y104.764 E701.32698
G0 F12000 X129 Y104.854
G1 F3900 E697.82698
G1 F600 Z8.3
;MESH:NONMESH
G0 F12000 X129 Y104.856 Z8.3
G0 X110.186 Y118.851
;TIME_ELAPSED:1023.872308
;LAYER:53
;MESH:filament_filter_idig3d.stl
G0 X110.186 Y118.851 Z8.45
;TYPE:WALL-INNER
G1 F600 Z8.25
G1 F3900 E701.32698
G1 F5400 X109.959 Y118.766 E701.33303
G1 X109.516 Y118.519 E701.34568
G1 X109.07 Y118.197 E701.3594
G1 X108.742 Y117.909 E701.37029
G1 X108.35 Y117.489 E701.38462
G1 X108.022 Y117.008 E701.39914
G1 X108.013 Y116.956 E701.40046
G1 X108.014 Y116.387 E701.41465
G1 X108.449 Y116.063 E701.42818
G1 X108.836 Y115.849 E701.43921
G1 X109.064 Y115.787 E701.44511
G1 X109.188 Y115.794 E701.44821
G1 X109.484 Y115.906 E701.4561
G1 X110.186 Y116.379 E701.47722
G1 X110.186 Y118.851 E701.53888
G0 F12000 X110.586 Y119.362
G1 F5400 X110.301 Y119.322 E701.54606
G1 X109.79 Y119.129 E701.55969
G1 X109.302 Y118.857 E701.57362
G1 X108.821 Y118.51 E701.58842
G1 X108.463 Y118.195 E701.60031
G1 X108.038 Y117.741 E701.61583
G1 X107.749 Y117.357 E701.62781
G1 X107.638 Y117.134 E701.63403
G1 X107.613 Y116.987 E701.63775
G1 X107.614 Y116.186 E701.65773
G1 X108.229 Y115.728 E701.67686
G1 X108.687 Y115.475 E701.68991
G1 X109.019 Y115.384 E701.6985
G1 X109.273 Y115.398 E701.70484
G1 X109.658 Y115.544 E701.71511
G1 X110.066 Y115.791 E701.72701
G1 X110.513 Y116.125 E701.74093
G1 X110.586 Y116.185 E701.74329
G1 X110.586 Y119.362 E701.82254
G0 F12000 X110.636 Y119.773
;TYPE:WALL-OUTER
G1 F1800 X110.2 Y119.712 E701.83352
G1 X109.623 Y119.493 E701.84891
G1 X109.088 Y119.195 E701.86419
G1 X108.572 Y118.823 E701.88006
G1 X108.184 Y118.482 E701.89294
G1 X107.726 Y117.993 E701.90966
G1 X107.409 Y117.572 E701.9228
G1 X107.254 Y117.26 E701.93149
G1 X107.213 Y117.019 E701.93759
G1 X107.214 Y115.994 E701.96316
G1 X107.601 Y115.684 E701.97553
G1 X108.012 Y115.391 E701.98812
G1 X108.538 Y115.101 E702.0031
G1 X108.973 Y114.981 E702.01436
G1 X109.358 Y115.002 E702.02398
G1 X109.833 Y115.182 E702.03665
G1 X110.287 Y115.457 E702.04989
G1 X110.766 Y115.815 E702.06481
G1 X110.986 Y115.995 E702.0719
G1 X110.986 Y119.474 E702.15868
G1 X110.954 Y119.6 E702.16192
G1 X110.82 Y119.724 E702.16648
G1 X110.636 Y119.773 E702.17123
G0 F12000 X110.546 Y119.334
G1 F3900 E698.67123
G0 F12000 X110.556 Y119.257
G0 X109.796 Y118.228
;TYPE:SKIN
G1 F3900 E702.17123
G1 F3000 X109.721 Y118.186 E702.17337
G1 X109.314 Y117.892 E702.1859
G1 X109.014 Y117.63 E702.19583
G1 X108.656 Y117.245 E702.20895
G1 X108.403 Y116.875 E702.22013
G1 X108.404 Y116.582 E702.22744
G1 X108.981 Y116.214 E702.24451
G1 X109.105 Y116.18 E702.24772
G1 X109.304 Y116.256 E702.25303
G1 X109.796 Y116.587 E702.26782
G1 X109.796 Y118.228 E702.30876
G0 F12000 X109.412 Y117.465
G1 F3000 X109.412 Y117.427 E702.30971
G1 X109.412 Y116.862 E702.3238
G1 X109.107 Y117.166 E702.33454
G1 X108.958 Y117.007 E702.33998
G1 X108.854 Y116.854 E702.34459
G1 X109.115 Y116.593 E702.3538
G0 F12000 X108.854 Y116.854
G1 F3000 X108.804 Y116.782 E702.35599
G1 X109.105 Y116.59 E702.36489
G1 F3900 E698.86489
G1 F600 Z8.45
G0 F12000 X109.105 Y116.59 Z8.45
G0 X108.014 Y113.456
;TYPE:WALL-INNER
G1 F600 Z8.25
G1 F3900 E702.36489
G1 F5400 X108.013 Y106.544 E702.53731
G1 X108.593 Y106.745 E702.55262
G1 X109.241 Y106.794 E702.56884
G1 X109.869 Y106.673 E702.58479
G1 X110.186 Y106.529 E702.59347
G1 X110.187 Y113.467 E702.76654
G1 X109.755 Y113.293 E702.77816
G1 X109.106 Y113.201 E702.79451
G1 X108.483 Y113.283 E702.81019
G1 X108.014 Y113.456 E702.82266
G0 F12000 X107.614 Y114.13
G1 F5400 X107.613 Y105.859 E703.02898
G1 X108.125 Y106.16 E703.04379
G1 X108.675 Y106.35 E703.05831
G1 X109.218 Y106.391 E703.07189
G1 X109.747 Y106.289 E703.08533
G1 X110.342 Y106.02 E703.10162
G1 X110.586 Y105.859 E703.10891
G1 X110.587 Y114.139 E703.31546
G1 X110.199 Y113.903 E703.32679
G1 X109.651 Y113.682 E703.34153
G1 X109.104 Y113.605 E703.35531
G1 X108.579 Y113.674 E703.36851
G1 X108.125 Y113.841 E703.38058
G1 X107.614 Y114.13 E703.39523
G0 F12000 X107.214 Y114.913
;TYPE:WALL-OUTER
G1 F1800 X107.213 Y105.086 E703.64036
G1 X107.685 Y105.437 E703.65503
G1 X108.293 Y105.795 E703.67263
G1 X108.757 Y105.955 E703.68488
G1 X109.195 Y105.988 E703.69583
G1 X109.625 Y105.905 E703.70676
G1 X110.149 Y105.668 E703.7211
G1 X110.7 Y105.306 E703.73755
G1 X110.986 Y105.087 E703.74654
G1 X110.987 Y114.914 E703.99167
G1 X110.516 Y114.564 E704.00631
G1 X110.019 Y114.262 E704.02082
G1 X109.547 Y114.071 E704.03352
G1 X109.102 Y114.009 E704.04473
G1 X108.675 Y114.065 E704.05547
G1 X108.293 Y114.205 E704.06562
G1 X107.832 Y114.465 E704.07882
G1 X107.36 Y114.799 E704.09324
G1 X107.214 Y114.913 E704.09786
G1 F3900 E700.59786
G0 F12000 X107.257 Y114.824
G0 X108.404 Y112.9
;TYPE:SKIN
G1 F3900 E704.09786
G1 F3000 X108.403 Y107.092 E704.24275
G1 X108.513 Y107.13 E704.24565
G1 X109.264 Y107.186 E704.26443
G1 X109.796 Y107.084 E704.27795
G1 X109.797 Y112.905 E704.42315
G1 X109.108 Y112.807 E704.44051
G1 X108.404 Y112.9 E704.45823
G1 F3900 E700.95823
G0 F12000 X109.413 Y112.462
G1 F3900 E704.45823
G1 F3000 X109.412 Y112.335 E704.46139
G1 X109.302 Y112.446 E704.46529
G1 X109.11 Y112.417 E704.47014
G1 X108.788 Y112.461 E704.47824
G1 X108.788 Y112.394 E704.47992
G1 X109.412 Y111.77 E704.50193
G1 X109.412 Y111.204 E704.51605
G1 X108.788 Y111.828 E704.53806
G1 X108.788 Y111.263 E704.55215
G1 X109.412 Y110.639 E704.57417
G1 X109.412 Y110.073 E704.58829
G1 X108.787 Y110.698 E704.61034
G1 X108.787 Y110.132 E704.62445
G1 X109.412 Y109.508 E704.64649
G1 X109.411 Y108.943 E704.66058
G1 X108.787 Y109.566 E704.68257
G1 X108.786 Y109.001 E704.69667
G1 X109.411 Y108.377 E704.7187
G1 X109.411 Y107.811 E704.73282
G1 X108.786 Y108.436 E704.75487
G1 X108.786 Y107.87 E704.76899
G1 X109.099 Y107.558 E704.78001
G0 F12000 X108.786 Y107.87
G1 F3000 X108.786 Y107.536 E704.78834
G1 F3900 E701.28834
G1 F600 Z8.45
G0 F12000 X108.786 Y107.536 Z8.45
G0 X109.119 Y104.214
;TYPE:WALL-INNER
G1 F600 Z8.25
G1 F3900 E704.78834
G1 F5400 X108.966 Y104.195 E704.79219
G1 X108.63 Y104.047 E704.80135
G1 X108.19 Y103.757 E704.81449
G1 X108.014 Y103.618 E704.82009
G1 X108.013 Y103.071 E704.83373
G1 X108.046 Y102.938 E704.83715
G1 X108.261 Y102.618 E704.84677
G1 X108.727 Y102.105 E704.86406
G1 X109.063 Y101.81 E704.87521
G1 X109.526 Y101.477 E704.88944
G1 X110.185 Y101.144 E704.90785
G1 X110.186 Y103.615 E704.96949
G1 X109.636 Y104.01 E704.98638
G1 X109.304 Y104.174 E704.99562
G1 X109.119 Y104.214 E705.00034
G0 F12000 X109.139 Y104.619
G1 F5400 X108.858 Y104.585 E705.0074
G1 X108.439 Y104.4 E705.01883
G1 X107.954 Y104.08 E705.03332
G1 X107.614 Y103.812 E705.04412
G1 X107.613 Y103.024 E705.06378
G1 X107.675 Y102.773 E705.07023
G1 X107.945 Y102.371 E705.08231
G1 X108.444 Y101.822 E705.10082
G1 X108.82 Y101.491 E705.11331
G1 X109.305 Y101.142 E705.12822
G1 X109.717 Y100.906 E705.14006
G1 X110.158 Y100.722 E705.15198
G1 X110.585 Y100.639 E705.16283
G1 X110.586 Y103.81 E705.24193
G1 X110.183 Y104.125 E705.25469
G1 X109.835 Y104.358 E705.26514
G1 X109.438 Y104.554 E705.27618
G1 X109.139 Y104.619 E705.28382
G0 F12000 X109.158 Y105.024
;TYPE:WALL-OUTER
G1 F1800 X108.751 Y104.975 E705.29404
G1 X108.243 Y104.751 E705.30789
G1 X107.723 Y104.407 E705.32344
G1 X107.214 Y104.006 E705.33961
G1 X107.213 Y102.977 E705.36528
G1 X107.304 Y102.608 E705.37476
G1 X107.63 Y102.123 E705.38933
G1 X108.161 Y101.539 E705.40902
G1 X108.571 Y101.178 E705.42265
G1 X109.087 Y100.806 E705.43852
G1 X109.542 Y100.546 E705.45159
G1 X110.037 Y100.339 E705.46498
G1 X110.534 Y100.224 E705.4777
G1 X110.818 Y100.274 E705.48489
G1 X110.955 Y100.399 E705.48952
G1 X110.985 Y100.523 E705.4927
G1 X110.986 Y104.005 E705.57956
G1 X110.419 Y104.449 E705.59753
G1 X110.039 Y104.703 E705.60893
G1 X109.571 Y104.935 E705.62196
G1 X109.158 Y105.024 E705.6325
G0 F12000 X109.138 Y104.585
G0 X109.102 Y103.819
;TYPE:SKIN
G1 F3000 X108.818 Y103.703 E705.64015
G1 X108.404 Y103.429 E705.65253
G1 X108.408 Y103.099 E705.66077
G1 X108.571 Y102.857 E705.66804
G1 X109.003 Y102.382 E705.68406
G1 X109.306 Y102.115 E705.69413
G1 X109.722 Y101.815 E705.70693
G1 X109.795 Y101.778 E705.70897
G1 X109.796 Y103.416 E705.74983
G1 X109.434 Y103.675 E705.76093
G1 X109.102 Y103.819 E705.76996
G0 F12000 X108.995 Y103.361
G1 F3000 X109.097 Y103.402 E705.7727
G1 X109.245 Y103.339 E705.77672
G1 X109.411 Y103.218 E705.78184
G1 X109.41 Y102.721 E705.79424
G1 X108.859 Y103.272 E705.81368
G1 X108.789 Y103.224 E705.81579
G1 X108.789 Y103.219 E705.81592
G1 X108.875 Y103.092 E705.81974
G1 X109.274 Y102.654 E705.83452
G1 X109.41 Y102.534 E705.83905
G1 F3900 E702.33905
G1 F600 Z8.45
G0 F12000 X109.41 Y102.534 Z8.45
G0 X128.6 Y115.509
;TYPE:WALL-OUTER
G1 F600 Z8.25
G1 F3900 E705.83905
G1 F1800 X128.6 Y104.49 E706.11392
G1 X129.212 Y104.517 E706.1292
G1 X129.304 Y104.583 E706.13202
G1 X129.374 Y104.7 E706.13542
G1 X129.4 Y104.849 E706.1392
G1 X129.4 Y115.15 E706.39616
G1 X129.371 Y115.306 E706.40012
G1 X129.304 Y115.416 E706.40333
G1 X129.085 Y115.511 E706.40928
G1 X128.6 Y115.509 E706.42138
G0 F12000 X128.998 Y115.094
;TYPE:SKIN
G1 F3000 X128.998 Y114.811 E706.42872
G1 X128.998 Y105.194 E706.67827
G1 X128.861 Y104.766 E706.68993
G1 F3900 E703.18993
G0 F12000 X128.798 Y104.829
G0 X129.189 Y115.186
G1 F3900 E706.68993
G1 F3000 X129.079 Y115.296 E706.69187
G0 F12000 X129 Y115.111
G1 F3900 E703.19187
G1 F600 Z8.45
;MESH:NONMESH
G0 F12000 X129 Y115.111 Z8.45
G0 X110.081 Y118.812
;TIME_ELAPSED:1031.587997
;LAYER:54
;MESH:filament_filter_idig3d.stl
G0 X110.081 Y118.812 Z8.6
;TYPE:WALL-INNER
G1 F600 Z8.4
G1 F3900 E706.69187
G1 F5400 X109.971 Y118.77 E706.69481
G1 X109.504 Y118.511 E706.70813
G1 X109.077 Y118.201 E706.72129
G1 X108.728 Y117.894 E706.73288
G1 X108.356 Y117.499 E706.74642
G1 X108.162 Y117.228 E706.75473
G1 X108.12 Y117.1 E706.75809
G1 X108.12 Y116.402 E706.7755
G1 X108.636 Y116.076 E706.79073
G1 X108.97 Y115.95 E706.79963
G1 X109.158 Y115.939 E706.80433
G1 X109.43 Y116.013 E706.81136
G1 X110.08 Y116.403 E706.83027
G1 X110.081 Y118.812 E706.89037
G0 F12000 X110.293 Y119.319
G1 F5400 X109.8 Y119.133 E706.90351
G1 X109.288 Y118.849 E706.91812
G1 X108.826 Y118.514 E706.93235
G1 X108.454 Y118.186 E706.94472
G1 X108.046 Y117.753 E706.95956
G1 X107.801 Y117.411 E706.97006
G1 X107.72 Y117.164 E706.97654
G1 X107.72 Y116.2 E707.00059
G1 X107.998 Y115.995 E707.00921
G1 X108.457 Y115.716 E707.0226
G1 X108.886 Y115.554 E707.03404
G1 X109.201 Y115.536 E707.04191
G1 X109.58 Y115.639 E707.05171
G1 X110.066 Y115.902 E707.0655
G1 X110.48 Y116.196 E707.07816
G1 X110.481 Y119.339 E707.15656
G1 X110.293 Y119.319 E707.16128
G0 F12000 X110.202 Y119.712
;TYPE:WALL-OUTER
G1 F1800 X109.628 Y119.495 E707.17659
G1 X109.077 Y119.189 E707.19231
G1 X108.571 Y118.823 E707.20789
G1 X108.18 Y118.478 E707.2209
G1 X107.736 Y118.006 E707.23706
G1 X107.443 Y117.597 E707.24961
G1 X107.327 Y117.27 E707.25827
G1 X107.32 Y117.185 E707.26039
G1 X107.32 Y115.998 E707.29
G1 X107.773 Y115.663 E707.30406
G1 X108.278 Y115.356 E707.3188
G1 X108.802 Y115.158 E707.33277
G1 X109.245 Y115.133 E707.34384
G1 X109.732 Y115.266 E707.35643
G1 X110.271 Y115.558 E707.37173
G1 X110.772 Y115.913 E707.38704
G1 X110.88 Y115.998 E707.39047
G1 X110.881 Y119.469 E707.47706
G1 X110.847 Y119.591 E707.48022
G1 X110.687 Y119.716 E707.48528
G1 X110.585 Y119.752 E707.48798
G1 X110.202 Y119.712 E707.49758
G0 F12000 X110.303 Y119.284
G1 F3900 E703.99758
G0 F12000 X110.326 Y119.225
G0 X109.691 Y118.164
;TYPE:SKIN
G1 F3900 E707.49758
G1 F3000 X108.999 Y117.614 E707.51963
G1 X108.514 Y117.049 E707.53821
G1 X108.51 Y116.617 E707.54899
G1 X108.811 Y116.427 E707.55787
G1 X109.121 Y116.333 E707.56595
G1 X109.275 Y116.374 E707.56992
G1 X109.69 Y116.624 E707.58201
G1 X109.691 Y118.164 E707.62042
G1 F3900 E704.12042
G0 F12000 X109.305 Y116.84
G1 F3900 E707.62042
G1 F3000 X109.126 Y116.732 E707.62564
G1 X108.975 Y116.777 E707.62957
G1 X108.902 Y116.822 E707.63171
G1 X109.307 Y117.226 E707.64598
G1 X109.307 Y117.366 E707.64947
G1 X109.269 Y117.337 E707.65066
G1 X108.895 Y116.904 E707.66493
G1 X108.895 Y116.826 E707.66688
G1 F3900 E704.16688
G1 F600 Z8.6
G0 F12000 X108.895 Y116.826 Z8.6
G0 X108.12 Y113.547
;TYPE:WALL-INNER
G1 F600 Z8.4
G1 F3900 E707.66688
G1 F5400 X108.119 Y106.446 E707.84401
G1 X108.705 Y106.618 E707.85925
G1 X109.375 Y106.633 E707.87597
G1 X110.064 Y106.462 E707.89368
G1 X110.078 Y106.455 E707.89407
G1 X110.079 Y113.554 E708.07115
G1 X109.524 Y113.387 E708.08561
G1 X108.832 Y113.367 E708.10288
G1 X108.169 Y113.524 E708.11987
G1 X108.12 Y113.547 E708.12122
G0 F12000 X107.72 Y114.186
G1 F5400 X107.719 Y105.81 E708.33016
G1 X108.168 Y106.043 E708.34278
G1 X108.767 Y106.219 E708.35836
G1 X109.331 Y106.232 E708.37243
G1 X109.928 Y106.084 E708.38777
G1 X110.449 Y105.835 E708.40218
G1 X110.478 Y105.816 E708.40304
G1 X110.479 Y114.189 E708.61191
G1 X110.034 Y113.958 E708.62441
G1 X109.459 Y113.785 E708.63939
G1 X108.873 Y113.768 E708.65402
G1 X108.301 Y113.904 E708.66868
G1 X107.786 Y114.144 E708.68286
G1 X107.72 Y114.186 E708.68481
G0 F12000 X107.32 Y114.929
;TYPE:WALL-OUTER
G1 F1800 X107.319 Y105.07 E708.93074
G1 X107.837 Y105.421 E708.94635
G1 X108.318 Y105.67 E708.95986
G1 X108.829 Y105.82 E708.97315
G1 X109.287 Y105.831 E708.98457
G1 X109.792 Y105.706 E708.99755
G1 X110.252 Y105.486 E709.01027
G1 X110.862 Y105.085 E709.02848
G1 X110.878 Y105.073 E709.02898
G1 X110.879 Y114.928 E709.27481
G1 X110.363 Y114.579 E709.29035
G1 X109.883 Y114.33 E709.30384
G1 X109.394 Y114.183 E709.31658
G1 X108.914 Y114.169 E709.32856
G1 X108.433 Y114.284 E709.34089
G1 X107.978 Y114.496 E709.35342
G1 X107.543 Y114.769 E709.36623
G1 X107.32 Y114.929 E709.37307
G1 F3900 E705.87307
G0 F12000 X107.365 Y114.841
G0 X108.51 Y113.042
;TYPE:SKIN
G1 F3900 E709.37307
G1 F3000 X108.509 Y106.966 E709.52464
G1 X108.645 Y107.006 E709.52818
G1 X109.418 Y107.025 E709.54747
G1 X109.688 Y106.958 E709.5544
G1 X109.689 Y113.03 E709.70587
G1 X109.587 Y112.999 E709.70853
G1 X108.791 Y112.975 E709.7284
G1 X108.51 Y113.042 E709.7356
G0 F12000 X108.893 Y112.591
G1 F3000 X109.207 Y112.601 E709.74344
G1 X108.893 Y112.287 E709.75452
G1 X108.893 Y111.721 E709.76863
G1 X109.304 Y112.132 E709.78313
G1 X109.304 Y111.567 E709.79723
G1 X108.893 Y111.155 E709.81174
G1 X108.893 Y110.59 E709.82584
G1 X109.304 Y111.001 E709.84034
G1 X109.304 Y110.435 E709.85446
G1 X108.893 Y110.024 E709.86896
G1 X108.892 Y109.458 E709.88307
G1 X109.303 Y109.869 E709.89757
G1 X109.303 Y109.303 E709.91169
G1 X108.892 Y108.892 E709.92619
G1 X108.892 Y108.326 E709.94031
G1 X109.303 Y108.738 E709.95483
G1 X109.303 Y108.172 E709.96895
G1 X108.892 Y107.76 E709.98346
G1 X108.892 Y107.396 E709.99254
G1 X109.098 Y107.401 E709.99768
G1 X109.303 Y107.606 E710.00492
G0 F12000 X109.303 Y107.406
G1 F3000 X109.098 Y107.401 E710.01003
G1 F3900 E706.51003
G1 F600 Z8.6
G0 F12000 X109.098 Y107.401 Z8.6
G0 X109.128 Y104.063
;TYPE:WALL-INNER
G1 F600 Z8.4
G1 F3900 E710.01003
G1 F5400 X108.91 Y104.037 E710.01551
G1 X108.64 Y103.927 E710.02278
G1 X108.121 Y103.599 E710.0381
G1 X108.119 Y102.908 E710.05533
G1 X108.234 Y102.657 E710.06222
G1 X108.516 Y102.322 E710.07314
G1 X109.201 Y101.701 E710.09621
G1 X109.66 Y101.394 E710.10998
G1 X110.081 Y101.184 E710.12172
G1 X110.081 Y103.593 E710.18181
G1 X109.747 Y103.823 E710.19193
G1 X109.364 Y104.013 E710.20259
G1 X109.128 Y104.063 E710.20861
G0 F12000 X109.146 Y104.468
G1 F5400 X108.81 Y104.428 E710.21705
G1 X108.459 Y104.285 E710.2265
G1 X107.99 Y104.001 E710.24018
G1 X107.721 Y103.801 E710.24854
G1 X107.719 Y102.866 E710.27187
G1 X107.752 Y102.706 E710.27594
G1 X107.902 Y102.429 E710.2838
G1 X108.226 Y102.045 E710.29633
G1 X108.951 Y101.388 E710.32074
G1 X109.465 Y101.044 E710.33617
G1 X109.962 Y100.796 E710.35002
G1 X110.481 Y100.658 E710.36342
G1 X110.481 Y103.803 E710.44187
G1 X109.95 Y104.169 E710.45796
G1 X109.497 Y104.394 E710.47058
G1 X109.146 Y104.468 E710.47952
G0 F12000 X109.163 Y104.873
;TYPE:WALL-OUTER
G1 F1800 X108.708 Y104.818 E710.49096
G1 X108.278 Y104.644 E710.50253
G1 X107.773 Y104.337 E710.51727
G1 X107.321 Y104.002 E710.53131
G1 X107.319 Y102.825 E710.56067
G1 X107.372 Y102.566 E710.56726
G1 X107.569 Y102.203 E710.57756
G1 X107.926 Y101.779 E710.59139
G1 X108.302 Y101.407 E710.60458
G1 X108.712 Y101.067 E710.61787
G1 X109.266 Y100.696 E710.6345
G1 X109.811 Y100.424 E710.6497
G1 X110.32 Y100.26 E710.66304
G1 X110.616 Y100.257 E710.67042
G1 X110.798 Y100.355 E710.67558
G1 X110.881 Y100.533 E710.68048
G1 X110.881 Y104.002 E710.76701
G1 X110.579 Y104.23 E710.77645
G1 X110.154 Y104.514 E710.7892
G1 X109.63 Y104.774 E710.80379
G1 X109.163 Y104.873 E710.8157
G0 F12000 X109.144 Y104.434
G0 X109.005 Y103.655
;TYPE:SKIN
G1 F3000 X108.511 Y103.383 E710.82977
G1 X108.509 Y102.992 E710.83952
G1 X108.566 Y102.868 E710.84293
G1 X108.799 Y102.592 E710.85194
G1 X109.442 Y102.009 E710.87359
G1 X109.691 Y101.842 E710.88107
G1 X109.691 Y103.389 E710.91966
G1 X109.238 Y103.641 E710.93259
G1 X109.005 Y103.655 E710.93841
G0 F12000 X108.892 Y103.075
G1 F3000 X108.893 Y103.155 E710.94041
G1 X109.09 Y103.265 E710.94603
G1 X109.127 Y103.263 E710.94696
G1 X109.306 Y103.161 E710.9521
G1 X109.306 Y103.084 E710.95402
G1 X109.079 Y102.857 E710.96203
G1 X109.306 Y102.649 E710.96971
G0 F12000 X109.076 Y102.859
G1 F3000 X108.893 Y103.074 E710.97675
G1 F3900 E707.47675
G1 F600 Z8.6
G0 F12000 X108.893 Y103.074 Z8.6
G0 X128.6 Y115.452
;TYPE:WALL-OUTER
G1 F600 Z8.4
G1 F3900 E710.97675
G1 F1800 X128.6 Y104.547 E711.24878
G1 X129.209 Y104.58 E711.26399
G1 X129.374 Y104.767 E711.27021
G1 X129.4 Y104.916 E711.27398
G1 X129.4 Y115.083 E711.5276
G1 X129.371 Y115.239 E711.53156
G1 X129.3 Y115.354 E711.53493
G1 X129.077 Y115.453 E711.54102
G1 X128.6 Y115.452 E711.55292
G0 F12000 X128.813 Y115.236
;TYPE:SKIN
G1 F3000 X128.943 Y115.083 E711.55792
G1 X128.999 Y114.291 E711.57769
G1 X128.999 Y104.957 E711.81019
G1 X129.142 Y104.818 E711.81516
G0 F12000 X129 Y104.974
G1 F3900 E708.31516
G1 F600 Z8.6
;MESH:NONMESH
G0 F12000 X129 Y104.974 Z8.6
G0 X109.955 Y118.758
;TIME_ELAPSED:1038.884011
;LAYER:55
;MESH:filament_filter_idig3d.stl
G0 X109.955 Y118.758 Z8.75
;TYPE:WALL-INNER
G1 F600 Z8.55
G1 F3900 E711.81516
G1 F5163.9 X109.514 Y118.518 E711.82768
G1 X109.059 Y118.187 E711.84172
G1 X108.425 Y117.574 E711.86371
G1 X108.246 Y117.249 E711.87297
G1 X108.245 Y116.445 E711.89303
G1 X108.719 Y116.168 E711.90672
G1 X108.961 Y116.096 E711.91302
G1 X109.214 Y116.093 E711.91933
G1 X109.492 Y116.174 E711.92655
G1 X109.953 Y116.442 E711.93985
G1 X109.955 Y118.758 E711.99763
G0 F12000 X110.356 Y119.308
G1 F5163.9 X110.159 Y119.277 E712.0026
G1 X109.699 Y119.084 E712.01505
G1 X109.295 Y118.853 E712.02666
G1 X108.808 Y118.499 E712.04167
G1 X108.455 Y118.187 E712.05343
G1 X108.107 Y117.821 E712.06602
G1 X107.882 Y117.467 E712.07649
G1 X107.846 Y117.29 E712.08099
G1 X107.845 Y116.216 E712.10778
G1 X108.559 Y115.799 E712.12841
G1 X108.901 Y115.696 E712.13732
G1 X109.269 Y115.693 E712.1465
G1 X109.651 Y115.804 E712.15642
G1 X110.353 Y116.212 E712.17668
G1 X110.356 Y119.308 E712.25391
G0 F12000 X110.427 Y119.724
;TYPE:WALL-OUTER
G1 F1721.3 X110.047 Y119.664 E712.2635
G1 X109.523 Y119.444 E712.27768
G1 X109.076 Y119.188 E712.29053
G1 X108.557 Y118.812 E712.30652
G1 X108.176 Y118.475 E712.31921
G1 X107.791 Y118.07 E712.33314
G1 X107.505 Y117.619 E712.34647
G1 X107.446 Y117.331 E712.3538
G1 X107.445 Y116.003 E712.38693
G1 X107.934 Y115.673 E712.40164
G1 X108.408 Y115.427 E712.41496
G1 X108.841 Y115.297 E712.42624
G1 X109.324 Y115.292 E712.43829
G1 X109.803 Y115.432 E712.45074
G1 X110.267 Y115.674 E712.46379
G1 X110.732 Y115.984 E712.47773
G1 X110.753 Y116 E712.47839
G1 X110.756 Y119.455 E712.56458
G1 X110.72 Y119.575 E712.5677
G1 X110.554 Y119.689 E712.57273
G1 X110.427 Y119.724 E712.57601
G0 F12000 X110.315 Y119.284
G1 F3900 E709.07601
G0 F12000 X110.328 Y119.204
G0 X109.565 Y118.071
;TYPE:SKIN
G1 F3900 E712.57601
G1 F2868.8 X109.309 Y117.885 E712.58391
G1 X108.737 Y117.333 E712.60374
G1 X108.636 Y117.149 E712.60897
G1 X108.635 Y116.669 E712.62095
G1 X109.02 Y116.486 E712.63158
G1 X109.335 Y116.534 E712.63953
G1 X109.563 Y116.667 E712.64611
G1 X109.565 Y118.071 E712.68113
G0 F12000 X109.18 Y117.225
G1 F2868.8 X109.179 Y117.094 E712.6844
G1 X109.112 Y117.161 E712.68677
G1 X109.045 Y117.094 E712.68913
G1 X109.02 Y117.05 E712.69039
G1 X109.018 Y116.911 E712.69386
G1 X109.078 Y116.882 E712.69552
G1 X109.179 Y116.898 E712.69807
G1 F3900 E709.19807
G1 F600 Z8.75
G0 F12000 X109.179 Y116.898 Z8.75
G0 X108.247 Y113.66
;TYPE:WALL-INNER
G1 F600 Z8.55
G1 F3900 E712.69807
G1 F5163.9 X108.246 Y106.347 E712.8805
G1 X108.815 Y106.482 E712.89508
G1 X109.547 Y106.46 E712.91335
G1 X109.954 Y106.339 E712.92394
G1 X109.955 Y113.64 E713.10607
G1 X109.26 Y113.506 E713.12372
G1 X108.527 Y113.563 E713.14206
G1 X108.247 Y113.66 E713.14946
G0 F12000 X107.847 Y114.249
G1 F5163.9 X107.846 Y105.75 E713.36147
G1 X108.242 Y105.935 E713.37237
G1 X108.856 Y106.081 E713.38811
G1 X109.483 Y106.062 E713.40376
G1 X110.103 Y105.878 E713.41989
G1 X110.354 Y105.748 E713.42694
G1 X110.355 Y114.243 E713.63885
G1 X109.843 Y114.026 E713.65272
G1 X109.237 Y113.909 E713.66812
G1 X108.609 Y113.958 E713.68383
G1 X107.973 Y114.178 E713.70062
G1 X107.847 Y114.249 E713.70423
G0 F12000 X107.579 Y114.857
;TYPE:WALL-OUTER
G1 F1721.3 X107.447 Y114.945 E713.70818
G1 X107.446 Y105.054 E713.95492
G1 X107.877 Y105.323 E713.96759
G1 X108.374 Y105.555 E713.98127
G1 X108.897 Y105.68 E713.99469
G1 X109.419 Y105.664 E714.00771
G1 X109.953 Y105.505 E714.02161
G1 X110.478 Y105.233 E714.03636
G1 X110.754 Y105.054 E714.04457
G1 X110.755 Y114.946 E714.29132
G1 X110.2 Y114.611 E714.3075
G1 X109.726 Y114.411 E714.32033
G1 X109.214 Y114.312 E714.33334
G1 X108.691 Y114.353 E714.34642
G1 X108.137 Y114.544 E714.36104
G1 X107.579 Y114.857 E714.377
G1 F3900 E710.877
G0 F12000 X107.51 Y114.844
G0 X108.637 Y113.163
;TYPE:SKIN
G1 F3900 E714.377
G1 F2868.8 X108.636 Y106.841 E714.5347
G1 X108.776 Y106.874 E714.53829
G1 X109.564 Y106.849 E714.55796
G1 X109.565 Y113.168 E714.71559
G1 X109.282 Y113.114 E714.72277
G1 X108.637 Y113.163 E714.73891
G0 F12000 X109.021 Y112.748
G1 F2868.8 X109.18 Y112.736 E714.74289
G1 X109.18 Y112.568 E714.74708
G1 X109.021 Y112.727 E714.75269
G1 X109.021 Y112.161 E714.76681
G1 X109.18 Y112.002 E714.77242
G1 X109.18 Y111.437 E714.78651
G1 X109.021 Y111.596 E714.79212
G1 X109.021 Y111.03 E714.80624
G1 X109.18 Y110.871 E714.81185
G1 X109.18 Y110.305 E714.82597
G1 X109.02 Y110.465 E714.83161
G1 X109.02 Y109.899 E714.84573
G1 X109.179 Y109.74 E714.85134
G1 X109.179 Y109.175 E714.86543
G1 X109.02 Y109.334 E714.87104
G1 X109.019 Y108.769 E714.88514
G1 X109.179 Y108.609 E714.89078
G1 X109.179 Y108.043 E714.9049
G1 X109.019 Y108.203 E714.91054
G1 X109.019 Y107.637 E714.92466
G1 X109.179 Y107.478 E714.93029
G0 F12000 X109.019 Y107.637
G1 F2868.8 X109.018 Y107.251 E714.93992
G1 X109.179 Y107.246 E714.94394
G1 F3900 E711.44394
G1 F600 Z8.75
G0 F12000 X109.179 Y107.246 Z8.75
G0 X108.961 Y103.904
;TYPE:WALL-INNER
G1 F600 Z8.55
G1 F3900 E714.94394
G1 F5163.9 X108.72 Y103.832 E714.95021
G1 X108.246 Y103.556 E714.96389
G1 X108.245 Y102.759 E714.98377
G1 X108.426 Y102.425 E714.99325
G1 X109.058 Y101.814 E715.01518
G1 X109.517 Y101.481 E715.02932
G1 X109.954 Y101.242 E715.04175
G1 X109.954 Y102.244 E715.06674
G1 X109.954 Y103.556 E715.09947
G1 X109.489 Y103.826 E715.11288
G1 X109.214 Y103.907 E715.12004
G1 X108.961 Y103.904 E715.12635
G0 F12000 X108.901 Y104.304
G1 F5163.9 X108.559 Y104.201 E715.13526
G1 X107.846 Y103.786 E715.15584
G1 X107.845 Y102.719 E715.18245
G1 X107.883 Y102.532 E715.18721
G1 X108.108 Y102.178 E715.19768
G1 X108.454 Y101.814 E715.2102
G1 X108.807 Y101.502 E715.22196
G1 X109.294 Y101.148 E715.23697
G1 X109.716 Y100.907 E715.2491
G1 X110.164 Y100.722 E715.26119
G1 X110.355 Y100.692 E715.26601
G1 X110.353 Y102.244 E715.30473
G1 X110.354 Y103.786 E715.34319
G1 X109.651 Y104.196 E715.36349
G1 X109.269 Y104.307 E715.37342
G1 X108.901 Y104.304 E715.3826
G0 F12000 X108.841 Y104.703
;TYPE:WALL-OUTER
G1 F1721.3 X108.408 Y104.573 E715.39387
G1 X107.934 Y104.327 E715.40719
G1 X107.446 Y103.999 E715.42186
G1 X107.445 Y102.678 E715.45481
G1 X107.506 Y102.378 E715.46245
G1 X107.79 Y101.931 E715.47566
G1 X108.175 Y101.526 E715.4896
G1 X108.556 Y101.189 E715.50229
G1 X109.075 Y100.813 E715.51828
G1 X109.542 Y100.546 E715.5317
G1 X110.053 Y100.335 E715.54549
G1 X110.427 Y100.276 E715.55493
G1 X110.66 Y100.368 E715.56118
G1 X110.728 Y100.444 E715.56372
G1 X110.755 Y100.543 E715.56628
G1 X110.753 Y102.244 E715.60872
G1 X110.754 Y103.999 E715.65249
G1 X110.272 Y104.323 E715.66698
G1 X109.803 Y104.568 E715.68018
G1 X109.324 Y104.708 E715.69263
G1 X108.841 Y104.703 E715.70468
G0 F12000 X108.907 Y104.268
G0 X109.02 Y103.514
;TYPE:SKIN
G1 F2868.8 X108.636 Y103.332 E715.71528
G1 X108.635 Y102.858 E715.7271
G1 X108.74 Y102.665 E715.73258
G1 X109.311 Y102.113 E715.75239
G1 X109.564 Y101.929 E715.7602
G1 X109.564 Y103.332 E715.7952
G1 X109.337 Y103.464 E715.80175
G1 X109.02 Y103.514 E715.80975
G0 F12000 X109.076 Y103.115
G1 F2868.8 X109.178 Y103.098 E715.81233
G1 X109.178 Y102.953 E715.81595
G1 X109.035 Y103.096 E715.82099
G1 X109.019 Y103.088 E715.82144
G1 X109.018 Y102.956 E715.82473
G1 X109.05 Y102.898 E715.82638
G1 X109.179 Y102.774 E715.83085
G1 F3900 E712.33085
G1 F600 Z8.75
G0 F12000 X109.179 Y102.774 Z8.75
G0 X128.6 Y115.383
;TYPE:WALL-OUTER
G1 F600 Z8.55
G1 F3900 E715.83085
G1 F1721.3 X128.6 Y104.615 E716.09946
G1 X128.631 Y104.615 E716.10023
G1 X129.209 Y104.647 E716.11467
G1 X129.303 Y104.716 E716.11758
G1 X129.374 Y104.836 E716.12106
G1 X129.4 Y104.983 E716.12478
G1 X129.4 Y115.016 E716.37506
G1 X129.372 Y115.172 E716.37901
G1 X129.205 Y115.354 E716.38517
G1 X128.6 Y115.383 E716.40028
G0 F12000 X129.062 Y115.029
;TYPE:SKIN
G1 F2868.8 X128.999 Y114.81 E716.40619
G1 X128.998 Y105.194 E716.65577
G1 X128.935 Y104.975 E716.66169
G0 F12000 X129 Y105.04
G1 F3900 E713.16169
G1 F600 Z8.75
;MESH:NONMESH
G0 F12000 X129 Y105.04 Z8.75
G0 X109.807 Y118.675
;TIME_ELAPSED:1045.928202
;LAYER:56
;MESH:filament_filter_idig3d.stl
G0 X109.807 Y118.675 Z8.9
;TYPE:WALL-INNER
G1 F600 Z8.7
G1 F3900 E716.66169
G1 F4769.6 X109.305 Y118.377 E716.67625
G1 X108.845 Y118.006 E716.69099
G1 X108.554 Y117.705 E716.70144
G1 X108.395 Y117.423 E716.70951
G1 X108.393 Y116.461 E716.73351
G1 X108.839 Y116.27 E716.74561
G1 X109.101 Y116.233 E716.75221
G1 X109.336 Y116.264 E716.75812
G1 X109.807 Y116.461 E716.77086
G1 X109.807 Y118.675 E716.82609
G0 F12000 X110.207 Y119.244
G1 F4769.6 X110.009 Y119.213 E716.83109
G1 X109.467 Y118.957 E716.84604
G1 X109.073 Y118.703 E716.85773
G1 X108.576 Y118.302 E716.87366
G1 X108.239 Y117.954 E716.88575
G1 X108.044 Y117.662 E716.89451
G1 X107.995 Y117.476 E716.8993
G1 X107.992 Y116.233 E716.93031
G1 X108.266 Y116.07 E716.93826
G1 X108.734 Y115.881 E716.95085
G1 X109.101 Y115.829 E716.9601
G1 X109.435 Y115.873 E716.9685
G1 X109.927 Y116.067 E716.9817
G1 X110.207 Y116.233 E716.98982
G1 X110.207 Y119.244 E717.06493
G0 F12000 X110.299 Y119.663
;TYPE:WALL-OUTER
G1 F1589.9 X109.888 Y119.599 E717.0753
G1 X109.275 Y119.309 E717.09222
G1 X108.841 Y119.029 E717.1051
G1 X108.307 Y118.598 E717.12222
G1 X107.924 Y118.203 E717.13595
G1 X107.674 Y117.828 E717.14719
G1 X107.595 Y117.531 E717.15485
G1 X107.592 Y116.007 E717.19287
G1 X108.091 Y115.709 E717.20737
G1 X108.629 Y115.492 E717.22184
G1 X109.1 Y115.425 E717.23371
G1 X109.535 Y115.482 E717.24465
G1 X110.104 Y115.707 E717.25991
G1 X110.607 Y116.006 E717.27451
G1 X110.607 Y119.438 E717.36012
G1 X110.524 Y119.588 E717.3644
G1 X110.299 Y119.663 E717.37032
G0 F12000 X110.167 Y119.225
G1 F3900 E713.87032
G0 F12000 X110.181 Y119.139
G0 X109.417 Y117.965
;TYPE:SKIN
G1 F3900 E717.37032
G1 F2649.8 X108.868 Y117.467 E717.38881
G1 X108.785 Y117.321 E717.393
G1 X108.783 Y116.719 E717.40801
G1 X109.105 Y116.626 E717.41637
G1 X109.417 Y116.721 E717.42451
G1 X109.417 Y117.965 E717.45554
G1 F3900 E713.95554
G1 F600 Z8.9
G0 F12000 X109.417 Y117.965 Z8.9
G0 X108.393 Y113.762
;TYPE:WALL-INNER
G1 F600 Z8.7
G1 F3900 E717.45554
G1 F4769.6 X108.392 Y106.254 E717.64283
G1 X109.09 Y106.347 E717.66039
G1 X109.713 Y106.279 E717.67603
G1 X109.807 Y106.249 E717.67849
G1 X109.808 Y113.751 E717.86563
G1 X109.703 Y113.717 E717.86838
G1 X108.963 Y113.655 E717.8869
G1 X108.393 Y113.762 E717.90137
G0 F12000 X107.993 Y114.317
G1 F4769.6 X107.992 Y105.689 E718.1166
G1 X108.457 Y105.859 E718.12895
G1 X109.095 Y105.944 E718.145
G1 X109.629 Y105.886 E718.1584
G1 X110.176 Y105.71 E718.17274
G1 X110.207 Y105.694 E718.17361
G1 X110.208 Y114.307 E718.38846
G1 X110.177 Y114.291 E718.38933
G1 X109.624 Y114.112 E718.40383
G1 X108.983 Y114.058 E718.41987
G1 X108.309 Y114.184 E718.43698
G1 X107.993 Y114.317 E718.44553
G0 F12000 X107.593 Y114.966
;TYPE:WALL-OUTER
G1 F1589.9 X107.592 Y105.034 E718.69329
G1 X108.059 Y105.287 E718.70653
G1 X108.553 Y105.468 E718.71966
G1 X109.1 Y105.541 E718.73342
G1 X109.545 Y105.493 E718.74459
G1 X110.022 Y105.339 E718.75709
G1 X110.591 Y105.045 E718.77307
G1 X110.607 Y105.035 E718.77354
G1 X110.608 Y114.966 E719.02127
G1 X110.022 Y114.661 E719.03775
G1 X109.545 Y114.507 E719.05025
G1 X109.003 Y114.461 E719.06382
G1 X108.425 Y114.569 E719.07849
G1 X107.91 Y114.786 E719.09243
G1 X107.593 Y114.966 E719.10152
G1 F3900 E715.60152
G0 F12000 X107.607 Y114.843
G0 X108.783 Y113.291
;TYPE:SKIN
G1 F3900 E719.10152
G1 F2649.8 X108.782 Y106.699 E719.26596
G1 X109.086 Y106.739 E719.27361
G1 X109.417 Y106.704 E719.28191
G1 X109.418 Y113.302 E719.4465
G1 X108.943 Y113.261 E719.45839
G1 X108.783 Y113.291 E719.46245
G1 F3900 E715.96245
G1 F600 Z8.9
G0 F12000 X108.783 Y113.291 Z8.9
G0 X109.101 Y103.767
;TYPE:WALL-INNER
G1 F600 Z8.7
G1 F3900 E719.46245
G1 F4769.6 X108.839 Y103.73 E719.46905
G1 X108.392 Y103.54 E719.48117
G1 X108.395 Y102.586 E719.50497
G1 X108.549 Y102.301 E719.51305
G1 X109.184 Y101.714 E719.53462
G1 X109.683 Y101.381 E719.54959
G1 X109.807 Y101.319 E719.55304
G1 X109.808 Y103.54 E719.60845
G1 X109.335 Y103.736 E719.62122
G1 X109.101 Y103.767 E719.62711
G0 F12000 X109.101 Y104.171
G1 F4769.6 X108.734 Y104.119 E719.63635
G1 X108.268 Y103.931 E719.64889
G1 X107.993 Y103.768 E719.65686
G1 X107.992 Y103.36 E719.66704
G1 X107.995 Y102.535 E719.68762
G1 X108.043 Y102.338 E719.69268
G1 X108.234 Y102.052 E719.70126
G1 X108.58 Y101.695 E719.71366
G1 X108.947 Y101.391 E719.72555
G1 X109.479 Y101.036 E719.7415
G1 X109.948 Y100.803 E719.75456
G1 X110.207 Y100.748 E719.76117
G1 X110.208 Y103.766 E719.83645
G1 X109.937 Y103.928 E719.84433
G1 X109.435 Y104.127 E719.8578
G1 X109.101 Y104.171 E719.8662
G0 F12000 X109.1 Y104.575
;TYPE:WALL-OUTER
G1 F1589.9 X108.629 Y104.508 E719.87807
G1 X108.091 Y104.291 E719.89254
G1 X107.619 Y104.011 E719.90623
G1 X107.593 Y103.993 E719.90702
G1 X107.592 Y103.359 E719.92284
G1 X107.595 Y102.487 E719.94459
G1 X107.672 Y102.175 E719.9526
G1 X107.923 Y101.797 E719.96392
G1 X108.306 Y101.403 E719.97763
G1 X108.711 Y101.068 E719.99074
G1 X109.275 Y100.691 E720.00766
G1 X109.815 Y100.423 E720.0227
G1 X110.252 Y100.33 E720.03385
G1 X110.516 Y100.406 E720.0407
G1 X110.572 Y100.451 E720.04249
G1 X110.607 Y100.565 E720.04547
G1 X110.608 Y103.992 E720.13095
G1 X110.11 Y104.29 E720.14543
G1 X109.536 Y104.518 E720.16084
G1 X109.1 Y104.575 E720.17181
G0 F12000 X109.102 Y104.135
G0 X109.105 Y103.374
;TYPE:SKIN
G1 F2649.8 X108.782 Y103.283 E720.18018
G1 X108.785 Y102.685 E720.19509
G1 X108.861 Y102.544 E720.19909
G1 X109.417 Y102.029 E720.21799
G1 X109.418 Y103.279 E720.24918
G1 X109.105 Y103.374 E720.25734
G1 F3900 E716.75734
G1 F600 Z8.9
G0 F12000 X109.105 Y103.374 Z8.9
G0 X128.6 Y115.314
;TYPE:WALL-OUTER
G1 F600 Z8.7
G1 F3900 E720.25734
G1 F1589.9 X128.6 Y104.685 E720.52248
G1 X129.206 Y104.712 E720.53761
G1 X129.303 Y104.784 E720.54062
G1 X129.374 Y104.903 E720.54408
G1 X129.4 Y105.049 E720.54778
G1 X129.4 Y114.949 E720.79473
G1 X129.372 Y115.105 E720.79869
G1 X129.206 Y115.287 E720.80483
G1 X128.6 Y115.314 E720.81996
G0 F12000 X128.877 Y115.017
;TYPE:SKIN
G1 F2649.8 X128.984 Y114.841 E720.82521
G1 X128.998 Y110.331 E720.94004
G1 X128.998 Y105.239 E721.06969
G1 X129.069 Y105.028 E721.07535
G0 F12000 X129 Y105.1
G1 F3900 E717.57535
G1 F600 Z8.9
;MESH:NONMESH
G0 F12000 X129 Y105.103 Z8.9
G0 X109.631 Y118.587
;TIME_ELAPSED:1052.730591
;LAYER:57
;MESH:filament_filter_idig3d.stl
G0 X109.631 Y118.587 Z9.05
;TYPE:WALL-INNER
G1 F600 Z8.85
G1 F3900 E721.07535
G1 F4660.9 X109.313 Y118.38 E721.08482
G1 X108.87 Y118.01 E721.09922
G1 X108.618 Y117.709 E721.10901
G1 X108.568 Y117.58 E721.11246
G1 X108.568 Y116.507 E721.13923
G1 X108.996 Y116.388 E721.15031
G1 X109.25 Y116.394 E721.15665
G1 X109.631 Y116.505 E721.16655
G1 X109.631 Y118.587 E721.21848
G0 F12000 X109.979 Y119.172
G1 F4660.9 X109.466 Y118.956 E721.23237
G1 X109.075 Y118.702 E721.244
G1 X108.586 Y118.294 E721.25988
G1 X108.268 Y117.913 E721.27226
G1 X108.168 Y117.657 E721.27912
G1 X108.168 Y116.258 E721.31402
G1 X108.478 Y116.106 E721.32263
G1 X108.95 Y115.987 E721.33477
G1 X109.311 Y115.995 E721.34378
G1 X109.786 Y116.133 E721.35612
G1 X110.031 Y116.258 E721.36298
G1 X110.031 Y119.176 E721.43577
G1 X109.979 Y119.172 E721.43707
G0 F12000 X109.883 Y119.566
;TYPE:WALL-OUTER
G1 F1553.6 X109.276 Y119.31 E721.4535
G1 X108.838 Y119.026 E721.46653
G1 X108.302 Y118.578 E721.48395
G1 X107.93 Y118.133 E721.49842
G1 X107.793 Y117.849 E721.50629
G1 X107.768 Y117.684 E721.51045
G1 X107.767 Y116.619 E721.53701
G1 X107.769 Y116.013 E721.55213
G1 X108.26 Y115.762 E721.56589
G1 X108.353 Y115.725 E721.56838
G1 X108.904 Y115.586 E721.58256
G1 X109.372 Y115.596 E721.59424
G1 X109.933 Y115.759 E721.60881
G1 X110.431 Y116.014 E721.62277
G1 X110.431 Y119.398 E721.70718
G1 X110.383 Y119.511 E721.71024
G1 X110.167 Y119.587 E721.71595
G1 X109.883 Y119.566 E721.72306
G0 F12000 X109.986 Y119.139
G1 F3900 E718.22306
G0 F12000 X110.012 Y119.078
G0 X109.241 Y117.811
;TYPE:SKIN
G1 F3900 E721.72306
G1 F2589.4 X108.958 Y117.508 E721.7334
G1 X108.958 Y116.803 E721.75099
G1 X109.241 Y116.797 E721.75805
G1 X109.241 Y117.811 E721.78334
G1 F3900 E718.28334
G1 F600 Z9.05
G0 F12000 X109.241 Y117.811 Z9.05
G0 X108.569 Y113.868
;TYPE:WALL-INNER
G1 F600 Z8.85
G1 F3900 E721.78334
G1 F4660.9 X108.568 Y106.142 E721.97607
G1 X108.645 Y106.162 E721.97805
G1 X109.412 Y106.18 E721.99719
G1 X109.631 Y106.133 E722.00278
G1 X109.632 Y113.855 E722.1954
G1 X109.604 Y113.847 E722.19613
G1 X108.958 Y113.807 E722.21228
G1 X108.569 Y113.868 E722.2221
G0 F12000 X108.169 Y114.387
G1 F4660.9 X108.168 Y105.622 E722.44074
G1 X108.702 Y105.763 E722.45452
G1 X109.374 Y105.779 E722.47129
G1 X109.948 Y105.655 E722.48594
G1 X110.031 Y105.62 E722.48818
G1 X110.032 Y114.381 E722.70673
G1 X109.537 Y114.244 E722.71954
G1 X108.977 Y114.209 E722.73354
G1 X108.412 Y114.298 E722.7478
G1 X108.169 Y114.387 E722.75426
G0 F12000 X107.98 Y114.883
;TYPE:WALL-OUTER
G1 F1553.6 X107.769 Y114.989 E722.76015
G1 X107.768 Y105.011 E723.00905
G1 X108.256 Y105.232 E723.02241
G1 X108.758 Y105.364 E723.03536
G1 X109.336 Y105.378 E723.04979
G1 X109.827 Y105.272 E723.06232
G1 X110.38 Y105.039 E723.07728
G1 X110.431 Y105.011 E723.07874
G1 X110.432 Y114.989 E723.32764
G1 X109.976 Y114.78 E723.34015
G1 X109.471 Y114.641 E723.35322
G1 X108.996 Y114.611 E723.36509
G1 X108.513 Y114.687 E723.37729
G1 X107.98 Y114.883 E723.39145
G1 F3900 E719.89145
G0 F12000 X107.809 Y114.857
G0 X108.959 Y113.416
;TYPE:SKIN
G1 F3900 E723.39145
G1 F2589.4 X108.958 Y106.559 E723.5625
G1 X109.241 Y106.566 E723.56956
G1 X109.242 Y113.434 E723.74089
G1 X108.959 Y113.416 E723.74796
G1 F3900 E720.24796
G1 F600 Z9.05
G0 F12000 X108.959 Y113.416 Z9.05
G0 X109.108 Y103.618
;TYPE:WALL-INNER
G1 F600 Z8.85
G1 F3900 E723.74796
G1 F4660.9 X108.795 Y103.573 E723.75585
G1 X108.569 Y103.48 E723.76194
G1 X108.568 Y102.435 E723.78801
G1 X108.605 Y102.314 E723.79117
G1 X108.776 Y102.083 E723.79834
G1 X109.064 Y101.811 E723.80822
G1 X109.502 Y101.492 E723.82174
G1 X109.631 Y101.423 E723.82538
G1 X109.632 Y103.476 E723.8766
G1 X109.386 Y103.58 E723.88326
G1 X109.108 Y103.618 E723.89026
G0 F12000 X109.105 Y104.021
G1 F4660.9 X108.687 Y103.962 E723.90079
G1 X108.169 Y103.748 E723.91477
G1 X108.168 Y102.376 E723.94899
G1 X108.243 Y102.132 E723.95536
G1 X108.475 Y101.817 E723.96512
G1 X108.81 Y101.501 E723.97661
G1 X109.286 Y101.154 E723.9913
G1 X109.744 Y100.911 E724.00424
G1 X110.031 Y100.82 E724.01175
G1 X110.032 Y103.74 E724.08459
G1 X109.493 Y103.969 E724.09919
G1 X109.105 Y104.021 E724.10896
G0 F12000 X109.102 Y104.425
;TYPE:WALL-OUTER
G1 F1553.6 X108.586 Y104.352 E724.12196
G1 X108.111 Y104.171 E724.13464
G1 X107.769 Y103.988 E724.14432
G1 X107.768 Y102.315 E724.18605
G1 X107.879 Y101.951 E724.19554
G1 X108.174 Y101.551 E724.20794
G1 X108.556 Y101.191 E724.22103
G1 X109.07 Y100.816 E724.2369
G1 X109.583 Y100.544 E724.25139
G1 X109.951 Y100.415 E724.26112
G1 X110.289 Y100.434 E724.26956
G1 X110.388 Y100.493 E724.27244
G1 X110.431 Y100.605 E724.27543
G1 X110.432 Y103.985 E724.35974
G1 X109.933 Y104.241 E724.37373
G1 X109.586 Y104.36 E724.38288
G1 X109.102 Y104.425 E724.39507
G0 F12000 X109.103 Y103.985
G0 X109.242 Y103.207
;TYPE:SKIN
G1 F2589.4 X108.959 Y103.203 E724.40213
G1 X108.958 Y102.493 E724.41984
G1 X109.241 Y102.18 E724.43036
G1 X109.242 Y103.207 E724.45598
G1 F3900 E720.95598
G1 F600 Z9.05
G0 F12000 X109.242 Y103.207 Z9.05
G0 X128.6 Y115.245
;TYPE:WALL-OUTER
G1 F600 Z8.85
G1 F3900 E724.45598
G1 F1553.6 X128.6 Y104.754 E724.71768
G1 X129.206 Y104.779 E724.73281
G1 X129.302 Y104.85 E724.73579
G1 X129.374 Y104.975 E724.73939
G1 X129.4 Y105.132 E724.74336
G1 X129.4 Y114.867 E724.9862
G1 X129.311 Y115.137 E724.99329
G1 X129.205 Y115.22 E724.99665
G1 X128.6 Y115.245 E725.01175
G0 F12000 X128.999 Y114.81
;TYPE:SKIN
G1 F2589.4 X128.999 Y114.527 E725.01913
G1 X128.999 Y105.476 E725.25505
G1 X128.871 Y105.039 E725.26692
G1 F3900 E721.76692
G0 F12000 X128.798 Y105.112
G0 X129.172 Y114.921
G1 F3900 E725.26692
G1 F2589.4 X129.066 Y115.026 E725.26879
G0 F12000 X129 Y114.805
G1 F3900 E721.76879
G1 F600 Z9.05
;MESH:NONMESH
G0 F12000 X129 Y114.805 Z9.05
G0 X109.416 Y118.41
;TIME_ELAPSED:1059.648026
;LAYER:58
;MESH:filament_filter_idig3d.stl
G0 X109.416 Y118.41 Z9.2
;TYPE:WALL-INNER
G1 F600 Z9
G1 F3900 E725.26879
G1 F3955.3 X109.051 Y118.137 E725.28016
G1 X108.828 Y117.878 E725.28868
G1 X108.79 Y117.782 E725.29126
G1 X108.787 Y116.578 E725.32129
G1 X109.103 Y116.533 E725.32925
G1 X109.415 Y116.573 E725.3371
G1 X109.416 Y118.41 E725.38292
G0 F12000 X109.816 Y119.046
G1 F3955.3 X109.635 Y119.004 E725.38756
G1 X109.082 Y118.677 E725.40358
G1 X108.772 Y118.426 E725.41353
G1 X108.482 Y118.088 E725.42464
G1 X108.39 Y117.861 E725.43075
G1 X108.386 Y116.294 E725.46984
G1 X108.643 Y116.194 E725.47672
G1 X109.102 Y116.129 E725.48829
G1 X109.519 Y116.183 E725.49877
G1 X109.815 Y116.291 E725.50663
G1 X109.816 Y119.046 E725.57536
G0 F12000 X109.947 Y119.486
;TYPE:WALL-OUTER
G1 F1318.4 X109.485 Y119.38 E725.58718
G1 X108.855 Y119.007 E725.60545
G1 X108.491 Y118.713 E725.61712
G1 X108.149 Y118.314 E725.63023
G1 X108.016 Y118.057 E725.63745
G1 X107.99 Y117.892 E725.64161
G1 X107.985 Y116.022 E725.68826
G1 X108.542 Y115.804 E725.70318
G1 X109.102 Y115.725 E725.71729
G1 X109.616 Y115.792 E725.73022
G1 X110.121 Y115.977 E725.74363
G1 X110.215 Y116.023 E725.74624
G1 X110.216 Y119.34 E725.82899
G1 X110.179 Y119.426 E725.83132
G1 X109.947 Y119.486 E725.8373
G0 F12000 X109.67 Y118.561
G1 F3900 E722.3373
G1 F600 Z9.2
G0 F12000 X109.481 Y118.449 Z9.2
G0 X108.785 Y113.989
;TYPE:WALL-INNER
G1 F600 Z9
G1 F3900 E725.8373
G1 F3955.3 X108.784 Y106.017 E726.03616
G1 X108.951 Y106.043 E726.04038
G1 X109.415 Y106.015 E726.05197
G1 X109.416 Y113.989 E726.25089
G1 X109.101 Y113.955 E726.25879
G1 X108.785 Y113.989 E726.26672
G0 F12000 X108.385 Y114.46
G1 F3955.3 X108.384 Y105.549 E726.489
G1 X108.97 Y105.641 E726.5038
G1 X109.562 Y105.605 E726.5186
G1 X109.815 Y105.535 E726.52514
G1 X109.816 Y114.461 E726.7478
G1 X109.697 Y114.421 E726.75094
G1 X109.101 Y114.357 E726.76589
G1 X108.509 Y114.42 E726.78074
G1 X108.385 Y114.46 E726.78399
G0 F12000 X108.04 Y114.99
;TYPE:WALL-OUTER
G1 F1318.4 X107.985 Y115.015 E726.7855
G1 X107.984 Y104.985 E727.0357
G1 X108.472 Y105.158 E727.04861
G1 X108.989 Y105.239 E727.06166
G1 X109.496 Y105.208 E727.07434
G1 X110.037 Y105.058 E727.08834
G1 X110.215 Y104.985 E727.09314
G1 X110.216 Y115.016 E727.34336
G1 X109.611 Y114.814 E727.35927
G1 X109.101 Y114.759 E727.37207
G1 X108.592 Y114.813 E727.38484
G1 X108.04 Y114.99 E727.3993
G1 F3900 E723.8993
G0 F12000 X108.035 Y114.914
G0 X109.216 Y113.742
G0 X109.099 Y113.625
;TYPE:SKIN
G1 F3900 E727.3993
G1 F2197.4 X109.099 Y113.342 E727.40361
G1 X109.099 Y106.553 E727.50704
G1 X109.14 Y106.311 E727.51078
G0 F12000 X109.216 Y106.387
G1 F3900 E724.01078
G1 F600 Z9.2
G0 F12000 X109.216 Y106.387 Z9.2
G0 X109.102 Y103.467
;TYPE:WALL-INNER
G1 F600 Z9
G1 F3900 E727.51078
G1 F3955.3 X108.787 Y103.423 E727.51871
G1 X108.79 Y102.23 E727.54847
G1 X108.856 Y102.088 E727.55238
G1 X109.152 Y101.775 E727.56312
G1 X109.415 Y101.588 E727.57117
G1 X109.416 Y103.427 E727.61705
G1 X109.102 Y103.467 E727.62494
G0 F12000 X109.102 Y103.871
G1 F3955.3 X108.645 Y103.807 E727.63645
G1 X108.386 Y103.708 E727.64337
G1 X108.39 Y102.141 E727.68246
G1 X108.52 Y101.861 E727.69016
G1 X108.888 Y101.473 E727.7035
G1 X109.143 Y101.283 E727.71143
G1 X109.655 Y100.988 E727.72617
G1 X109.815 Y100.952 E727.73026
G1 X109.816 Y103.702 E727.79886
G1 X109.519 Y103.817 E727.80681
G1 X109.102 Y103.871 E727.8173
G0 F12000 X109.102 Y104.275
;TYPE:WALL-OUTER
G1 F1318.4 X108.542 Y104.196 E727.8314
G1 X108.029 Y104 E727.8451
G1 X107.985 Y103.978 E727.84633
G1 X107.99 Y102.112 E727.89288
G1 X108.017 Y101.938 E727.89727
G1 X108.197 Y101.62 E727.90638
G1 X108.62 Y101.173 E727.92174
G1 X108.925 Y100.946 E727.93122
G1 X109.505 Y100.612 E727.94792
G1 X109.945 Y100.514 E727.95916
G1 X110.177 Y100.572 E727.96513
G1 X110.215 Y100.659 E727.96749
G1 X110.216 Y103.976 E728.05024
G1 X109.616 Y104.208 E728.06628
G1 X109.102 Y104.275 E728.07921
G0 F12000 X109.104 Y103.835
G0 X109.06 Y103.462
G1 F3900 E724.57921
G1 F600 Z9.2
G0 F12000 X109.06 Y103.462 Z9.2
G0 X128.6 Y115.177
G1 F600 Z9
G1 F3900 E728.07921
G1 F1318.4 X128.6 Y104.823 E728.3375
G1 X128.653 Y104.823 E728.33882
G1 X129.207 Y104.858 E728.35266
G1 X129.3 Y104.93 E728.3556
G1 X129.374 Y105.062 E728.35937
G1 X129.4 Y105.219 E728.36334
G1 X129.4 Y114.78 E728.60184
G1 X129.371 Y114.948 E728.6061
G1 X129.299 Y115.071 E728.60965
G1 X129.201 Y115.145 E728.61271
G1 X128.616 Y115.177 E728.62733
G1 X128.6 Y115.177 E728.62773
G0 F12000 X128.945 Y114.802
;TYPE:SKIN
G1 F2197.4 X128.998 Y114.573 E728.63379
G1 X128.999 Y108.068 E728.8015
G1 X128.999 Y105.24 E728.8744
G1 X129.138 Y105.097 E728.87955
G0 F12000 X128.982 Y105.244
G1 F3900 E725.37955
G1 F600 Z9.2
;MESH:NONMESH
G0 F12000 X128.999 Y105.243 Z9.2
G0 X109.136 Y118.052
;TIME_ELAPSED:1066.243951
;LAYER:59
;MESH:filament_filter_idig3d.stl
G0 X109.136 Y118.052 Z9.35
;TYPE:WALL-INNER
G1 F600 Z9.15
G1 F3900 E728.87955
G1 F3522.2 X109.071 Y117.961 E728.88234
G1 X109.066 Y116.685 E728.91417
G1 X109.135 Y116.688 E728.91589
G1 F3900 E725.41589
G0 F12000 X109.481 Y118.761
G1 F3900 E728.91589
G0 F12000 X109.536 Y118.844
G1 F3522.2 X109.334 Y118.759 E728.92136
G1 X108.933 Y118.459 E728.93385
G1 X108.672 Y118.089 E728.94514
G1 X108.665 Y116.356 E728.98837
G1 X108.996 Y116.281 E728.99684
G1 X109.359 Y116.297 E729.0059
G1 X109.535 Y116.343 E729.01044
G1 X109.536 Y118.844 E729.07283
G0 F12000 X109.646 Y119.323
;TYPE:WALL-OUTER
G1 F1174.1 X109.134 Y119.109 E729.08667
G1 X108.65 Y118.747 E729.10175
G1 X108.309 Y118.305 E729.11567
G1 X108.272 Y118.129 E729.12016
G1 X108.264 Y116.037 E729.17235
G1 X108.962 Y115.879 E729.1902
G1 X109.417 Y115.899 E729.20156
G1 X109.924 Y116.032 E729.21463
G1 X109.935 Y116.036 E729.21493
G1 X109.936 Y119.245 E729.29497
G1 X109.902 Y119.302 E729.29663
G1 X109.646 Y119.323 E729.30304
G0 F12000 X109.443 Y118.341
G1 F3900 E725.80304
G1 F600 Z9.35
G0 F12000 X109.246 Y118.194 Z9.35
G0 X109.065 Y114.123
;TYPE:WALL-INNER
G1 F600 Z9.15
G1 F3900 E729.30304
G1 F3522.2 X109.064 Y105.877 E729.50874
G1 X109.136 Y105.877 E729.51053
G1 F3900 E726.01053
G0 F12000 X109.137 Y114.123
G1 F3900 E729.51053
G1 F3522.2 X109.065 Y114.123 E729.51233
G0 F12000 X108.665 Y114.55
G1 F3522.2 X108.664 Y105.45 E729.73933
G1 X108.789 Y105.477 E729.74252
G1 X109.412 Y105.477 E729.75806
G1 X109.536 Y105.45 E729.76122
G1 X109.537 Y114.55 E729.98822
G1 X109.412 Y114.523 E729.99141
G1 X108.789 Y114.523 E730.00696
G1 X108.665 Y114.55 E730.01012
G0 F12000 X108.273 Y115.044
;TYPE:WALL-OUTER
G1 F1174.1 X108.265 Y115.047 E730.01033
G1 X108.264 Y104.952 E730.26216
G1 X108.832 Y105.077 E730.27666
G1 X109.369 Y105.077 E730.29006
G1 X109.927 Y104.956 E730.3043
G1 X109.936 Y104.953 E730.30454
G1 X109.937 Y115.048 E730.55636
G1 X109.369 Y114.923 E730.57087
G1 X108.832 Y114.923 E730.58426
G1 X108.273 Y115.044 E730.59853
G0 F12000 X109.065 Y114.239
G1 F3900 E727.09853
G1 F600 Z9.35
G0 F12000 X109.065 Y114.123 Z9.35
G0 X109.066 Y103.314
;TYPE:WALL-INNER
G1 F600 Z9.15
G1 F3900 E730.59853
G1 F3522.2 X109.071 Y102.037 E730.63038
G1 X109.136 Y101.938 E730.63334
G1 F3900 E727.13334
G0 F12000 X109.136 Y103.314
G1 F3900 E730.63334
G1 F3522.2 X109.066 Y103.314 E730.63508
G0 F12000 X108.924 Y103.714
G1 F3522.2 X108.664 Y103.657 E730.64172
G1 X108.672 Y101.918 E730.6851
G1 X108.895 Y101.576 E730.69529
G1 X109.337 Y101.24 E730.70914
G1 X109.536 Y101.156 E730.71453
G1 X109.536 Y103.65 E730.77674
G1 X109.274 Y103.714 E730.78347
G1 X108.924 Y103.714 E730.7922
G0 F12000 X108.879 Y104.114
;TYPE:WALL-OUTER
G1 F1174.1 X108.391 Y104.007 E730.80466
G1 X108.265 Y103.962 E730.808
G1 X108.264 Y103.771 E730.81276
G1 X108.272 Y101.875 E730.86006
G1 X108.31 Y101.692 E730.86472
G1 X108.608 Y101.291 E730.87718
G1 X109.135 Y100.891 E730.89369
G1 X109.643 Y100.677 E730.90744
G1 X109.895 Y100.695 E730.91374
G1 X109.936 Y100.762 E730.9157
G1 X109.936 Y103.964 E730.99558
G1 X109.324 Y104.114 E731.01129
G1 X108.879 Y104.114 E731.02239
G0 F12000 X108.926 Y103.677
G0 X109.065 Y103.323
G1 F3900 E727.52239
G1 F600 Z9.35
G0 F12000 X109.065 Y103.314 Z9.35
G0 X128.887 Y114.688
;TYPE:WALL-INNER
G1 F600 Z9.15
G1 F3900 E731.02239
G1 F3522.2 X128.886 Y105.312 E731.25628
G1 X128.996 Y105.313 E731.25902
G1 X129 Y105.34 E731.2597
G1 F3900 E727.7597
G0 F12000 X128.901 Y105.347
G0 X128.922 Y114.599
G1 F3900 E731.2597
G0 F12000 X129 Y114.661
G1 F3522.2 X128.887 Y114.688 E731.2626
G0 F12000 X128.487 Y115.091
;TYPE:WALL-OUTER
G1 F1174.1 X128.486 Y104.908 E731.51662
G1 X129.076 Y104.914 E731.53134
G1 X129.207 Y104.944 E731.53469
G1 X129.3 Y105.016 E731.53762
G1 X129.374 Y105.148 E731.5414
G1 X129.4 Y105.305 E731.54537
G1 X129.4 Y114.694 E731.77958
G1 X129.371 Y114.861 E731.78381
G1 X129.302 Y114.981 E731.78726
G1 X129.187 Y115.063 E731.79078
G1 X129.079 Y115.086 E731.79354
G1 X128.487 Y115.091 E731.8083
G1 F3900 E728.3083
G1 F600 Z9.35
;MESH:NONMESH
G0 F12000 X109.423 Y119.043 Z9.35
;TIME_ELAPSED:1073.013185
;LAYER:60
;MESH:filament_filter_idig3d.stl
G0 X109.423 Y119.043 Z9.5
;TYPE:WALL-OUTER
G1 F600 Z9.3
G1 F3900 E731.8083
G1 F1800 X108.988 Y118.819 E731.82051
G1 X108.762 Y118.572 E731.82886
G1 X108.707 Y118.438 E731.83247
G1 X108.707 Y117.024 E731.86775
G1 X108.698 Y116.06 E731.89179
G1 X109.1 Y116.025 E731.90186
G1 X109.505 Y116.062 E731.91201
G1 X109.507 Y119.025 E731.98592
G1 X109.423 Y119.043 E731.98806
G0 F12000 X109.106 Y118.44
;TYPE:SKIN
G1 F3000 X109.106 Y118.157 E731.99641
G1 X109.102 Y116.456 E732.04662
G1 X109.232 Y116.303 E732.05255
G0 F12000 X109.105 Y116.429
G1 F3900 E728.55255
G1 F600 Z9.5
G0 F12000 X109.105 Y116.429 Z9.5
G0 X109.095 Y114.668
;TYPE:WALL-INNER
G1 F600 Z9.3
G1 F3900 E732.05255
G1 F5400 X109.094 Y105.329 E732.28551
G1 X109.103 Y105.329 E732.28574
G1 F3900 E728.78574
G0 F12000 X109.104 Y114.669
G1 F3900 E732.28574
G1 F5400 X109.095 Y114.668 E732.28596
G0 F12000 X108.975 Y115.062
;TYPE:WALL-OUTER
G1 F1800 X108.695 Y115.09 E732.29298
G1 X108.694 Y104.91 E732.54692
G1 X109.259 Y104.936 E732.56103
G1 X109.503 Y104.909 E732.56716
G1 X109.504 Y115.091 E732.82115
G1 X108.975 Y115.062 E732.83436
G0 F12000 X109.095 Y114.664
G1 F3900 E729.33436
G1 F600 Z9.5
G0 F12000 X109.095 Y114.664 Z9.5
G0 X109.098 Y103.574
;TYPE:WALL-INNER
G1 F600 Z9.3
G1 F3900 E732.83436
G1 F5400 X109.098 Y103.064 E732.84708
G1 X109.107 Y101.653 E732.88228
G1 F3900 E729.38228
G0 F12000 X109.105 Y103.573
G1 F3900 E732.88228
G1 F5400 X109.098 Y103.574 E732.88246
G0 F12000 X108.698 Y103.94
;TYPE:WALL-OUTER
G1 F1800 X108.698 Y103.062 E732.90436
G1 X108.706 Y101.576 E732.94143
G1 X108.801 Y101.351 E732.94752
G1 X109.221 Y101.032 E732.96068
G1 X109.48 Y100.944 E732.9675
G0 F12000 X109.508 Y101.039
G1 F1800 X109.505 Y103.937 E733.03979
G1 X109.1 Y103.975 E733.04994
G1 X108.698 Y103.94 E733.06001
G0 F12000 X109.098 Y103.67
G1 F3900 E729.56001
G1 F600 Z9.5
G0 F12000 X109.098 Y103.573 Z9.5
G0 X128.737 Y114.602
;TYPE:WALL-INNER
G1 F600 Z9.3
G1 F3900 E733.06001
G1 F5400 X128.736 Y105.4 E733.28955
G1 X129 Y105.427 E733.29617
G1 F3900 E729.79617
G0 F12000 X128.926 Y105.494
G0 X128.902 Y114.536
G1 F3900 E733.29617
G0 F12000 X129 Y114.55
G1 F5400 X128.985 Y114.6 E733.29747
G1 X128.737 Y114.602 E733.30366
G0 F12000 X128.337 Y115.004
;TYPE:WALL-OUTER
G1 F1800 X128.336 Y104.996 E733.55331
G1 X128.664 Y104.995 E733.56149
G1 X129.208 Y105.031 E733.57509
G1 X129.299 Y105.101 E733.57796
G1 X129.374 Y105.234 E733.58176
G1 X129.4 Y105.392 E733.58576
G1 X129.4 Y114.607 E733.81563
G1 X129.328 Y114.853 E733.82202
G1 X129.203 Y114.971 E733.82631
G1 X129.076 Y115 E733.82956
G1 X128.337 Y115.004 E733.84799
G1 F3900 E730.34799
G0 F12000 X128.807 Y114.532
G1 F3900 E733.84799
G0 F12000 X129.454 Y115.031
G1 F3900 E730.34799
G1 F600 Z9.5
G0 F12000 X109.24 Y114.912 Z9.5
;TYPE:SKIN
G1 F600 Z9.3
G1 F3900 E733.84799
G1 F1800 X109.353 Y114.799 E733.84839
G1 X109.353 Y114.658 E733.84874
G1 X109.103 Y114.908 E733.84963
G1 X109.1 Y114.907
G1 X108.967 Y114.911 E733.84996
G1 X108.957 Y114.912 E733.84998
G1 X109.353 Y114.516 E733.85138
G1 X109.353 Y114.375 E733.85173
G1 X108.844 Y114.883 E733.85353
G1 X108.844 Y114.742 E733.85388
G1 X109.353 Y114.233 E733.85567
G1 X109.353 Y114.092 E733.85603
G1 X108.844 Y114.6 E733.85782
G1 X108.844 Y114.459 E733.85817
G1 X109.353 Y113.95 E733.85997
G1 X109.353 Y113.809 E733.86032
G1 X108.844 Y114.317 E733.86211
G1 X108.844 Y114.176 E733.86246
G1 X109.353 Y113.668 E733.86426
G1 X109.353 Y113.526 E733.86461
G1 X108.844 Y114.035 E733.86641
G1 X108.844 Y113.893 E733.86676
G1 X109.353 Y113.385 E733.86856
G1 X109.353 Y113.243 E733.86891
G1 X108.844 Y113.752 E733.87071
G1 X108.844 Y113.61 E733.87106
G1 X109.353 Y113.102 E733.87285
G1 X109.353 Y112.961 E733.87321
G1 X108.844 Y113.469 E733.875
G1 X108.844 Y113.328 E733.87535
G1 X109.353 Y112.819 E733.87715
G1 X109.353 Y112.678 E733.8775
G1 X108.844 Y113.186 E733.87929
G1 X108.844 Y113.045 E733.87964
G1 X109.353 Y112.536 E733.88144
G1 X109.353 Y112.395 E733.88179
G1 X108.844 Y112.903 E733.88359
G1 X108.844 Y112.762 E733.88394
G1 X109.353 Y112.253 E733.88573
G1 X109.353 Y112.112 E733.88608
G1 X108.844 Y112.62 E733.88788
G1 X108.844 Y112.479 E733.88823
G1 X109.353 Y111.971 E733.89002
G1 X109.353 Y111.829 E733.89038
G1 X108.844 Y112.338 E733.89217
G1 X108.844 Y112.196 E733.89253
G1 X109.353 Y111.688 E733.89432
G1 X109.353 Y111.546 E733.89468
G1 X108.844 Y112.055 E733.89647
G1 X108.844 Y111.913 E733.89683
G1 X109.353 Y111.405 E733.89862
G1 X109.353 Y111.263 E733.89897
G1 X108.844 Y111.772 E733.90077
G1 X108.844 Y111.631 E733.90112
G1 X109.353 Y111.122 E733.90292
G1 X109.353 Y110.981 E733.90327
G1 X108.844 Y111.49 E733.90506
G1 X108.844 Y111.348 E733.90542
G1 X109.353 Y110.839 E733.90721
G1 X109.353 Y110.698 E733.90757
G1 X108.844 Y111.207 E733.90936
G1 X108.844 Y111.065 E733.90972
G1 X109.353 Y110.556 E733.91151
G1 X109.353 Y110.415 E733.91186
G1 X108.844 Y110.924 E733.91366
G1 X108.844 Y110.783 E733.91401
G1 X109.353 Y110.274 E733.91581
G1 X109.353 Y110.132 E733.91616
G1 X108.844 Y110.641 E733.91796
G1 X108.844 Y110.5 E733.91831
G1 X109.352 Y109.991 E733.9201
G1 X109.352 Y109.85 E733.92045
G1 X108.844 Y110.358 E733.92225
G1 X108.844 Y110.217 E733.9226
G1 X109.352 Y109.709 E733.92439
G1 X109.352 Y109.567 E733.92474
G1 X108.844 Y110.076 E733.92654
G1 X108.844 Y109.934 E733.92689
G1 X109.352 Y109.426 E733.92868
G1 X109.352 Y109.284 E733.92904
G1 X108.844 Y109.793 E733.93083
G1 X108.844 Y109.651 E733.93119
G1 X109.352 Y109.143 E733.93298
G1 X109.352 Y109.001 E733.93333
G1 X108.844 Y109.51 E733.93513
G1 X108.844 Y109.368 E733.93548
G1 X109.352 Y108.86 E733.93727
G1 X109.352 Y108.719 E733.93762
G1 X108.844 Y109.227 E733.93942
G1 X108.844 Y109.086 E733.93977
G1 X109.352 Y108.577 E733.94156
G1 X109.352 Y108.436 E733.94191
G1 X108.844 Y108.944 E733.94371
G1 X108.844 Y108.803 E733.94406
G1 X109.352 Y108.294 E733.94585
G1 X109.352 Y108.153 E733.9462
G1 X108.844 Y108.661 E733.948
G1 X108.844 Y108.52 E733.94835
G1 X109.352 Y108.011 E733.95014
G1 X109.352 Y107.87 E733.95049
G1 X108.844 Y108.378 E733.95228
G1 X108.843 Y108.238 E733.95263
G1 X109.352 Y107.729 E733.95443
G1 X109.352 Y107.587 E733.95478
G1 X108.843 Y108.096 E733.95658
G1 X108.843 Y107.955 E733.95693
G1 X109.352 Y107.446 E733.95873
G1 X109.352 Y107.304 E733.95908
G1 X108.843 Y107.813 E733.96088
G1 X108.843 Y107.672 E733.96123
G1 X109.352 Y107.163 E733.96302
G1 X109.352 Y107.022 E733.96338
G1 X108.843 Y107.531 E733.96517
G1 X108.843 Y107.389 E733.96553
G1 X109.352 Y106.88 E733.96732
G1 X109.352 Y106.739 E733.96767
G1 X108.843 Y107.248 E733.96947
G1 X108.843 Y107.106 E733.96982
G1 X109.352 Y106.597 E733.97162
G1 X109.352 Y106.456 E733.97197
G1 X108.843 Y106.965 E733.97377
G1 X108.843 Y106.824 E733.97412
G1 X109.352 Y106.314 E733.97591
G1 X109.352 Y106.173 E733.97627
G1 X108.843 Y106.682 E733.97806
G1 X108.843 Y106.541 E733.97841
G1 X109.352 Y106.032 E733.98021
G1 X109.352 Y105.89 E733.98056
G1 X108.843 Y106.399 E733.98236
G1 X108.843 Y106.258 E733.98271
G1 X109.352 Y105.749 E733.98451
G1 X109.352 Y105.607 E733.98486
G1 X108.843 Y106.116 E733.98666
G1 X108.843 Y105.975 E733.98701
G1 X109.352 Y105.466 E733.9888
G1 X109.352 Y105.324 E733.98916
G1 X108.843 Y105.834 E733.99096
G1 X108.843 Y105.692 E733.99131
G1 X109.352 Y105.183 E733.99311
G1 X109.352 Y105.078 E733.99337
G1 X109.313 Y105.081 E733.99346
G1 X108.843 Y105.551 E733.99512
G1 X108.843 Y105.409 E733.99548
G1 X109.164 Y105.088 E733.99661
G1 X109.1 Y105.09 E733.99677
G1 X109.023 Y105.088 E733.99696
G1 X108.843 Y105.268 E733.9976
G1 X108.843 Y105.126 E733.99795
G1 F3900 E730.49795
G1 F600 Z9.5
G0 F12000 X109.086 Y105.328 Z9.5
G0 X109.354 Y103.767
G1 F600 Z9.3
G1 F3900 E733.99795
G1 F1800 X109.354 Y103.626 E733.9983
G1 X109.156 Y103.823 E733.999
G1 X109.1 Y103.825 E733.99914
G1 X109.016 Y103.822 E733.99935
G1 X109.354 Y103.485 E734.00054
G1 X109.354 Y103.343 E734.00089
G1 X108.883 Y103.813 E734.00255
G1 X108.876 Y103.813 E734.00257
G1 X108.847 Y103.808 E734.00264
G1 X108.847 Y103.708 E734.00289
G1 X109.354 Y103.201 E734.00468
G1 X109.354 Y103.06 E734.00503
G1 X108.847 Y103.567 E734.00682
G1 X108.847 Y103.425 E734.00718
G1 X109.354 Y102.918 E734.00897
G1 X109.354 Y102.777 E734.00932
G1 X108.847 Y103.284 E734.01111
G1 X108.847 Y103.142 E734.01146
G1 X109.355 Y102.635 E734.01325
G1 X109.355 Y102.493 E734.0136
G1 X108.847 Y103.001 E734.0154
G1 X108.848 Y102.859 E734.01575
G1 X109.355 Y102.352 E734.01754
G1 X109.355 Y102.21 E734.01789
G1 X108.849 Y102.717 E734.01968
G1 X108.85 Y102.574 E734.02004
G1 X109.356 Y102.068 E734.02182
G1 X109.356 Y101.927 E734.02217
G1 X108.851 Y102.432 E734.02396
G1 X108.852 Y102.29 E734.02431
G1 X109.356 Y101.785 E734.02609
G1 X109.356 Y101.643 E734.02644
G1 X108.852 Y102.147 E734.02822
G1 X108.853 Y102.005 E734.02858
G1 X109.356 Y101.502 E734.03035
G1 X109.356 Y101.36 E734.0307
G1 X108.854 Y101.863 E734.03248
G1 X108.855 Y101.72 E734.03283
G1 X109.356 Y101.219 E734.0346
G1 X109.357 Y101.136 E734.03481
G1 X109.341 Y101.143 E734.03485
G1 X109.289 Y101.165 E734.03499
G1 X109.236 Y101.198 E734.03515
G1 X108.882 Y101.552 E734.0364
G1 F3900 E730.5364
G1 F600 Z9.5
G0 F12000 X109.108 Y101.648 Z9.5
G0 X109.1 Y116.174
G1 F600 Z9.3
G1 F3900 E734.0364
G1 F1800 X109.109 Y116.174 E734.03642
G1 X108.852 Y116.431 E734.03733
G1 X108.854 Y116.571 E734.03768
G1 X109.245 Y116.18 E734.03905
G1 X109.325 Y116.186 E734.03926
G1 X109.355 Y116.19 E734.03933
G1 X109.355 Y116.211 E734.03938
G1 X108.854 Y116.712 E734.04115
G1 X108.856 Y116.852 E734.0415
G1 X109.355 Y116.353 E734.04326
G1 X109.355 Y116.494 E734.04361
G1 X108.856 Y116.992 E734.04537
G1 X108.856 Y117.022 E734.04545
G1 X108.856 Y117.134 E734.04572
G1 X109.355 Y116.635 E734.04748
G1 X109.355 Y116.777 E734.04784
G1 X108.856 Y117.275 E734.0496
G1 X108.856 Y117.417 E734.04995
G1 X109.355 Y116.918 E734.05171
G1 X109.355 Y117.06 E734.05207
G1 X108.856 Y117.558 E734.05383
G1 X108.856 Y117.7 E734.05418
G1 X109.355 Y117.201 E734.05594
G1 X109.355 Y117.342 E734.05629
G1 X108.856 Y117.841 E734.05805
G1 X108.856 Y117.982 E734.0584
G1 X109.355 Y117.484 E734.06016
G1 X109.356 Y117.625 E734.06051
G1 X108.856 Y118.124 E734.06228
G1 X108.856 Y118.265 E734.06263
G1 X109.356 Y117.766 E734.06439
G1 X109.356 Y117.907 E734.06474
G1 X108.856 Y118.407 E734.06651
G1 X108.856 Y118.408
G1 X108.898 Y118.506 E734.06677
G1 X109.356 Y118.049 E734.06839
G1 X109.356 Y118.19 E734.06874
G1 X108.958 Y118.588 E734.07014
G1 X109.033 Y118.654 E734.07039
G1 X109.356 Y118.332 E734.07153
G1 X109.356 Y118.473 E734.07188
G1 X109.11 Y118.718 E734.07275
G1 X109.198 Y118.772 E734.073
G1 X109.356 Y118.615 E734.07356
G1 X109.356 Y118.756 E734.07391
G1 X109.284 Y118.827 E734.07416
G1 F3900 E730.57416
G0 F12000 X108.852 Y116.29
G1 F3900 E734.07416
G1 F1800 X108.963 Y116.179 E734.07455
G1 X108.965 Y116.179
G1 X109.1 Y116.174 E734.07489
G1 F3900 E730.57489
G1 F600 Z9.5
;MESH:NONMESH
G0 F12000 X109.105 Y116.425 Z9.5
G0 X128.587 Y114.517
;TIME_ELAPSED:1082.343423
;LAYER:61
;MESH:filament_filter_idig3d.stl
G0 X128.587 Y114.517 Z9.65
;TYPE:WALL-INNER
G1 F600 Z9.45
G1 F3900 E734.07489
G1 F1800 X128.586 Y105.483 E734.30025
G1 X129 Y105.513 E734.3106
G1 X129 Y114.486 E734.53443
G1 X128.587 Y114.517 E734.54476
G0 F12000 X128.187 Y114.918
;TYPE:WALL-OUTER
G1 F600 X128.186 Y105.083 E734.7901
G1 X128.815 Y105.083 E734.80579
G1 X129.207 Y105.116 E734.8156
G1 X129.299 Y105.187 E734.8185
G1 X129.374 Y105.32 E734.82231
G1 X129.4 Y105.478 E734.8263
G1 X129.4 Y114.521 E735.05188
G1 X129.371 Y114.689 E735.05614
G1 X129.302 Y114.809 E735.05959
G1 X129.203 Y114.885 E735.0627
G1 X128.817 Y114.916 E735.07236
G1 X128.187 Y114.918 E735.08808
G0 F12000 X128.6 Y114.224
G1 F3900 E731.58808
;MESH:NONMESH
G0 F600 X128.6 Y114.224 Z9.6
G0 F12000 X128.437 Y114.43
;TIME_ELAPSED:1085.500990
;LAYER:62
;TYPE:WALL-INNER
;MESH:filament_filter_idig3d.stl
G1 F3900 E735.08808
G1 F1800 X128.436 Y105.571 E735.30907
G1 X128.937 Y105.57 E735.32156
G1 X128.985 Y105.576 E735.32277
G1 X129 Y105.634 E735.32426
G1 X129 Y114.368 E735.54214
G1 X128.987 Y114.423 E735.54354
G1 X128.944 Y114.429 E735.54463
G1 X128.437 Y114.43 E735.55728
G0 F12000 X128.037 Y114.83
;TYPE:WALL-OUTER
G1 F600 X128.036 Y105.171 E735.79822
G1 X128.964 Y105.17 E735.82137
G1 X129.205 Y105.201 E735.82743
G1 X129.337 Y105.34 E735.83221
G1 X129.4 Y105.586 E735.83855
G1 X129.4 Y114.418 E736.05886
G1 X129.343 Y114.652 E736.06487
G1 X129.205 Y114.797 E736.06986
G1 X128.967 Y114.829 E736.07585
G1 X128.037 Y114.83 E736.09905
G1 F3900 E732.59905
G0 F12000 X128.507 Y114.36
G0 X128.717 Y114.009
;TYPE:SKIN
G1 F3900 E736.09905
G1 F1000 X128.717 Y113.726 E736.1021
G1 X128.717 Y106.089 E736.18424
G1 X128.74 Y105.83 E736.18704
G0 F12000 X128.837 Y105.972
G1 F3900 E732.68704
;MESH:NONMESH
G0 F600 X128.837 Y105.972 Z9.75
G0 F12000 X128.537 Y114.337
G1 F3900 E736.18704
G0 F12000 X128.287 Y114.337
;TIME_ELAPSED:1089.348250
;LAYER:63
G1 F3900 E732.68704
;TYPE:WALL-INNER
;MESH:filament_filter_idig3d.stl
G1 F3900 E736.18704
G1 F1800 X128.286 Y105.662 E736.40344
G1 X128.99 Y105.661 E736.421
G1 X129 Y105.723 E736.42257
G1 X129 Y114.279 E736.636
G1 X128.991 Y114.338 E736.63749
G1 X128.287 Y114.337 E736.65505
G0 F12000 X127.887 Y114.736
;TYPE:WALL-OUTER
G1 F600 X127.886 Y105.262 E736.89138
G1 X129.075 Y105.261 E736.92104
G1 X129.204 Y105.293 E736.92435
G1 X129.295 Y105.368 E736.9273
G1 X129.372 Y105.514 E736.93141
G1 X129.4 Y105.694 E736.93596
G1 X129.4 Y114.311 E737.15091
G1 X129.371 Y114.493 E737.15551
G1 X129.297 Y114.629 E737.15937
G1 X129.199 Y114.709 E737.16252
G1 X129.075 Y114.738 E737.1657
G1 X127.887 Y114.736 E737.19534
G0 F12000 X128.669 Y114.008
;TYPE:SKIN
G1 F1000 X128.642 Y113.752 E737.20058
G1 X128.642 Y106.116 E737.35618
G1 X128.55 Y105.925 E737.3605
G0 F12000 X128.6 Y105.992
G1 F3900 E733.8605
;MESH:NONMESH
G0 F600 X128.6 Y105.992 Z9.9
G0 F12000 X128.537 Y113.83
;TIME_ELAPSED:1093.037104
;LAYER:64
;TYPE:WALL-INNER
;MESH:filament_filter_idig3d.stl
G1 F3900 E737.3605
G1 F1800 X128.536 Y106.164 E737.55173
G1 X128.6 Y106.165 E737.55332
G1 F3900 E734.05332
G0 F12000 X128.6 Y113.831
G1 F3900 E737.55332
G1 F1800 X128.537 Y113.83 E737.5549
G0 F12000 X128.137 Y114.23
G1 F1800 X128.136 Y105.762 E737.76613
G1 X128.99 Y105.767 E737.78743
G1 X129 Y105.83 E737.78903
G1 X129 Y114.172 E737.99712
G1 X128.991 Y114.231 E737.99861
G1 X128.137 Y114.23 E738.01991
G0 F12000 X127.737 Y114.636
;TYPE:WALL-OUTER
G1 F600 X127.736 Y105.362 E738.25125
G1 X128.125 Y105.362 E738.26095
G1 X129.074 Y105.368 E738.28463
G1 X129.204 Y105.4 E738.28797
G1 X129.295 Y105.475 E738.29091
G1 X129.372 Y105.621 E738.29503
G1 X129.4 Y105.801 E738.29957
G1 X129.4 Y114.204 E738.50918
G1 X129.371 Y114.386 E738.51378
G1 X129.297 Y114.522 E738.51764
G1 X129.2 Y114.601 E738.52076
G1 X129.076 Y114.631 E738.52395
G1 X128.073 Y114.63 E738.54897
G1 X127.737 Y114.636 E738.55735
G0 F12000 X128.337 Y114.352
G1 F3900 E735.05735
;MESH:NONMESH
G0 F600 X128.337 Y114.352 Z10.05
G0 F12000 X128.392 Y113.723
;TIME_ELAPSED:1096.582120
;LAYER:65
;TYPE:WALL-INNER
;MESH:filament_filter_idig3d.stl
G1 F3900 E738.55735
G1 F1800 X128.392 Y113.31 E738.56765
G1 X128.388 Y106.271 E738.74324
G1 X128.6 Y106.272 E738.74853
G1 X128.6 Y113.723 E738.93439
G1 X128.392 Y113.723 E738.93958
G0 F12000 X127.991 Y114.128
G1 F1800 X127.993 Y113.31 E738.95999
G1 X127.989 Y110.207 E739.03739
G1 X127.988 Y105.868 E739.14563
G1 X128.99 Y105.875 E739.17063
G1 X129 Y105.937 E739.17219
G1 X129 Y114.065 E739.37495
G1 X128.991 Y114.124 E739.37643
G1 X128.335 Y114.123 E739.3928
G1 X127.991 Y114.128 E739.40138
G0 F12000 X127.59 Y114.535
;TYPE:WALL-OUTER
G1 F600 X127.593 Y113.31 E739.43194
G1 X127.589 Y110.208 E739.50932
G1 X127.588 Y105.465 E739.62763
G1 X129.076 Y105.476 E739.66475
G1 X129.204 Y105.507 E739.66804
G1 X129.295 Y105.582 E739.67098
G1 X129.372 Y105.728 E739.6751
G1 X129.4 Y105.908 E739.67964
G1 X129.4 Y114.097 E739.88392
G1 X129.371 Y114.279 E739.88851
G1 X129.297 Y114.415 E739.89238
G1 X129.2 Y114.494 E739.8955
G1 X129.077 Y114.524 E739.89865
G1 X128.338 Y114.523 E739.91709
G1 X127.59 Y114.535 E739.93575
G0 F12000 X128.272 Y113.723
G1 F3900 E736.43575
;MESH:NONMESH
G0 F600 X128.272 Y113.723 Z10.2
G0 F12000 X128.29 Y113.621
;TIME_ELAPSED:1100.136858
;LAYER:66
;TYPE:WALL-INNER
;MESH:filament_filter_idig3d.stl
G1 F3900 E739.93575
G1 F1800 X128.29 Y106.377 E740.11645
G1 X128.6 Y106.379 E740.12419
G1 F3900 E736.62419
G0 F12000 X128.599 Y113.616
G1 F3900 E740.12419
G1 F1800 X128.29 Y113.621 E740.13189
G0 F12000 X127.89 Y114.027
G1 F1800 X127.89 Y105.974 E740.33278
G1 X128.99 Y105.982 E740.36022
G1 X129 Y106.045 E740.36181
G1 X128.999 Y113.964 E740.55935
G1 X128.987 Y114.017 E740.56071
G1 X128.598 Y114.016 E740.57041
G1 X127.89 Y114.027 E740.58807
G0 F12000 X127.49 Y114.429
;TYPE:WALL-OUTER
G1 F600 X127.49 Y105.571 E740.80904
G1 X129.076 Y105.583 E740.8486
G1 X129.204 Y105.614 E740.85189
G1 X129.295 Y105.689 E740.85483
G1 X129.372 Y105.835 E740.85894
G1 X129.4 Y106.016 E740.86351
G1 X129.399 Y113.996 E741.06257
G1 X129.371 Y114.172 E741.06702
G1 X129.222 Y114.371 E741.07322
G1 X129.077 Y114.417 E741.07702
G1 X128.601 Y114.416 E741.08889
G1 X127.891 Y114.427 E741.1066
G1 X127.49 Y114.429 E741.11661
G0 F12000 X128.09 Y113.945
G1 F3900 E737.61661
;MESH:NONMESH
G0 F600 X128.09 Y113.945 Z10.35
G0 F12000 X128.244 Y113.514
;TIME_ELAPSED:1103.633770
;LAYER:67
;TYPE:WALL-INNER
;MESH:filament_filter_idig3d.stl
G1 F3900 E741.11661
G1 F1800 X128.255 Y109.776 E741.20985
G1 X128.248 Y108.209 E741.24894
G1 X128.245 Y106.486 E741.29192
G1 X128.6 Y106.487 E741.30078
G1 F3900 E737.80078
G0 F12000 X128.6 Y113.512
G1 F3900 E741.30078
G1 F1800 X128.244 Y113.514 E741.30966
G0 F12000 X127.843 Y113.917
G1 F1800 X127.855 Y109.776 E741.41296
G1 X127.848 Y108.211 E741.452
G1 X127.844 Y106.084 E741.50505
G1 X128.972 Y106.089 E741.53319
G1 X129 Y106.197 E741.53598
G1 X129 Y113.804 E741.72573
G1 X128.976 Y113.899 E741.72818
G1 X128.849 Y113.91 E741.73136
G1 X127.843 Y113.917 E741.75645
G0 F12000 X127.442 Y114.318
;TYPE:WALL-OUTER
G1 F600 X127.455 Y109.776 E741.86975
G1 X127.448 Y108.213 E741.90874
G1 X127.443 Y105.682 E741.97188
G1 X129.077 Y105.69 E742.01264
G1 X129.202 Y105.72 E742.01585
G1 X129.321 Y105.844 E742.02013
G1 X129.4 Y106.144 E742.02787
G1 X129.4 Y113.854 E742.2202
G1 X129.326 Y114.147 E742.22774
G1 X129.2 Y114.28 E742.23231
G1 X128.864 Y114.31 E742.24072
G1 X128.112 Y114.316 E742.25948
G1 X127.442 Y114.318 E742.27619
G0 F12000 X128.125 Y113.515
G1 F3900 E738.77619
;MESH:NONMESH
G0 F600 X128.125 Y113.515 Z10.5
G0 F12000 X128.238 Y113.401
;TIME_ELAPSED:1107.072992
;LAYER:68
;TYPE:WALL-INNER
;MESH:filament_filter_idig3d.stl
G1 F3900 E742.27619
G1 F1800 X128.237 Y106.598 E742.4459
G1 X128.6 Y106.599 E742.45495
G1 X128.6 Y113.402 E742.60892
G1 X128.238 Y113.401 E742.61795
G0 F12000 X127.838 Y113.801
G1 F1800 X127.837 Y106.198 E742.80761
G1 X128.984 Y106.199 E742.83622
G1 X129 Y106.306 E742.83892
G1 X129 Y113.692 E743.02316
G1 X128.985 Y113.79 E743.02564
G1 X128.875 Y113.802 E743.0284
G1 X127.838 Y113.801 E743.05426
G0 F12000 X127.438 Y114.201
;TYPE:WALL-OUTER
G1 F600 X127.437 Y105.798 E743.26388
G1 X129.074 Y105.799 E743.30471
G1 X129.197 Y105.832 E743.30789
G1 X129.292 Y105.916 E743.31105
G1 X129.371 Y106.077 E743.31553
G1 X129.4 Y106.275 E743.32052
G1 X129.4 Y113.724 E743.50633
G1 X129.369 Y113.931 E743.51156
G1 X129.292 Y114.084 E743.51583
G1 X129.196 Y114.169 E743.51903
G1 X128.901 Y114.202 E743.52643
G1 X127.438 Y114.201 E743.56293
G0 F12000 X128.238 Y113.52
G1 F3900 E740.06293
;MESH:NONMESH
G0 F600 X128.238 Y113.52 Z10.65
G0 F12000 X128.27 Y113.277
;TIME_ELAPSED:1110.462402
;LAYER:69
;TYPE:WALL-INNER
;MESH:filament_filter_idig3d.stl
G1 F3900 E743.56293
G1 F1800 X128.27 Y106.723 E743.72642
G1 X128.6 Y106.728 E743.73465
G1 F3900 E740.23465
G0 F12000 X128.6 Y113.274
G1 F3900 E743.73465
G1 F1800 X128.27 Y113.277 E743.74288
G0 F12000 X127.87 Y113.68
G1 F1800 X127.87 Y106.32 E743.92648
G1 X128.028 Y106.32 E743.93042
G1 X128.781 Y106.33 E743.9492
G1 X128.987 Y106.347 E743.95436
G1 X129 Y106.436 E743.9566
G1 X129 Y113.562 E744.13436
G1 X128.984 Y113.671 E744.13711
G1 X127.87 Y113.68 E744.1649
G0 F12000 X127.47 Y114.08
;TYPE:WALL-OUTER
G1 F600 X127.47 Y105.92 E744.36845
G1 X128.033 Y105.92 E744.3825
G1 X128.805 Y105.93 E744.40176
G1 X129.197 Y105.962 E744.41157
G1 X129.293 Y106.047 E744.41477
G1 X129.371 Y106.206 E744.41918
G1 X129.4 Y106.405 E744.4242
G1 X129.4 Y113.594 E744.60353
G1 X129.369 Y113.801 E744.60875
G1 X129.292 Y113.954 E744.61302
G1 X129.196 Y114.039 E744.61622
G1 X129.072 Y114.07 E744.61941
G1 X128.032 Y114.08 E744.64536
G1 X127.47 Y114.08 E744.65937
G0 F12000 X128.151 Y113.277
G1 F3900 E741.15937
;MESH:NONMESH
G0 F600 X128.151 Y113.277 Z10.8
G0 F12000 X128.349 Y113.147
;TIME_ELAPSED:1113.749957
;LAYER:70
;TYPE:WALL-INNER
;MESH:filament_filter_idig3d.stl
G1 F3900 E744.65937
G1 F1800 X128.348 Y109.557 E744.74893
G1 X128.351 Y108.267 E744.78111
G1 X128.349 Y106.857 E744.81628
G1 X128.6 Y106.86 E744.82254
G1 F3900 E741.32254
G0 F12000 X128.6 Y113.145
G1 F3900 E744.82254
G1 F1800 X128.349 Y113.147 E744.8288
G0 F12000 X127.949 Y113.55
G1 F1800 X127.948 Y109.556 E744.92843
G1 X127.951 Y108.267 E744.96059
G1 X127.949 Y106.451 E745.00589
G1 X128.539 Y106.46 E745.02061
G1 X128.985 Y106.458 E745.03173
G1 X129 Y106.564 E745.0344
G1 X129 Y113.432 E745.20573
G1 X128.984 Y113.542 E745.2085
G1 X127.949 Y113.55 E745.23432
G0 F12000 X127.549 Y113.953
;TYPE:WALL-OUTER
G1 F600 X127.548 Y109.555 E745.34403
G1 X127.551 Y108.267 E745.37616
G1 X127.549 Y106.046 E745.43156
G1 X127.731 Y106.047 E745.4361
G1 X128.541 Y106.06 E745.45631
G1 X129.073 Y106.058 E745.46958
G1 X129.197 Y106.092 E745.47279
G1 X129.294 Y106.177 E745.476
G1 X129.371 Y106.335 E745.48039
G1 X129.4 Y106.535 E745.48543
G1 X129.4 Y113.464 E745.65827
G1 X129.369 Y113.671 E745.66349
G1 X129.292 Y113.824 E745.66777
G1 X129.194 Y113.91 E745.67102
G1 X129.075 Y113.941 E745.67409
G1 X127.549 Y113.953 E745.71215
G0 F12000 X128.23 Y113.147
G1 F3900 E742.21215
;MESH:NONMESH
G0 F600 X128.23 Y113.147 Z10.95
G0 F12000 X128.485 Y113.016
;TIME_ELAPSED:1116.934918
;LAYER:71
;TYPE:WALL-INNER
;MESH:filament_filter_idig3d.stl
G1 F3900 E745.71215
G1 F1800 X128.486 Y106.991 E745.86245
G1 X128.6 Y106.99 E745.86529
G1 F3900 E742.36529
G0 F12000 X128.6 Y113.015
G1 F3900 E745.86529
G1 F1800 X128.485 Y113.016 E745.86816
G0 F12000 X128.085 Y113.419
G1 F1800 X128.086 Y106.589 E746.03854
G1 X128.273 Y106.592 E746.0432
G1 X128.984 Y106.588 E746.06094
G1 X129 Y106.702 E746.06381
G1 X129 Y113.297 E746.22832
G1 X128.984 Y113.412 E746.23122
G1 X128.085 Y113.419 E746.25364
G0 F12000 X127.685 Y113.822
;TYPE:WALL-OUTER
G1 F600 X127.686 Y106.182 E746.44423
G1 X128.275 Y106.192 E746.45892
G1 X129.073 Y106.188 E746.47883
G1 X129.197 Y106.222 E746.48203
G1 X129.296 Y106.31 E746.48534
G1 X129.37 Y106.461 E746.48953
G1 X129.4 Y106.676 E746.49495
G1 X129.4 Y113.323 E746.66076
G1 X129.37 Y113.538 E746.66617
G1 X129.292 Y113.694 E746.67052
G1 X129.194 Y113.78 E746.67378
G1 X129.075 Y113.811 E746.67684
G1 X127.685 Y113.822 E746.71152
G0 F12000 X128.366 Y113.016
G1 F3900 E743.21152
;MESH:NONMESH
G0 F600 X128.366 Y113.016 Z11.1
G0 F12000 X128.235 Y113.284
;TIME_ELAPSED:1119.993403
;LAYER:72
;TYPE:WALL-INNER
;MESH:filament_filter_idig3d.stl
G1 F3900 E746.71152
G1 F1800 X128.236 Y106.722 E746.87521
G1 X128.974 Y106.718 E746.89362
G1 X129 Y106.856 E746.89712
G1 X129 Y113.142 E747.05393
G1 X128.976 Y113.282 E747.05747
G1 X128.235 Y113.284 E747.07595
G0 F12000 X127.835 Y113.684
;TYPE:WALL-OUTER
G1 F600 X127.836 Y106.32 E747.25965
G1 X128.01 Y106.323 E747.26399
G1 X129.073 Y106.318 E747.29051
G1 X129.264 Y106.411 E747.29581
G1 X129.373 Y106.615 E747.30158
G1 X129.4 Y106.83 E747.30698
G1 X129.4 Y113.17 E747.46513
G1 X129.368 Y113.396 E747.47083
G1 X129.265 Y113.588 E747.47626
G1 X129.075 Y113.681 E747.48154
G1 X128.664 Y113.685 E747.49179
G1 X127.835 Y113.684 E747.51247
G1 F3900 E744.01247
G0 F12000 X128.305 Y113.214
G0 X128.536 Y112.98
;TYPE:SKIN
G1 F3900 E747.51247
G1 F1000 X128.616 Y112.777 E747.51762
G1 X128.616 Y107.12 E747.65099
G1 X128.748 Y106.969 E747.65572
G0 F12000 X128.6 Y107.12
G1 F3900 E744.15572
;MESH:NONMESH
G0 F600 X128.6 Y107.12 Z11.25
G0 F12000 X128.385 Y113.144
;TIME_ELAPSED:1123.062496
;LAYER:73
;TYPE:WALL-INNER
;MESH:filament_filter_idig3d.stl
G1 F3900 E747.65572
G1 F1800 X128.386 Y106.856 E747.81258
G1 X128.963 Y106.859 E747.82697
G1 X129.01 Y107.122 E747.83363
G1 X129.014 Y108.149 E747.85925
G1 X129.023 Y109.069 E747.8822
G1 X129.015 Y110.1 E747.90792
G1 X129.007 Y112.93 E747.97852
G1 X128.973 Y113.145 E747.98395
G1 X128.385 Y113.144 E747.99862
G0 F12000 X127.985 Y113.544
;TYPE:WALL-OUTER
G1 F600 X127.986 Y106.455 E748.17545
G1 X129.079 Y106.459 E748.20272
G1 X129.195 Y106.491 E748.20572
G1 X129.337 Y106.675 E748.21152
G1 X129.41 Y107.085 E748.2219
G1 X129.414 Y108.146 E748.24837
G1 X129.423 Y109.072 E748.27147
G1 X129.415 Y110.102 E748.29717
G1 X129.407 Y112.954 E748.36831
G1 X129.368 Y113.245 E748.37563
G1 X129.289 Y113.415 E748.38031
G1 X129.188 Y113.51 E748.38377
G1 X129.072 Y113.545 E748.38679
G1 X127.985 Y113.544 E748.41391
G0 F12000 X128.704 Y112.842
;TYPE:SKIN
G1 F1000 X128.695 Y112.568 E748.41808
G1 X128.697 Y107.475 E748.49553
G1 X128.692 Y107.198 E748.49975
G0 F12000 X128.785 Y107.124
G1 F3900 E744.99975
;MESH:NONMESH
G0 F600 X128.785 Y107.124 Z11.4
G0 F12000 X128.535 Y112.991
;TIME_ELAPSED:1125.855111
;LAYER:74
;TYPE:WALL-INNER
;MESH:filament_filter_idig3d.stl
G1 F3900 E748.49975
G1 F1800 X128.536 Y107.008 E748.64899
G1 X128.972 Y107.01 E748.65987
G1 X129.061 Y107.478 E748.67175
G1 X129.063 Y112.51 E748.79728
G1 X128.972 Y112.992 E748.80951
G1 X128.535 Y112.991 E748.82041
G0 F12000 X128.135 Y113.387
;TYPE:WALL-OUTER
G1 F600 X128.136 Y106.613 E748.98939
G1 X128.524 Y106.608 E748.99907
G1 X129.078 Y106.61 E749.01289
G1 X129.246 Y106.683 E749.01746
G1 X129.328 Y106.799 E749.021
G1 X129.424 Y107.141 E749.02986
G1 X129.461 Y107.456 E749.03778
G1 X129.463 Y112.542 E749.16465
G1 X129.381 Y113.053 E749.17756
G1 X129.291 Y113.261 E749.18321
G1 X129.19 Y113.357 E749.18669
G1 X129.071 Y113.392 E749.18978
G1 X128.525 Y113.391 E749.2034
G1 X128.135 Y113.387 E749.21313
G0 F12000 X128.778 Y112.655
;TYPE:SKIN
G1 F1000 X128.798 Y112.393 E749.21531
G1 X128.797 Y107.583 E749.25515
G1 X128.781 Y107.285 E749.25763
G0 F12000 X128.619 Y107.295
G1 F3900 E745.75763
;MESH:NONMESH
G0 F600 X128.619 Y107.295 Z11.55
G0 F12000 X128.635 Y107.295
G0 X128.685 Y112.829
;TIME_ELAPSED:1128.510007
;LAYER:75
;TYPE:WALL-INNER
;MESH:filament_filter_idig3d.stl
G1 F3900 E749.25763
G1 F1800 X128.686 Y107.168 E749.39884
G1 X128.988 Y107.163 E749.40637
G1 X129.144 Y107.637 E749.41882
G1 X129.183 Y107.885 E749.42508
G1 X129.184 Y112.111 E749.5305
G1 X129.112 Y112.532 E749.54116
G1 X128.996 Y112.816 E749.54881
G1 X128.685 Y112.829 E749.55657
G0 F12000 X128.285 Y113.226
;TYPE:WALL-OUTER
G1 F600 X128.286 Y106.773 E749.71755
G1 X129.08 Y106.762 E749.73735
G1 X129.263 Y106.854 E749.74246
G1 X129.381 Y107.033 E749.74781
G1 X129.535 Y107.551 E749.76129
G1 X129.583 Y107.853 E749.76892
G1 X129.584 Y112.144 E749.87596
G1 X129.498 Y112.644 E749.88861
G1 X129.332 Y113.053 E749.89963
G1 X129.186 Y113.206 E749.9049
G1 X128.75 Y113.23 E749.91579
G1 X128.285 Y113.226 E749.92739
G0 F12000 X128.717 Y112.441
G1 F3900 E746.42739
;MESH:NONMESH
G0 F600 X128.717 Y112.441 Z11.7
G0 F12000 X128.836 Y112.671
;TIME_ELAPSED:1130.654161
;LAYER:76
;TYPE:WALL-INNER
;MESH:filament_filter_idig3d.stl
G1 F3900 E749.92739
G1 F1800 X128.836 Y112.221 E749.93862
G1 X128.836 Y107.796 E750.049
G1 X128.836 Y107.331 E750.0606
G1 X129.013 Y107.33 E750.06502
G0 F12000 X129.286 Y107.87
G1 F1800 X129.332 Y108.144 E750.07195
G1 X129.332 Y111.843 E750.16422
G1 X129.258 Y112.189 E750.17304
G0 F12000 X129.013 Y112.656
G1 F1800 X128.836 Y112.671 E750.17748
G0 F12000 X128.436 Y113.066
;TYPE:WALL-OUTER
G1 F600 X128.436 Y106.934 E750.33044
G1 X129.089 Y106.929 E750.34673
G1 X129.197 Y106.957 E750.34951
G1 X129.317 Y107.054 E750.35336
G1 X129.557 Y107.489 E750.36575
G1 X129.672 Y107.756 E750.37301
G1 X129.732 Y108.114 E750.38206
G1 X129.732 Y111.885 E750.47613
G1 X129.639 Y112.317 E750.48715
G1 X129.407 Y112.817 E750.5009
G1 X129.206 Y113.039 E750.50837
G1 X128.877 Y113.072 E750.51662
G1 X128.436 Y113.066 E750.52762
G0 F12000 X129.036 Y112.786
G1 F3900 E747.02762
;MESH:NONMESH
G0 F600 X129.036 Y112.786 Z11.85
G0 F12000 X128.985 Y112.494
;TIME_ELAPSED:1132.688301
;LAYER:77
;TYPE:WALL-INNER
;MESH:filament_filter_idig3d.stl
G1 F3900 E750.52762
G1 F1800 X128.986 Y107.508 E750.652
G1 X129.064 Y107.508 E750.65394
G1 X129.297 Y107.817 E750.6636
G1 X129.432 Y108.12 E750.67187
G1 X129.473 Y108.361 E750.67797
G1 X129.474 Y111.629 E750.75949
G1 X129.426 Y111.89 E750.76611
G1 X129.229 Y112.284 E750.7771
G1 X129.037 Y112.495 E750.78422
G1 X128.985 Y112.494 E750.78551
G0 F12000 X128.585 Y112.893
;TYPE:WALL-OUTER
G1 F600 X128.586 Y107.111 E750.92975
G1 X129.13 Y107.107 E750.94332
G1 X129.248 Y107.139 E750.94637
G1 X129.408 Y107.274 E750.95159
G1 X129.648 Y107.62 E750.96209
G1 X129.817 Y108.002 E750.97251
G1 X129.873 Y108.328 E750.98076
G1 X129.874 Y111.664 E751.06398
G1 X129.808 Y112.02 E751.07301
G1 X129.567 Y112.502 E751.08645
G1 X129.311 Y112.811 E751.09646
G1 X129.122 Y112.895 E751.10162
G1 X128.585 Y112.893 E751.11502
G1 F3900 E747.61502
;MESH:NONMESH
G0 F600 X128.585 Y112.893 Z12
G0 F12000 X129.135 Y112.3
;TIME_ELAPSED:1134.596257
;LAYER:78
;TYPE:WALL-INNER
;MESH:filament_filter_idig3d.stl
G1 F3900 E751.11502
G1 F1800 X129.136 Y107.701 E751.22974
G1 X129.247 Y107.793 E751.23334
G1 X129.442 Y108.072 E751.24183
G1 X129.558 Y108.435 E751.25134
G1 X129.557 Y111.571 E751.32956
G1 X129.429 Y111.958 E751.33973
G1 X129.257 Y112.199 E751.34712
G1 X129.135 Y112.3 E751.35107
G0 F12000 X128.735 Y112.699
;TYPE:WALL-OUTER
G1 F600 X128.736 Y107.305 E751.48562
G1 X129.179 Y107.295 E751.49668
G1 X129.325 Y107.338 E751.50047
G1 X129.546 Y107.522 E751.50765
G1 X129.804 Y107.89 E751.51886
G1 X129.956 Y108.368 E751.53137
G1 X129.958 Y108.386 E751.53182
G1 X129.957 Y111.637 E751.61292
G1 X129.791 Y112.138 E751.62608
G1 X129.551 Y112.474 E751.63638
G1 X129.334 Y112.658 E751.64348
G1 X129.18 Y112.705 E751.6475
G1 X128.735 Y112.699 E751.6586
G1 F3900 E748.1586
;MESH:NONMESH
G0 F600 X128.735 Y112.699 Z12.15
G0 F12000 X129.286 Y112.052
;TIME_ELAPSED:1136.387723
;LAYER:79
;TYPE:WALL-INNER
;MESH:filament_filter_idig3d.stl
G1 F3900 E751.6586
G1 F1800 X129.286 Y111.516 E751.67197
G1 X129.286 Y108.488 E751.7475
G1 X129.286 Y107.958 E751.76072
G1 F3900 E748.26072
G0 F12000 X129.384 Y111.967
G1 F3900 E751.76072
G1 F1800 X129.286 Y112.052 E751.76396
G0 F12000 X128.886 Y112.503
;TYPE:WALL-OUTER
G1 F600 X128.886 Y107.498 E751.88881
G1 X129.255 Y107.497 E751.89801
G1 X129.497 Y107.601 E751.90458
G1 X129.771 Y107.883 E751.91439
G1 X129.935 Y108.152 E751.92225
G1 X129.991 Y108.453 E751.92989
G1 X129.992 Y111.558 E752.00734
G1 X129.929 Y111.863 E752.01511
G1 X129.691 Y112.23 E752.02602
G1 X129.447 Y112.442 E752.03409
G1 X129.257 Y112.503 E752.03906
G1 X128.886 Y112.503 E752.04832
G1 F3900 E748.54832
;MESH:NONMESH
G0 F600 X128.886 Y112.503 Z12.3
G0 F12000 X129.436 Y111.78
;TIME_ELAPSED:1138.108517
;LAYER:80
;TYPE:WALL-INNER
;MESH:filament_filter_idig3d.stl
G1 F3900 E752.04832
G1 F1800 X129.436 Y108.215 E752.13725
G1 X129.577 Y108.445 E752.14398
G1 X129.592 Y108.57 E752.14712
G1 F3900 E748.64712
G0 F12000 X129.592 Y111.403
G1 F3900 E752.14712
G1 F1800 X129.524 Y111.672 E752.15404
G1 X129.436 Y111.78 E752.15752
G0 F12000 X129.036 Y112.271
;TYPE:WALL-OUTER
G1 F600 X129.036 Y107.733 E752.27072
G1 X129.369 Y107.723 E752.27903
G1 X129.574 Y107.796 E752.28445
G1 X129.816 Y108.024 E752.29275
G1 X129.966 Y108.33 E752.30125
G1 X129.992 Y108.547 E752.3067
G1 X129.992 Y111.454 E752.37922
G1 X129.89 Y111.856 E752.38956
G1 X129.684 Y112.11 E752.39772
G1 X129.57 Y112.207 E752.40145
G1 X129.371 Y112.278 E752.40673
G1 X129.036 Y112.271 E752.41508
G1 F3900 E748.91508
;MESH:NONMESH
G0 F600 X129.036 Y112.271 Z12.45
G0 F12000 X129.186 Y112.021
;TIME_ELAPSED:1139.707766
;LAYER:81
;TYPE:WALL-OUTER
;MESH:filament_filter_idig3d.stl
G1 F3900 E752.41508
G1 F600 X129.185 Y107.978 E752.51594
G1 X129.498 Y107.977 E752.52374
G1 X129.694 Y108.057 E752.52903
G1 X129.893 Y108.311 E752.53707
G1 X129.945 Y108.596 E752.5443
G1 X129.944 Y111.404 E752.61435
G1 X129.86 Y111.759 E752.62345
G1 X129.695 Y111.941 E752.62958
G1 X129.502 Y112.022 E752.6348
G1 X129.186 Y112.021 E752.64268
G0 F12000 X129.571 Y111.693
;TYPE:SKIN
G1 F1000 X129.564 Y111.417 E752.64932
G1 X129.548 Y108.605 E752.71693
G1 X129.494 Y108.376 E752.72258
G0 F12000 X129.52 Y108.498
G1 F3900 E749.22258
;MESH:NONMESH
G0 F600 X129.52 Y108.498 Z12.6
G0 F12000 X129.336 Y111.717
;TIME_ELAPSED:1141.093892
;LAYER:82
;TYPE:WALL-OUTER
;MESH:filament_filter_idig3d.stl
G1 F3900 E752.72258
G1 F600 X129.336 Y108.283 E752.80824
G1 X129.624 Y108.282 E752.81543
G1 X129.743 Y108.336 E752.81869
G1 X129.842 Y108.562 E752.82484
G1 X129.861 Y108.715 E752.82869
G1 X129.861 Y111.281 E752.8927
G1 X129.739 Y111.66 E752.90263
G1 X129.619 Y111.718 E752.90595
G1 X129.336 Y111.717 E752.91301
G0 F12000 X129.414 Y111.369
G1 F3900 E749.41301
;MESH:NONMESH
G0 F600 X129.414 Y111.369 Z12.75
G0 F12000 X129.639 Y111.232
;TIME_ELAPSED:1142.077868
;LAYER:83
;TYPE:WALL-OUTER
;MESH:filament_filter_idig3d.stl
G1 F3900 E752.91301
G1 F600 X129.633 Y111.281 E752.91425
G1 X129.527 Y111.282 E752.91689
G1 X129.526 Y108.718 E752.98085
G1 X129.645 Y108.719 E752.98382
G1 X129.674 Y108.882 E752.98795
G1 F3900 E749.48795
G0 F12000 X129.575 Y108.89
G0 X129.573 Y111.101
G1 F3900 E752.98795
G0 F12000 X129.672 Y111.114
G1 F600 X129.639 Y111.232 E752.991
;TIME_ELAPSED:1142.649099
G1 F3900 E749.491
M140 S0
M107
M107 ; DESLIGA FAN
G1 X-8
G1 Y100
G1 Z240
M104 S0 ; DESLIGA AQUECIMENTO BICO
M140 S0 ; DESLIGA AQUECIMENTO MESA
M84 ; DESLIGA MOTORES
M300 S4 P1000 ; GERA BEEP
M82 ;absolute extrusion mode
M104 S0
;End of Gcode
;SETTING_3 {"global_quality": "[general]\\nversion = 4\\nname = Cura ABS Qmedia\
;SETTING_3 \ndefinition = custom\\n\\n[metadata]\\nquality_type = not_supported\
;SETTING_3 \nsetting_version = 19\\ntype = quality_changes\\n\\n[values]\\nadhes
;SETTING_3 ion_type = skirt\\nlayer_height = 0.15\\nmaterial_bed_temperature = 1
;SETTING_3 00\\nretraction_combing = all\\nsupport_enable = True\\ntravel_retrac
;SETTING_3 t_before_outer_wall = True\\n\\n", "extruder_quality": ["[general]\\n
;SETTING_3 version = 4\\nname = Cura ABS Qmedia\\ndefinition = custom\\n\\n[meta
;SETTING_3 data]\\nquality_type = not_supported\\nposition = 0\\nsetting_version
;SETTING_3  = 19\\nintent_category = default\\ntype = quality_changes\\n\\n[valu
;SETTING_3 es]\\nbottom_layers = 6\\nbrim_width = 3\\ncool_fan_enabled = True\\n
;SETTING_3 cool_fan_full_layer = 3\\ncool_fan_speed = 60\\ncool_lift_head = Fals
;SETTING_3 e\\ncool_min_layer_time = 5\\ncool_min_layer_time_fan_speed_max = 45\
;SETTING_3 \ncool_min_speed = 10\\nfill_outline_gaps = True\\nfilter_out_tiny_ga
;SETTING_3 ps = True\\ninfill_line_width = 0.48\\ninfill_material_flow = 100\\ni
;SETTING_3 nfill_overlap = 15\\ninfill_pattern = grid\\ninfill_randomize_start_l
;SETTING_3 ocation = True\\ninfill_sparse_density = 5\\ninfill_wall_line_count =
;SETTING_3  1\\ninitial_layer_line_width_factor = 130\\nironing_enabled = True\\
;SETTING_3 nironing_flow = 10\\nironing_inset = =(0.15) + skin_line_width * (1.0
;SETTING_3  - ironing_flow / 100) / 2\\nironing_line_spacing = 0.1\\nironing_onl
;SETTING_3 y_highest_layer = False\\nlayer_start_x = 0\\nlayer_start_y = 0\\nlin
;SETTING_3 e_width = 0.4\\nmaterial_final_print_temperature = 230\\nmaterial_flo
;SETTING_3 w = 100\\nmaterial_initial_print_temperature = 230\\nmaterial_print_t
;SETTING_3 emperature = 230\\nmaterial_print_temperature_layer_0 = 250\\nmin_inf
;SETTING_3 ill_area = 1\\nminimum_support_area = 0\\noptimize_wall_printing_orde
;SETTING_3 r = True\\nretract_at_layer_change = True\\nretraction_amount = 3.5\\
;SETTING_3 nretraction_combing_max_distance = 1\\nretraction_count_max = 60\\nre
;SETTING_3 traction_hop = 0.2\\nretraction_hop_enabled = True\\nretraction_min_t
;SETTING_3 ravel = 1\\nretraction_prime_speed = 65\\nretraction_retract_speed = 
;SETTING_3 65\\nroofing_layer_count = 2\\nskin_no_small_gaps_heuristic = False\\
;SETTING_3 nskin_overlap = 4\\nskirt_brim_minimal_length = 100\\nskirt_line_coun
;SETTING_3 t = 3\\nspeed_equalize_flow_enabled = False\\nspeed_equalize_flow_max
;SETTING_3  = 100\\nspeed_infill = 90\\nspeed_ironing = 30\\nspeed_print = 100\\
;SETTING_3 nspeed_support_bottom = 30\\nspeed_support_roof = 50\\nspeed_travel =
;SETTING_3  200\\nspeed_travel_layer_0 = 200\\nspeed_wall = 20\\nspeed_wall_0 = 
;SETTING_3 30\\nspeed_wall_x = 90\\nspeed_z_hop = 10\\nsupport_angle = 60.0\\nsu
;SETTING_3 pport_bottom_distance = 0.3\\nsupport_bottom_enable = False\\nsupport
;SETTING_3 _bottom_height = 0.3\\nsupport_brim_enable = True\\nsupport_brim_line
;SETTING_3 _count = 3\\nsupport_brim_width = 2\\nsupport_infill_rate = 20\\nsupp
;SETTING_3 ort_join_distance = 0.5\\nsupport_material_flow = 100\\nsupport_offse
;SETTING_3 t = 0.5\\nsupport_roof_density = 70\\nsupport_roof_enable = True\\nsu
;SETTING_3 pport_roof_height = 0.3\\nsupport_xy_distance_overhang = 0.6\\nsuppor
;SETTING_3 t_z_distance = 0.3\\ntop_bottom_pattern = zigzag\\ntop_bottom_thickne
;SETTING_3 ss = 1\\ntop_layers = 10\\ntravel_avoid_other_parts = False\\nwall_0_
;SETTING_3 material_flow = 100\\nwall_0_wipe_dist = 0\\nwall_line_count = 3\\nwa
;SETTING_3 ll_line_width = 0.4\\nwall_line_width_x = 0.4\\nwall_material_flow = 
;SETTING_3 100\\nwall_min_flow = 90\\nwall_min_flow_retract = True\\nwall_x_mate
;SETTING_3 rial_flow = 100\\nz_seam_corner = z_seam_corner_inner\\nz_seam_type =
;SETTING_3  back\\nz_seam_x = 100\\nz_seam_y = 200\\nzig_zaggify_infill = True\\
;SETTING_3 n\\n"]}
